date_mean_shift,date_var_shift,date_psi,day_mean_shift,day_var_shift,day_psi,period_mean_shift,period_var_shift,period_psi,nswprice_mean_shift,nswprice_var_shift,nswprice_psi,nswdemand_mean_shift,nswdemand_var_shift,nswdemand_psi,vicprice_mean_shift,vicprice_var_shift,vicprice_psi,vicdemand_mean_shift,vicdemand_var_shift,vicdemand_psi,transfer_mean_shift,transfer_var_shift,transfer_psi,mean_confidence,confidence_trend,batch_size,batch_id,ground_truth_drift_label,adwin_alarm,ddm_alarm,kswin_alarm
0.00016091999999999994,-5.992777600000002e-09,10.873895405314027,-3.08,-3.0688,11.840744686291952,0.005957446666666699,-0.0037400927866018258,0.008138087804070462,0.053739730000000006,0.001304152114104233,6.6925051251344225,0.06777544333333335,-0.00350880277978159,1.4765910648525755,-8.673617379884035e-19,-7.52316384526264e-37,0.0,-1.6653345369377348e-16,-2.7733391199176196e-32,0.0,-5.551115123125783e-17,-9.244463733058732e-33,0.0,0.9474631460491615,-0.0019643126490154726,50,0,0,0,1,0
0.0001614266666666666,-6.036619555555555e-09,10.750740712908714,-1.9133333333333336,-3.747955555555555,11.627498653617387,0.0059574399999999805,-0.003253354835069361,0.016293013323347077,0.06796544999999998,0.00029993742850583315,7.9475783948967385,0.09888124333333337,-0.003295067691261854,1.8480175003337542,-8.673617379884035e-19,-7.52316384526264e-37,0.0,-1.6653345369377348e-16,-2.7733391199176196e-32,0.0,-5.551115123125783e-17,-9.244463733058732e-33,0.0,0.9653705815165503,-0.0023216406830980285,50,1,0,0,1,0
0.0001610933333333333,-6.06752142222222e-09,10.629132172470355,-0.7466666666666666,-4.131555555555556,8.551184639174025,0.005957453333333362,-0.002766623550202227,0.011859276039690137,0.036362126666666675,-0.0005987505017964892,4.7249273087716555,0.0824471533333333,-0.005570864156417022,1.5885745535093587,-8.673617379884035e-19,-7.52316384526264e-37,0.0,-1.6653345369377348e-16,-2.7733391199176196e-32,0.0,-5.551115123125783e-17,-9.244463733058732e-33,0.0,0.8633484959891788,0.003053427820805696,50,2,0,0,0,0
0.00016078000000000007,-6.072587600000001e-09,10.509012164509295,0.4200000000000004,-4.2196,11.32449476866467,0.005957443333333257,-0.0022798840128563924,0.019261064424220296,0.016723266666666667,-0.0012439937903488886,5.081825910685972,0.09809234999999994,-0.003944488376796167,1.8531573344162546,-8.673617379884035e-19,-7.52316384526264e-37,0.0,-1.6653345369377348e-16,-2.7733391199176196e-32,0.0,-5.551115123125783e-17,-9.244463733058732e-33,0.0,0.8142799765331885,0.007030887870442693,50,3,0,0,0,0
0.0001610533333333334,-6.075709155555558e-09,10.390330475245275,1.586666666666667,-4.012088888888888,8.778467792034789,0.005957456666666638,-0.0017931497095504123,0.013824927203329495,0.004252833333333303,-0.00044527783021888864,3.096487281401692,0.02340079333333328,-0.0034349984161847515,0.2137771836710086,-8.673617379884035e-19,-7.52316384526264e-37,0.0,-1.6653345369377348e-16,-2.7733391199176196e-32,0.0,-5.551115123125783e-17,-9.244463733058732e-33,0.0,0.8333360311421272,-0.006093559316705655,50,4,0,0,0,0
0.00016137333333333346,-6.127883555555557e-09,10.273043783690419,2.753333333333334,-3.509022222222222,10.873895405314027,0.005957446666666644,-0.0013064119594402152,0.008138087804070462,-0.030055979999999982,-0.0016133341054558664,7.272275086702333,-0.10028068000000001,-0.005159404957952531,3.456253488192929,-8.673617379884035e-19,-7.52316384526264e-37,0.0,-1.6653345369377348e-16,-2.7733391199176196e-32,0.0,-5.551115123125783e-17,-9.244463733058732e-33,0.0,0.7644678635256984,0.003733861813208239,50,5,0,0,0,0
0.00016104000000000004,-6.153868800000003e-09,10.157115286519314,0.0,5.6,8.42196570704962,0.005957440000000036,-0.0008196767313125297,0.016293013323347077,-0.029248013333333336,-0.00033953656730035565,2.2878094740827066,-0.06809431666666665,-0.001493983849825721,0.657302918600803,-8.673617379884035e-19,-7.52316384526264e-37,0.0,-1.6653345369377348e-16,-2.7733391199176196e-32,0.0,-5.551115123125783e-17,-9.244463733058732e-33,0.0,0.9041092468934104,-0.0006806007638204159,50,6,0,0,0,0
0.00016075333333333324,-6.161203422222223e-09,10.042514455825009,-2.7533333333333334,-3.2887555555555554,11.095806734747933,0.005957433333333262,-0.00033294202516823135,0.011859276039690137,0.0009001399999999798,-0.0009542920340574665,1.9686698079938318,0.05090697333333333,-0.004082429326208092,0.3867463388189815,-8.673617379884035e-19,-7.52316384526264e-37,0.0,-1.6653345369377348e-16,-2.7733391199176196e-32,0.0,-5.551115123125783e-17,-9.244463733058732e-33,0.0,0.9312772108201927,-0.0020896420480178966,50,7,0,0,0,0
0.0001611866666666665,-6.162445155555554e-09,9.929216931765719,-1.5866666666666664,-3.8851555555555555,11.106531803743994,0.005957446666666755,0.0001537958185603011,0.019261064424220296,0.014958159999999998,-0.00033365669895333335,2.128543466654956,0.07188389333333334,-0.0043093127821150195,1.5408400155145998,-8.673617379884035e-19,-7.52316384526264e-37,0.0,-1.6653345369377348e-16,-2.7733391199176196e-32,0.0,-5.551115123125783e-17,-9.244463733058732e-33,0.0,0.9416695136611769,0.0015082834350820839,50,8,0,0,0,0
0.00016132000000000017,-6.217639999999997e-09,12.809960305588358,-0.4199999999999995,-4.186,11.14359165376915,0.0059574399999999805,0.0006405294126463901,0.013824927203329495,0.00209733333333334,0.0003596523906111112,3.838471118442575,0.05711694333333339,-0.00413637119316999,0.23770812035353883,-8.673617379884035e-19,-7.52316384526264e-37,0.0,-1.6653345369377348e-16,-2.7733391199176196e-32,0.0,-5.551115123125783e-17,-9.244463733058732e-33,0.0,0.9388428464716287,-0.0029133219245287387,50,9,0,0,0,0
0.00016098666666666686,-6.23870862222222e-09,9.70646559499729,0.7466666666666666,-4.191288888888888,11.207588655548218,0.005957453333333307,0.001127270263466304,0.008138087804070462,-0.027241363333333365,-0.0003047333257286554,5.946842540937318,0.04770504000000003,-0.005915629236213603,0.36859326863980246,-8.673617379884035e-19,-7.52316384526264e-37,0.0,-1.6653345369377348e-16,-2.7733391199176196e-32,0.0,-5.551115123125783e-17,-9.244463733058732e-33,0.0,0.8387416642118011,-0.0026495965878880192,50,10,0,0,0,0
0.00016072666666666646,-6.249066888888884e-09,9.596995100834572,1.913333333333333,-3.901022222222222,8.32686016465798,0.005957446666666533,0.0016140027454941974,0.016293013323347077,0.021601126666666692,1.7369684562444426e-05,0.8328083341942821,-0.038260916666666756,-0.003229093972513055,0.2894923377460621,-8.673617379884035e-19,-7.52316384526264e-37,0.0,-1.6653345369377348e-16,-2.7733391199176196e-32,0.0,-5.551115123125783e-17,-9.244463733058732e-33,0.0,0.8690608409892207,0.00010614781602354825,50,11,0,0,0,0
0.00016131999999999995,-6.252985600000003e-09,9.488795608532888,3.0799999999999996,-3.315200000000001,10.873895405314027,0.0059574400000000916,0.002100734705538662,0.011859276039690137,0.005762736666666643,-0.0007755257271551889,3.437276524655467,-0.12983787666666674,-0.0018630152062847904,3.109994840860625,-8.673617379884035e-19,-7.52316384526264e-37,0.0,-1.6653345369377348e-16,-2.7733391199176196e-32,0.0,-5.551115123125783e-17,-9.244463733058732e-33,0.0,0.907531824696693,0.003842202833594341,50,12,0,0,0,0
0.00016126666666666683,-6.305888888888886e-09,9.381878111860246,-1.96,2.3855999999999993,9.436709827058797,0.005957453333333307,0.0025874779733817826,0.019261064424220296,0.06931662666666667,0.0030068030336983112,2.7047153236621777,0.01384953333333333,0.004788496394912446,0.08991783248092244,-8.673617379884035e-19,-7.52316384526264e-37,0.0,-1.6653345369377348e-16,-2.7733391199176196e-32,0.0,-5.551115123125783e-17,-9.244463733058732e-33,0.0,0.9739233467683428,0.0007143794040681043,50,13,0,0,0,0
0.0001609333333333333,-6.322040888888892e-09,9.276263541507648,-2.4266666666666667,-3.661155555555556,11.095701503097896,0.005957443333333368,0.003074208523495617,0.013824927203329495,-0.039748846666666685,-0.0008789886088466227,2.406747144881339,0.058125546666666694,-0.003946956502013956,0.3651655402095645,-8.673617379884035e-19,-7.52316384526264e-37,0.0,-1.6653345369377348e-16,-2.7733391199176196e-32,0.0,-5.551115123125783e-17,-9.244463733058732e-33,0.0,0.8894761324299815,-0.0030956705588559134,50,14,0,0,0,0
0.00016069999999999995,-6.3361780000000034e-09,9.171984940447999,-1.2599999999999998,-4.1748,12.01339805129822,0.005957456666666694,0.003560954809777625,0.008138087804070462,-0.05310887666666667,-0.0025258556734425223,5.921987050795445,0.05055335333333333,-0.005947689889269019,0.29519943319777475,-8.673617379884035e-19,-7.52316384526264e-37,0.0,-1.6653345369377348e-16,-2.7733391199176196e-32,0.0,-5.551115123125783e-17,-9.244463733058732e-33,0.0,0.8637251227480577,-0.00019432689702090738,50,15,0,0,0,0
0.00016145333333333325,-6.347330488888892e-09,9.069090718046967,-0.09333333333333371,-4.392888888888889,12.316651597789352,0.005957446666666644,0.004047683572655766,0.016293013323347077,-0.03934485666666664,-0.002567388224544255,3.3712912940793736,0.05778285333333333,-0.006192806177653153,0.37822151910033813,-8.673617379884035e-19,-7.52316384526264e-37,0.0,-1.6653345369377348e-16,-2.7733391199176196e-32,0.0,-5.551115123125783e-17,-9.244463733058732e-33,0.0,0.875000257749643,-0.00039898715549587844,50,16,0,0,0,0
0.00016121333333333316,-6.392630222222223e-09,8.967649650163738,1.0733333333333333,-4.315422222222223,11.095701503097896,0.0059574399999999805,0.004534412809295452,0.011859276039690139,-0.04045846666666668,-0.002689744673716889,4.002751418040883,0.037514630000000104,-0.007831805919444967,0.21473859255540695,-8.673617379884035e-19,-7.52316384526264e-37,0.0,-1.6653345369377348e-16,-2.7733391199176196e-32,0.0,-5.551115123125783e-17,-9.244463733058732e-33,0.0,0.8516236933182215,0.0018868993371668249,50,17,0,0,0,1
0.0032156400000000005,-6.329523200000003e-09,12.149290417523787,2.2800000000000002,-3.904,10.873895405314027,-0.03489360666666663,0.0033523405910365622,0.019261064424220296,-0.02545660666666666,-0.002459497130195689,2.903668843780482,-0.08451252333333326,-0.009112897155588521,2.853003895328078,-8.673617379884035e-19,-7.52316384526264e-37,0.0,-1.6653345369377348e-16,-2.7733391199176196e-32,0.0,-5.551115123125783e-17,-9.244463733058732e-33,0.0,0.9107510480626817,-0.00037704911113484255,50,18,0,0,0,0
0.002706386666666666,-1.4192660478222226e-06,11.426621772256846,2.8799999999999994,-0.6208,8.823287615868907,-0.028085106666666693,0.0006057661591655217,0.015581077621694908,-0.017697603333333346,-0.0024609333692734553,2.5640988147169455,-0.13192597666666667,0.00022981255742894266,4.0325109417818155,-8.673617379884035e-19,-7.52316384526264e-37,0.0,-1.6653345369377348e-16,-2.7733391199176196e-32,0.0,-5.551115123125783e-17,-9.244463733058732e-33,0.0,0.9522858276497739,0.0032438879588359724,50,19,0,0,0,0
0.0021980000000000016,-2.2669408800000003e-06,11.306875227809128,-3.24,-3.1648000000000005,12.416117188334756,-0.021276603333333366,-0.0015150062405914488,0.019261064424220296,2.3643333333336902e-05,-0.00032727447377652226,5.403676344291071,0.0075393400000001165,0.0002870430121988052,0.25492463748619043,-8.673617379884035e-19,-7.52316384526264e-37,0.0,-1.6653345369377348e-16,-2.7733391199176196e-32,0.0,-5.551115123125783e-17,-9.244463733058732e-33,0.0,0.9928293054436399,-0.0006797216464418943,50,20,0,0,0,0
0.00168854,-2.5497382116e-06,11.190550001874938,-2.08,-3.808000000000001,8.80933637616706,-0.01446808000000005,-0.003009992594053046,0.013824927203329495,-0.007400663333333335,-0.0003074048358371889,11.004371103330215,0.026073049999999987,-0.0014332339539108382,0.278981467749249,-8.673617379884035e-19,-7.52316384526264e-37,0.0,-1.6653345369377348e-16,-2.7733391199176196e-32,0.0,-5.551115123125783e-17,-9.244463733058732e-33,0.0,0.9993645122876071,3.3023351235607516e-06,50,21,0,0,0,0
0.0011790799999999995,-2.2668355616000002e-06,11.078109735036216,-0.9199999999999999,-4.185599999999998,8.731584776801402,-0.007659576666666612,-0.003879157389164653,0.019238238576939,-0.007255489999999996,-0.00025207768956629997,4.127293705653038,0.034736239999999974,-0.0022220620588605314,0.3134309627553183,-8.673617379884035e-19,-7.52316384526264e-37,0.0,-1.6653345369377348e-16,-2.7733391199176196e-32,0.0,-5.551115123125783e-17,-9.244463733058732e-33,0.0,0.9994351136334371,-3.112546508545703e-06,50,22,0,0,0,0
0.0006700133333333341,-1.4190457278222226e-06,10.970672245686426,0.2400000000000002,-4.2976,11.960570427716501,-0.0008510533333334069,-0.00412253201883131,0.013605272596496812,-0.0018004166666666585,-0.0001327651820330556,4.575254192377641,0.059598846666666594,-0.0017285368875687539,1.647762477762011,-8.673617379884035e-19,-7.52316384526264e-37,0.0,-1.6653345369377348e-16,-2.7733391199176196e-32,0.0,-5.551115123125783e-17,-9.244463733058732e-33,0.0,0.9995485490129414,2.4630269425706e-06,50,23,0,0,0,0
0.0001614399999999988,-6.0135679999999865e-09,10.873895405314027,1.4000000000000004,-4.143999999999999,6.423233924930679,0.005957446666666699,-0.0037400927866018258,0.008138087804070462,0.0010120566666666705,-0.00017647076876345548,5.325547768261529,0.054420326666666685,0.001376981474809108,0.4072323184674571,-8.673617379884035e-19,-7.52316384526264e-37,0.0,-1.6653345369377348e-16,-2.7733391199176196e-32,0.0,-5.551115123125783e-17,-9.244463733058732e-33,0.0,0.9880338285204475,-0.0012326401475935638,50,24,0,0,0,0
0.00016110666666666659,-6.045699022222226e-09,10.750740712908714,2.566666666666667,-3.6882222222222216,10.873895405314027,0.0059574399999999805,-0.003253354835069361,0.016293013323347077,0.011699693333333344,0.00028115041881937765,5.532244636576872,-0.06367744666666664,-0.0003093297700644884,0.5279992439607782,-8.673617379884035e-19,-7.52316384526264e-37,0.0,-1.6653345369377348e-16,-2.7733391199176196e-32,0.0,-5.551115123125783e-17,-9.244463733058732e-33,0.0,0.9542036163131192,-0.0028370004758613973,50,25,0,0,0,0
0.00016078666666666588,-6.050316088888878e-09,10.629132172470355,1.1199999999999997,4.972800000000002,8.329378541390154,0.005957453333333362,-0.002766623550202227,0.011859276039690137,0.011650906666666655,0.0002022453384407111,5.063631590472778,-0.09057821999999993,-0.002331749930887337,0.7024769400194262,-8.673617379884035e-19,-7.52316384526264e-37,0.0,-1.6653345369377348e-16,-2.7733391199176196e-32,0.0,-5.551115123125783e-17,-9.244463733058732e-33,0.0,0.9837666241789984,-0.0009480370237149405,50,26,0,0,0,0
0.00016102000000000043,-6.05461960000001e-09,10.509012164509295,-2.94,-3.144400000000001,11.324494768664668,0.005957443333333257,-0.0022798840128563924,0.019261064424220296,0.02924555000000003,0.0009871932647551667,3.5189702792147557,0.01990930000000002,-0.0017761616039806659,0.5851543053680966,-8.673617379884035e-19,-7.52316384526264e-37,0.0,-1.6653345369377348e-16,-2.7733391199176196e-32,0.0,-5.551115123125783e-17,-9.244463733058732e-33,0.0,0.9769679099385772,-0.0008940431867683577,50,27,0,0,0,0
0.0001613866666666684,-6.1052088888889075e-09,10.390330475245275,-1.773333333333333,-3.7880888888888893,11.224210116342825,0.005957456666666638,-0.0017931497095504123,0.013824927203329495,0.033080636666666656,0.00022240653974054455,7.131761480043987,0.12891396333333333,0.0007140060767450752,2.94593324082422,-8.673617379884035e-19,-7.52316384526264e-37,0.0,-1.6653345369377348e-16,-2.7733391199176196e-32,0.0,-5.551115123125783e-17,-9.244463733058732e-33,0.0,0.9568647046920989,-0.001379302020112383,50,28,0,0,0,1
0.0001610533333333327,-6.132423288888896e-09,10.273043783690419,-0.6066666666666669,-4.136222222222222,8.591325662867565,0.005957446666666644,-0.0013064119594402152,0.008138087804070462,0.05684825000000002,0.0013841526255725,5.191228718615803,0.11420911666666667,-0.0019545571680650506,1.9421641962547638,-8.673617379884035e-19,-7.52316384526264e-37,0.0,-1.6653345369377348e-16,-2.7733391199176196e-32,0.0,-5.551115123125783e-17,-9.244463733058732e-33,0.0,0.8874398024225902,-0.0034938830269748296,50,29,0,0,1,0
0.00016076000000000024,-6.139119999999985e-09,10.157115286519314,0.5599999999999996,-4.1888,11.11138625762391,0.005957440000000036,-0.0008196767313125297,0.016293013323347077,0.032269306666666664,0.000742779127414044,4.916172317198466,0.09051871,-0.004629601628486437,1.5614471898669022,-8.673617379884035e-19,-7.52316384526264e-37,0.0,-1.6653345369377348e-16,-2.7733391199176196e-32,0.0,-5.551115123125783e-17,-9.244463733058732e-33,0.0,0.7943077738487024,-0.009545276314853066,50,30,0,1,0,0
0.00016115333333333298,-6.140404488888899e-09,10.042514455825009,1.7266666666666661,-3.945822222222223,8.448747535300729,0.005957433333333262,-0.00033294202516823135,0.011859276039690137,-0.0027905066666666645,-0.0009648590436296886,3.1422584442023727,0.011207966666666624,-0.006300519900413564,0.19095213940472427,-8.673617379884035e-19,-7.52316384526264e-37,0.0,-1.6653345369377348e-16,-2.7733391199176196e-32,0.0,-5.551115123125783e-17,-9.244463733058732e-33,0.0,0.7327842869486703,0.003766712824705614,50,31,0,0,0,1
0.0001613333333333345,-6.195342222222242e-09,9.929216931765719,2.893333333333333,-3.4072888888888895,10.873895405314027,0.005957446666666755,0.0001537958185603011,0.019261064424220296,-0.018642853333333348,-0.0006645327546907554,4.749826996562664,-0.09294946333333343,-0.0035184111861405257,2.916624468880436,-8.673617379884035e-19,-7.52316384526264e-37,0.0,-1.6653345369377348e-16,-2.7733391199176196e-32,0.0,-5.551115123125783e-17,-9.244463733058732e-33,0.0,0.899191192489105,-0.001697373498274664,50,32,0,0,0,0
0.00016099999999999882,-6.217640000000007e-09,12.809960305588358,-0.8399999999999999,4.894399999999997,10.92178555598528,0.0059574399999999805,0.0006405294126463901,0.013824927203329495,-0.02018457,-0.0012968778894423,3.2563922703833166,-0.02649214666666677,-0.002301628550849956,0.18339493734418344,-8.673617379884035e-19,-7.52316384526264e-37,0.0,-1.6653345369377348e-16,-2.7733391199176196e-32,0.0,-5.551115123125783e-17,-9.244463733058732e-33,0.0,0.8437098003356127,-0.001616325471336548,50,33,0,0,0,0
0.000160733333333332,-6.22717155555556e-09,9.70646559499729,-2.6133333333333333,-3.4296888888888897,11.095701503097896,0.005957453333333307,0.001127270263466304,0.008138087804070462,8.053333333331303e-05,-0.0009487672139368888,3.2187884829863367,0.007948483333333312,-0.006122133139020387,0.2292137170857712,-8.673617379884035e-19,-7.52316384526264e-37,0.0,-1.6653345369377348e-16,-2.7733391199176196e-32,0.0,-5.551115123125783e-17,-9.244463733058732e-33,0.0,0.7277499358382938,-0.007850062816910093,50,34,0,1,0,1
0.00016128666666666638,-6.229993822222192e-09,9.596995100834572,-1.4466666666666668,-3.990622222222222,11.299771632932728,0.005957446666666533,0.0016140027454941974,0.016293013323347077,-0.032102256666666676,-0.0010708630937210557,5.5992754146796075,0.017776966666666727,-0.006667570367978888,0.26147345748418205,-8.673617379884035e-19,-7.52316384526264e-37,0.0,-1.6653345369377348e-16,-2.7733391199176196e-32,0.0,-5.551115123125783e-17,-9.244463733058732e-33,0.0,0.8588815754880618,0.009403745258590892,50,35,0,0,0,0
0.00016128000000000062,-6.283967999999992e-09,9.488795608532888,-0.28000000000000025,-4.255999999999999,11.42220235265313,0.0059574400000000916,0.002100734705538662,0.011859276039690137,-0.03786863333333333,-0.0010929412260588887,9.073459284869251,0.01694188333333324,-0.0075497749434250624,0.3483966271503942,-8.673617379884035e-19,-7.52316384526264e-37,0.0,-1.6653345369377348e-16,-2.7733391199176196e-32,0.0,-5.551115123125783e-17,-9.244463733058732e-33,0.0,0.9686556675677422,-0.0008708904597841306,50,36,0,0,0,0
0.00016094666666666667,-6.30134915555555e-09,9.381878111860246,0.8866666666666663,-4.225822222222223,11.095701503097896,0.005957453333333307,0.0025874779733817826,0.019261064424220296,-0.028005230000000006,-0.0006839453845372334,6.436143639152203,0.02339183333333339,-0.006040947053352223,0.1786150537431143,-8.673617379884035e-19,-7.52316384526264e-37,0.0,-1.6653345369377348e-16,-2.7733391199176196e-32,0.0,-5.551115123125783e-17,-9.244463733058732e-33,0.0,0.9649990592576313,-0.00016411822661246403,50,37,0,0,0,0
0.0001607066666666655,-6.314470755555561e-09,9.276263541507648,2.0533333333333332,-3.9000888888888894,8.477356967248024,0.005957443333333368,0.003074208523495617,0.013824927203329495,-0.00014238666666667454,-0.00039907377100862224,0.9767616679077158,-0.060532646666666634,-0.005148674780913822,1.3496071507045495,-8.673617379884035e-19,-7.52316384526264e-37,0.0,-1.6653345369377348e-16,-2.7733391199176196e-32,0.0,-5.551115123125783e-17,-9.244463733058732e-33,0.0,0.744036548760362,-0.004636207145955444,50,38,0,0,0,0
0.0001614199999999998,-6.32338759999999e-09,9.171984940447999,3.2199999999999998,-3.278800000000001,10.873895405314027,0.005957456666666694,0.003560954809777625,0.008138087804070462,-0.004930493333333355,-0.0004111826491400889,4.371513652367203,-0.13214326000000004,0.001898700571359064,2.185239897214048,-8.673617379884035e-19,-7.52316384526264e-37,0.0,-1.6653345369377348e-16,-2.7733391199176196e-32,0.0,-5.551115123125783e-17,-9.244463733058732e-33,0.0,0.8265633261162273,-0.004911331575097394,50,39,0,0,0,0
0.0001612266666666676,-6.371086222222239e-09,9.069090718046967,-2.8000000000000003,-0.6720000000000006,10.441744951879437,0.005957446666666644,0.004047683572655766,0.016293013323347077,-0.009018646666666671,-0.000339005843987689,2.213099524633207,-0.006987999999999939,0.00310258218402,0.1183817302779415,-8.673617379884035e-19,-7.52316384526264e-37,0.0,-1.6653345369377348e-16,-2.7733391199176196e-32,0.0,-5.551115123125783e-17,-9.244463733058732e-33,0.0,0.9175649974950508,0.0002637371993143522,50,40,0,0,0,0
0.00016089333333333105,-6.3835507555555636e-09,8.967649650163738,-2.286666666666667,-3.8674222222222228,11.095701503097896,0.0059574399999999805,0.004534412809295452,0.011859276039690139,0.019990269999999997,8.418392157196668e-05,1.9058947200737977,0.07266243666666672,0.0006804233557574785,0.47349557037706813,-8.673617379884035e-19,-7.52316384526264e-37,0.0,-1.6653345369377348e-16,-2.7733391199176196e-32,0.0,-5.551115123125783e-17,-9.244463733058732e-33,0.0,0.7866339252192894,0.0003491263466158965,50,41,0,0,0,0
0.00016244000000000067,-6.326675200000002e-09,12.149290417523787,-1.08,-4.307200000000001,9.249382880729407,-0.03489360666666663,0.0033523405910365622,0.019261064424220296,0.027434560000000004,-8.104283346320007e-05,8.334865964733103,0.06460921000000003,-0.002211843854225227,0.47106868681819825,-8.673617379884035e-19,-7.52316384526264e-37,0.0,-1.6653345369377348e-16,-2.7733391199176196e-32,0.0,-5.551115123125783e-17,-9.244463733058732e-33,0.0,0.7290323329897432,0.0007869534184494489,50,42,0,0,0,1
0.00016206000000000033,-6.2674484e-09,11.426621772256846,0.08000000000000007,-4.4064000000000005,12.622819514404366,-0.028085106666666693,0.0006057661591655217,0.015581077621694908,0.011177046666666676,-0.00018941232307382222,5.656285084113319,0.0607865233333334,-0.005123492100804258,0.3028964527886617,-8.673617379884035e-19,-7.52316384526264e-37,0.0,-1.6653345369377348e-16,-2.7733391199176196e-32,0.0,-5.551115123125783e-17,-9.244463733058732e-33,0.0,0.731879224898625,0.001069748483252276,50,43,0,0,0,0
0.00016250666666666694,-6.207760355555568e-09,11.306875227809128,1.2400000000000002,-4.239999999999999,6.955462234719734,-0.021276603333333366,-0.0015150062405914488,0.019261064424220296,9.754333333335252e-05,-0.000171856572047989,2.153917581839831,0.03823120333333352,-0.0064836352753001245,0.3983610784442569,-8.673617379884035e-19,-7.52316384526264e-37,0.0,-1.6653345369377348e-16,-2.7733391199176196e-32,0.0,-5.551115123125783e-17,-9.244463733058732e-33,0.0,0.8233650668180655,6.169199517758364e-05,50,44,0,0,0,0
0.00016188000000000053,-6.1569360000000004e-09,11.190550001874938,2.4000000000000004,-3.8080000000000003,10.873895405314027,-0.01446808000000005,-0.003009992594053046,0.013824927203329495,0.004694489999999996,6.355085438783332e-05,0.9073712301565428,-0.08251613333333335,-0.0047482769897635516,2.5321831516743005,-8.673617379884035e-19,-7.52316384526264e-37,0.0,-1.6653345369377348e-16,-2.7733391199176196e-32,0.0,-5.551115123125783e-17,-9.244463733058732e-33,0.0,0.8534075277957264,0.0038209314715862935,50,45,0,0,0,0
0.0007809999999999996,1.5731176799999998e-06,11.078109735036216,2.1599999999999997,2.489600000000001,8.509778679017533,-0.007659576666666612,-0.003879157389164653,0.019238238576939,-0.01234949666666666,-0.00016374574829038888,2.63296662433431,-0.14784386333333344,-0.004196172415308789,3.0366439456730663,-8.673617379884035e-19,-7.52316384526264e-37,0.0,-1.6653345369377348e-16,-2.7733391199176196e-32,0.0,-5.551115123125783e-17,-9.244463733058732e-33,0.0,0.8798080820809316,0.0036873472533370463,50,46,0,1,0,0
0.0031556733333333326,-3.463837207555554e-07,10.970672245686426,-3.12,-3.0880000000000005,11.960570427716501,-0.0008510533333334069,-0.00412253201883131,0.013605272596496812,0.0050561633333333356,0.00011966134914934438,0.7174731460165559,0.04775315000000008,-0.0008403485701608295,0.2521565553159163,-8.673617379884035e-19,-7.52316384526264e-37,0.0,-1.6653345369377348e-16,-2.7733391199176196e-32,0.0,-5.551115123125783e-17,-9.244463733058732e-33,0.0,0.8742754495071865,0.0010239667495905399,50,47,0,0,0,0
0.0026388800000000006,-1.6815983487999998e-06,10.873895405314027,-1.9600000000000004,-3.7408,8.624122013063339,0.005957446666666699,-0.0037400927866018258,0.008138087804070462,-0.006843439999999992,-0.00015682942542453337,3.059726845302437,0.04827288333333346,-0.007254848399391722,0.33671636866497207,-8.673617379884035e-19,-7.52316384526264e-37,0.0,-1.6653345369377348e-16,-2.7733391199176196e-32,0.0,-5.551115123125783e-17,-9.244463733058732e-33,0.0,0.8193117971378981,0.002769286829060057,50,48,0,0,0,0
0.002122380000000001,-2.4361392163999997e-06,10.750740712908714,-0.7933333333333334,-4.136222222222223,8.577233545038052,0.0059574399999999805,-0.003253354835069361,0.016293013323347077,0.014113813333333336,0.0001037171406625778,4.535602284255177,0.08020626333333325,-0.006081440652857189,1.6181027783793116,-8.673617379884035e-19,-7.52316384526264e-37,0.0,-1.6653345369377348e-16,-2.7733391199176196e-32,0.0,-5.551115123125783e-17,-9.244463733058732e-33,0.0,0.8012701566162359,0.00041966720800867797,50,49,0,0,0,0
0.0016062533333333342,-2.6098922638222223e-06,10.629132172470355,0.3733333333333335,-4.236088888888888,11.457516202387595,0.005957453333333362,-0.002766623550202227,0.011859276039690137,0.014144480000000001,-0.00015675728539013328,5.7617909851156,0.06963114000000009,-0.005458023797823602,0.41655203394634666,-8.673617379884035e-19,-7.52316384526264e-37,0.0,-1.6653345369377348e-16,-2.7733391199176196e-32,0.0,-5.551115123125783e-17,-9.244463733058732e-33,0.0,0.7511070736421462,-0.0015266023858386964,50,50,0,0,0,1
0.0010904999999999986,-2.20374461e-06,10.509012164509295,1.5400000000000005,-4.0404,6.161830796558617,0.005957443333333257,-0.0022798840128563924,0.019261064424220296,-0.004741419999999982,0.0008726209971195997,7.115400218564095,0.00805661000000002,0.0014237005012764994,0.29155442209800586,-8.673617379884035e-19,-7.52316384526264e-37,0.0,-1.6653345369377348e-16,-2.7733391199176196e-32,0.0,-5.551115123125783e-17,-9.244463733058732e-33,0.0,0.9487715615908803,0.0016034019259803514,50,51,0,0,0,0
0.0005739999999999999,-1.2171012000000003e-06,10.390330475245275,2.706666666666667,-3.549155555555556,10.873895405314027,0.005957456666666638,-0.0017931497095504123,0.013824927203329495,-0.033221766666666645,-0.0005048039709202222,10.06508930946216,-0.12163043000000001,-0.006451919438794428,3.9870109342626145,-8.673617379884035e-19,-7.52316384526264e-37,0.0,-1.6653345369377348e-16,-2.7733391199176196e-32,0.0,-5.551115123125783e-17,-9.244463733058732e-33,0.0,0.9771807253067871,-0.0020504388846692145,50,52,0,0,0,0
0.00016076666666666774,-6.116989555555546e-09,10.273043783690419,0.28000000000000025,5.6112,8.369519565083694,0.005957446666666644,-0.0013064119594402152,0.008138087804070462,-0.027328926666666677,-0.00045780328798528894,5.724559514808627,-0.06872914666666669,-0.0006958503018896951,0.5331362872686173,-8.673617379884035e-19,-7.52316384526264e-37,0.0,-1.6653345369377348e-16,-2.7733391199176196e-32,0.0,-5.551115123125783e-17,-9.244463733058732e-33,0.0,0.9799420899953993,-0.001680171913445074,50,53,0,0,0,0
0.0001611200000000007,-6.118601599999999e-09,10.157115286519314,-2.8000000000000003,-3.2479999999999998,11.11138625762391,0.005957440000000036,-0.0008196767313125297,0.016293013323347077,0.02156459000000001,-8.622528881256663e-05,2.6180941829358684,0.08327132333333331,-0.003118725336677196,0.4163420224289091,-8.673617379884035e-19,-7.52316384526264e-37,0.0,-1.6653345369377348e-16,-2.7733391199176196e-32,0.0,-5.551115123125783e-17,-9.244463733058732e-33,0.0,0.8214775569682148,-0.006230641903509868,50,54,0,0,0,0
0.00016134666666666603,-6.172950222222224e-09,10.042514455825009,-1.6333333333333333,-3.856222222222222,11.095806734747935,0.005957433333333262,-0.00033294202516823135,0.011859276039690137,0.02935427000000003,-0.0002507141247747001,7.376853004427196,0.0708316733333334,-0.00517705273088849,0.3518778626701777,-8.673617379884035e-19,-7.52316384526264e-37,0.0,-1.6653345369377348e-16,-2.7733391199176196e-32,0.0,-5.551115123125783e-17,-9.244463733058732e-33,0.0,0.800945654031849,-0.00012291046456642626,50,55,0,0,0,1
0.0001610133333333312,-6.196477155555591e-09,9.929216931765719,-0.46666666666666634,-4.168888888888889,11.106531803743994,0.005957446666666755,0.0001537958185603011,0.019261064424220296,0.01614578333333333,0.00037023471273694465,5.0222089067022715,0.07471690999999991,-0.005493877423260168,0.39494153545300253,-8.673617379884035e-19,-7.52316384526264e-37,0.0,-1.6653345369377348e-16,-2.7733391199176196e-32,0.0,-5.551115123125783e-17,-9.244463733058732e-33,0.0,0.8366677487484244,-0.0004957014417782522,50,56,0,0,0,0
0.00016074000000000123,-6.205229199999986e-09,12.809960305588358,0.6999999999999997,-4.185999999999998,11.14359165376915,0.0059574399999999805,0.0006405294126463901,0.013824927203329495,-0.013678526666666663,-0.0007635230284855555,7.153366446174911,0.0743201166666666,-0.00708098487209706,0.32398975582213346,-8.673617379884035e-19,-7.52316384526264e-37,0.0,-1.6653345369377348e-16,-2.7733391199176196e-32,0.0,-5.551115123125783e-17,-9.244463733058732e-33,0.0,0.8850738934472784,-0.0006289832833664446,50,57,0,0,0,0
0.00016125333333333325,-6.207239822222225e-09,9.70646559499729,1.8666666666666663,-3.9075555555555557,8.32473182397126,0.005957453333333307,0.001127270263466304,0.008138087804070462,-0.002885479999999996,-0.0007111103587898668,6.6389022323502065,0.0023018533333334368,-0.0045493697201489,0.2604418954079845,-8.673617379884035e-19,-7.52316384526264e-37,0.0,-1.6653345369377348e-16,-2.7733391199176196e-32,0.0,-5.551115123125783e-17,-9.244463733058732e-33,0.0,0.8048738348427971,-0.0037701131243832917,50,58,0,0,0,0
0.000161293333333333,-6.261952888888888e-09,9.596995100834572,3.033333333333333,-3.3335555555555554,10.873895405314027,0.005957446666666533,0.0016140027454941974,0.016293013323347077,0.0033098366666666768,2.6067244697211122e-05,3.595380496014627,-0.09828872333333316,0.002917330304828006,0.3939114592800835,-8.673617379884035e-19,-7.52316384526264e-37,0.0,-1.6653345369377348e-16,-2.7733391199176196e-32,0.0,-5.551115123125783e-17,-9.244463733058732e-33,0.0,0.8062123001463835,-0.003929653165359953,50,59,0,0,0,0
0.00016096000000000166,-6.280563200000032e-09,9.488795608532888,-1.6800000000000002,3.1808000000000014,9.20611544151117,0.0059574400000000916,0.002100734705538662,0.011859276039690137,-0.005102783333333333,0.00010520277057494488,3.053650860049692,0.019653390000000104,0.007372365300574495,1.3729371204096443,-8.673617379884035e-19,-7.52316384526264e-37,0.0,-1.6653345369377348e-16,-2.7733391199176196e-32,0.0,-5.551115123125783e-17,-9.244463733058732e-33,0.0,0.9222324528209679,-0.0010737485195924405,50,60,0,0,0,0
0.00016071333333333299,-6.292716488888874e-09,9.381878111860246,-2.4733333333333336,-3.5986222222222217,11.095701503097896,0.005957453333333307,0.0025874779733817826,0.019261064424220296,0.020825999999999997,0.0002670917978200004,3.91072540186102,0.09044668666666666,0.00030596024863390955,0.6903398713808826,-8.673617379884035e-19,-7.52316384526264e-37,0.0,-1.6653345369377348e-16,-2.7733391199176196e-32,0.0,-5.551115123125783e-17,-9.244463733058732e-33,0.0,0.9013430306261696,0.0019926269790297327,50,61,0,0,0,0
0.00016138666666666752,-6.299682488888896e-09,9.276263541507648,-1.3066666666666666,-4.124088888888889,11.772397771504203,0.005957443333333368,0.003074208523495617,0.013824927203329495,0.019310396666666674,-0.0005472438261558554,4.849388126898734,0.08058216000000007,-0.004557764316322672,1.6222363109765066,-8.673617379884035e-19,-7.52316384526264e-37,0.0,-1.6653345369377348e-16,-2.7733391199176196e-32,0.0,-5.551115123125783e-17,-9.244463733058732e-33,0.0,0.896534338596914,0.001098505701944097,50,62,0,0,0,0
0.00016124,-6.349448e-09,9.171984940447999,-0.13999999999999968,-4.354,12.01339805129822,0.005957456666666694,0.003560954809777625,0.008138087804070462,0.007773530000000001,0.00021519368784983343,3.9474765235300535,0.025801846666666628,-0.011313179371493821,0.15739741161137563,-8.673617379884035e-19,-7.52316384526264e-37,0.0,-1.6653345369377348e-16,-2.7733391199176196e-32,0.0,-5.551115123125783e-17,-9.244463733058732e-33,0.0,0.9358279119016764,-0.0006825139147116961,50,63,0,0,0,0
0.0001609066666666669,-6.363141688888913e-09,9.069090718046967,1.0266666666666664,-4.2883555555555555,11.095701503097896,0.005957446666666644,0.004047683572655766,0.016293013323347077,-0.03162156666666666,-0.0004505982698748892,4.687952963184014,-0.014797633333333393,-0.01641189946396289,1.383345657847642,-8.673617379884035e-19,-7.52316384526264e-37,0.0,-1.6653345369377348e-16,-2.7733391199176196e-32,0.0,-5.551115123125783e-17,-9.244463733058732e-33,0.0,0.948793518792539,0.004114040491631137,50,64,0,1,0,0
0.00016068666666666648,-6.379451422222212e-09,8.967649650163738,2.1933333333333334,-3.9271555555555557,8.978352595279734,0.0059574399999999805,0.004534412809295452,0.011859276039690139,-0.03985141666666666,-0.0011475671243997225,8.486751625615529,-0.12944804666666676,-0.012827113200717031,2.9902654627458807,-8.673617379884035e-19,-7.52316384526264e-37,0.0,-1.6653345369377348e-16,-2.7733391199176196e-32,0.0,-5.551115123125783e-17,-9.244463733058732e-33,0.0,0.9875769633724986,0.00022823055526775767,50,65,0,0,0,0
0.00016328000000000002,-6.32158720000001e-09,12.149290417523787,3.1199999999999997,-1.888,9.027576782945536,-0.03489360666666663,0.0033523405910365622,0.019261064424220296,-0.03027297333333334,-0.0011572843677155557,6.255443530847796,-0.1607151066666666,-0.003121034424222756,3.0220359649457507,-8.673617379884035e-19,-7.52316384526264e-37,0.0,-1.6653345369377348e-16,-2.7733391199176196e-32,0.0,-5.551115123125783e-17,-9.244463733058732e-33,0.0,0.9508615279603692,0.0017872934565519656,50,66,0,0,0,0
0.0001626533333333336,-6.292945955555565e-09,11.426621772256846,-3.2800000000000002,-3.1968000000000005,12.622819514404366,-0.028085106666666693,0.0006057661591655217,0.015581077621694908,-0.02393710333333334,-0.000979372801168256,4.9617727247190055,0.003737999999999908,-0.001242903331613341,0.5059301461266488,-8.673617379884035e-19,-7.52316384526264e-37,0.0,-1.6653345369377348e-16,-2.7733391199176196e-32,0.0,-5.551115123125783e-17,-9.244463733058732e-33,0.0,0.9775704495480969,-0.0008186340865506199,50,67,0,0,0,0
0.00016202666666666546,-6.230947555555567e-09,11.306875227809128,-2.12,-3.8368,8.909880378198732,-0.021276603333333366,-0.0015150062405914488,0.019261064424220296,-0.018832370000000008,-0.0008619188955705665,2.7672430586688996,0.009151579999999826,-0.008377956239569998,0.1237228669373654,-8.673617379884035e-19,-7.52316384526264e-37,0.0,-1.6653345369377348e-16,-2.7733391199176196e-32,0.0,-5.551115123125783e-17,-9.244463733058732e-33,0.0,0.9713509231396725,0.0017745172391179763,50,68,0,0,0,0
0.00016170000000000247,-6.167049999999991e-09,11.190550001874938,-0.96,-4.211199999999999,8.80933637616706,-0.01446808000000005,-0.003009992594053046,0.013824927203329495,-0.009814133333333336,-0.0005761068619528889,1.6445694373610893,-0.009450603333333252,-0.004907112182467324,0.27703788127801404,-8.673617379884035e-19,-7.52316384526264e-37,0.0,-1.6653345369377348e-16,-2.7733391199176196e-32,0.0,-5.551115123125783e-17,-9.244463733058732e-33,0.0,0.9808027562526124,-6.697323059423408e-05,50,69,0,0,0,0
0.00016205333333333023,-6.1256291555555615e-09,11.078109735036216,0.20000000000000018,-4.32,12.093818543331803,-0.007659576666666612,-0.003879157389164653,0.019238238576939,0.014487863333333323,0.00029764807477641105,5.122052247977292,0.011297766666666653,-0.0028071246995962224,0.15249054641511467,-8.673617379884035e-19,-7.52316384526264e-37,0.0,-1.6653345369377348e-16,-2.7733391199176196e-32,0.0,-5.551115123125783e-17,-9.244463733058732e-33,0.0,0.8710746632753612,0.0007063304032608825,50,70,0,0,0,0
0.00016142666666666902,-6.082309155555577e-09,10.970672245686426,1.3600000000000003,-4.163199999999999,6.522421981896132,-0.0008510533333334069,-0.00412253201883131,0.013605272596496812,0.015980386666666666,0.00021199740996364459,1.191723927559,0.04617121333333335,0.004449633610137248,1.4892165163576112,-8.673617379884035e-19,-7.52316384526264e-37,0.0,-1.6653345369377348e-16,-2.7733391199176196e-32,0.0,-5.551115123125783e-17,-9.244463733058732e-33,0.0,0.8504512236276477,0.0014866139774411017,50,71,0,0,0,0
0.00016080000000000087,-6.0056319999999995e-09,10.873895405314027,2.5200000000000005,-3.7408,10.873895405314027,0.005957446666666699,-0.0037400927866018258,0.008138087804070462,0.0034286566666666685,7.465171058041115e-05,2.268747449615664,-0.08035605999999995,0.003121412359411598,1.3892418958979877,-8.673617379884035e-19,-7.52316384526264e-37,0.0,-1.6653345369377348e-16,-2.7733391199176196e-32,0.0,-5.551115123125783e-17,-9.244463733058732e-33,0.0,0.9220341389828995,0.00429214699437401,50,72,0,0,0,0
0.00016095333333333676,-6.0131538222222155e-09,10.750740712908714,1.4,4.535999999999999,8.355427447254183,0.0059574399999999805,-0.003253354835069361,0.016293013323347077,0.0053494433333333286,2.2345868586776943e-06,0.5159692973298203,-0.08222988333333336,-0.007227261510597719,1.608646357887056,-8.673617379884035e-19,-7.52316384526264e-37,0.0,-1.6653345369377348e-16,-2.7733391199176196e-32,0.0,-5.551115123125783e-17,-9.244463733058732e-33,0.0,0.9100170487802633,0.005171857487334958,50,73,0,0,0,0
0.00016141333333333577,-6.059576888888895e-09,10.629132172470355,-2.9866666666666664,-3.116088888888889,11.457516202387595,0.005957453333333362,-0.002766623550202227,0.011859276039690137,0.00161495666666666,1.3747477593444653e-06,4.3200079714099004,0.03669640000000007,-0.008072429867871999,0.16045871887393087,-8.673617379884035e-19,-7.52316384526264e-37,0.0,-1.6653345369377348e-16,-2.7733391199176196e-32,0.0,-5.551115123125783e-17,-9.244463733058732e-33,0.0,0.9074556322962282,-0.006075920464030568,50,74,0,0,0,0
0.00016108000000000094,-6.089249600000029e-09,10.509012164509295,-1.8199999999999998,-3.7716000000000007,11.324494768664668,0.005957443333333257,-0.0022798840128563924,0.019261064424220296,9.261333333333843e-05,-0.00015042612034088892,2.9065441155885767,0.0560298566666666,-0.006006549196634521,1.4173682225774267,-8.673617379884035e-19,-7.52316384526264e-37,0.0,-1.6653345369377348e-16,-2.7733391199176196e-32,0.0,-5.551115123125783e-17,-9.244463733058732e-33,0.0,0.868570953508935,0.0015182376066464917,50,75,0,0,0,0
0.0015040933333333346,2.3567513351111127e-06,10.390330475245275,-0.6533333333333338,-4.131555555555555,8.558503888106952,0.005957456666666638,-0.0017931497095504123,0.013824927203329495,-0.009988573333333334,-0.00015766895925795553,2.2219910120970083,0.02810425666666666,-0.00714855632168826,0.13328650781180956,-8.673617379884035e-19,-7.52316384526264e-37,0.0,-1.6653345369377348e-16,-2.7733391199176196e-32,0.0,-5.551115123125783e-17,-9.244463733058732e-33,0.0,0.9442612095205578,-0.0018108315949378353,50,76,0,0,0,0
0.0029901999999999984,-7.019562000000002e-07,10.273043783690419,0.5133333333333336,-4.195955555555555,11.153804064712933,0.005957446666666644,-0.0013064119594402152,0.008138087804070462,-0.005264863333333335,-0.00013186289427465555,3.291914028898217,0.016642430000000097,-0.008688106364490165,0.11789303806232286,-8.673617379884035e-19,-7.52316384526264e-37,0.0,-1.6653345369377348e-16,-2.7733391199176196e-32,0.0,-5.551115123125783e-17,-9.244463733058732e-33,0.0,0.933078651959201,0.00015888520828126107,50,77,0,0,0,0
0.0024816399999999985,-1.8652369568000003e-06,10.157115286519314,1.6799999999999997,-3.9648000000000003,8.53434725575484,0.005957440000000036,-0.0008196767313125297,0.016293013323347077,-0.008007373333333331,-0.00023970990373048889,4.57949159666621,-0.04924177333333324,-0.005201463877492624,1.4342553923869008,-8.673617379884035e-19,-7.52316384526264e-37,0.0,-1.6653345369377348e-16,-2.7733391199176196e-32,0.0,-5.551115123125783e-17,-9.244463733058732e-33,0.0,0.9566952133473895,-0.001561584496682753,50,78,0,0,0,1
0.0019724733333333303,-2.4639098284888887e-06,10.042514455825009,2.8466666666666662,-3.438088888888889,10.873895405314027,0.005957433333333262,-0.00033294202516823135,0.011859276039690137,-0.010729606666666669,-0.0002322582329324889,5.372360963304912,-0.1699697433333333,-0.004959289045117856,5.616818551924054,-8.673617379884035e-19,-7.52316384526264e-37,0.0,-1.6653345369377348e-16,-2.7733391199176196e-32,0.0,-5.551115123125783e-17,-9.244463733058732e-33,0.0,0.9925210819370808,3.633876055881365e-05,50,79,0,0,0,0
0.001463360000000002,-2.4976830784000004e-06,9.929216931765719,-0.56,5.241599999999998,8.588161505339594,0.005957446666666755,0.0001537958185603011,0.019261064424220296,-0.008475919999999991,-0.00018873130016240001,5.864085906974998,-0.08383324000000003,-0.006324659770510936,2.557965466312245,-8.673617379884035e-19,-7.52316384526264e-37,0.0,-1.6653345369377348e-16,-2.7733391199176196e-32,0.0,-5.551115123125783e-17,-9.244463733058732e-33,0.0,0.9945782217594329,-0.00030038443263736626,50,80,0,0,0,0
0.0009549999999999993,-1.96700084e-06,12.809960305588358,-2.66,-3.3795999999999995,11.14359165376915,0.0059574399999999805,0.0006405294126463901,0.013824927203329495,0.006537863333333331,6.811799976814446e-05,2.4430696814103614,0.04782304666666676,-0.007764286411149825,0.21243519297323152,-8.673617379884035e-19,-7.52316384526264e-37,0.0,-1.6653345369377348e-16,-2.7733391199176196e-32,0.0,-5.551115123125783e-17,-9.244463733058732e-33,0.0,0.8355956116703277,-0.003952309713907895,50,81,0,0,0,1
0.0004462533333333286,-8.717026552888892e-07,9.70646559499729,-1.4933333333333327,-3.952355555555555,11.207588655548218,0.005957453333333307,0.001127270263466304,0.008138087804070462,0.012790513333333323,0.00021122758077951113,3.9703897278574476,0.047470506666666634,-0.006120725886511023,0.35841731599656773,-8.673617379884035e-19,-7.52316384526264e-37,0.0,-1.6653345369377348e-16,-2.7733391199176196e-32,0.0,-5.551115123125783e-17,-9.244463733058732e-33,0.0,0.855018983421253,0.0015622440966445142,50,82,0,0,0,0
0.00016097333333333318,-6.2596830222222e-09,9.596995100834572,-0.32666666666666666,-4.229555555555555,11.299771632932728,0.005957446666666533,0.0016140027454941974,0.016293013323347077,0.02789543,0.00015821669179023328,10.039981738347569,0.0975691766666667,-0.0015883682074871869,1.7847267517529946,-8.673617379884035e-19,-7.52316384526264e-37,0.0,-1.6653345369377348e-16,-2.7733391199176196e-32,0.0,-5.551115123125783e-17,-9.244463733058732e-33,0.0,0.868435366894757,-0.000271544165063091,50,83,0,0,0,0
0.00016072000000000135,-6.2709151999999915e-09,9.488795608532888,0.8399999999999999,-4.2112,11.42220235265313,0.0059574400000000916,0.002100734705538662,0.011859276039690137,0.035228363333333325,0.00013088017239667766,8.491411192287645,0.13634678666666666,0.0013401970833524443,1.877795556817004,-8.673617379884035e-19,-7.52316384526264e-37,0.0,-1.6653345369377348e-16,-2.7733391199176196e-32,0.0,-5.551115123125783e-17,-9.244463733058732e-33,0.0,0.892961603126337,-0.0010885948689084042,50,84,0,0,0,0
0.00016055333333333394,-6.290455155555593e-09,9.381878111860246,2.0066666666666664,-3.8972888888888884,8.40078705668856,0.005957453333333307,0.0025874779733817826,0.019261064424220296,0.021795823333333332,6.596042046187788e-05,3.310964240234353,-0.0010205433333334568,-0.003334382440855984,0.46529038844600973,-8.673617379884035e-19,-7.52316384526264e-37,0.0,-1.6653345369377348e-16,-2.7733391199176196e-32,0.0,-5.551115123125783e-17,-9.244463733058732e-33,0.0,0.8549504439194202,-0.0004212827364917163,50,85,0,0,0,1
0.000161226666666665,-6.282724622222201e-09,9.276263541507648,3.1733333333333333,-3.2878222222222226,10.873895405314027,0.005957443333333368,0.003074208523495617,0.013824927203329495,0.0048277433333333425,-0.0004931468809099889,8.046785856957888,-0.11782209666666676,-0.003684429845751191,2.6391524415943795,-8.673617379884035e-19,-7.52316384526264e-37,0.0,-1.6653345369377348e-16,-2.7733391199176196e-32,0.0,-5.551115123125783e-17,-9.244463733058732e-33,0.0,0.7596959725439472,0.0023278555994078695,50,86,0,0,0,0
0.00016108000000000094,-6.317748799999958e-09,9.171984940447999,-2.5200000000000005,0.4592000000000014,10.036170740398314,0.005957456666666694,0.003560954809777625,0.008138087804070462,-0.013870333333333332,-4.7270910002222204e-05,3.7862637964031363,-0.023647250000000064,-0.0022074279848641673,0.21306538319654783,-8.673617379884035e-19,-7.52316384526264e-37,0.0,-1.6653345369377348e-16,-2.7733391199176196e-32,0.0,-5.551115123125783e-17,-9.244463733058732e-33,0.0,0.8904738373350483,0.0012990439704682933,50,87,0,1,0,1
0.0001608533333333339,-6.347664355555546e-09,9.069090718046967,-2.333333333333333,-3.795555555555555,11.095701503097896,0.005957446666666644,0.004047683572655766,0.016293013323347077,0.002196796666666681,0.0002995074327208112,2.3759885397931058,-0.008635300000000068,-0.011337807063300665,1.3713054688217228,-8.673617379884035e-19,-7.52316384526264e-37,0.0,-1.6653345369377348e-16,-2.7733391199176196e-32,0.0,-5.551115123125783e-17,-9.244463733058732e-33,0.0,0.8957919048253706,0.0030591366550815724,50,88,0,0,0,0
0.0001606866666666682,-6.379451422222249e-09,8.967649650163738,-1.166666666666667,-4.285555555555556,11.095701503097896,0.0059574399999999805,0.004534412809295452,0.011859276039690139,-0.011147426666666654,-0.00014392386497528894,1.9683603987513396,-0.02135774000000007,-0.012023731436900395,2.6089744665764227,-8.673617379884035e-19,-7.52316384526264e-37,0.0,-1.6653345369377348e-16,-2.7733391199176196e-32,0.0,-5.551115123125783e-17,-9.244463733058732e-33,0.0,0.8709958183522563,0.0014583114009714712,50,89,0,0,0,0
0.0001632799999999983,-6.321587199999992e-09,12.149290417523787,0.040000000000000036,-4.4416,12.898294929050998,-0.03489360666666663,0.0033523405910365622,0.019261064424220296,-0.023465426666666678,-0.00029971975011528894,4.690495083996612,-0.006250596666666719,-0.007603275319672925,0.38878728536374696,-8.673617379884035e-19,-7.52316384526264e-37,0.0,-1.6653345369377348e-16,-2.7733391199176196e-32,0.0,-5.551115123125783e-17,-9.244463733058732e-33,0.0,0.9243525433737321,0.0004987984900958604,50,90,0,0,0,0
0.00016265333333333014,-6.292945955555553e-09,11.426621772256846,1.2000000000000002,-4.271999999999999,7.183275083034346,-0.028085106666666693,0.0006057661591655217,0.015581077621694908,-0.022262449999999996,-0.0004864273248735,5.765706466586172,-0.004515523333333327,-0.006230391051783324,1.3299792873241643,-8.673617379884035e-19,-7.52316384526264e-37,0.0,-1.6653345369377348e-16,-2.7733391199176196e-32,0.0,-5.551115123125783e-17,-9.244463733058732e-33,0.0,0.9349076832734399,-0.0020066564616280287,50,91,0,0,0,0
0.0001620266666666672,-6.230947555555577e-09,11.306875227809128,2.3600000000000003,-3.8368,10.873895405314027,-0.021276603333333366,-0.0015150062405914488,0.019261064424220296,-0.014769463333333323,-0.00042055447801958893,5.638625880405884,-0.09086432666666655,-0.0022933109800754217,1.7954472883452337,-8.673617379884035e-19,-7.52316384526264e-37,0.0,-1.6653345369377348e-16,-2.7733391199176196e-32,0.0,-5.551115123125783e-17,-9.244463733058732e-33,0.0,0.9411715694795083,0.0003755810499710675,50,92,0,0,0,0
0.00016169999999999726,-6.167050000000017e-09,11.190550001874938,2.4,1.5679999999999996,8.587530278383191,-0.01446808000000005,-0.003009992594053046,0.013824927203329495,-0.0004653433333333401,-8.722089039932214e-05,0.6536562269437431,-0.11161756,0.0029226481184650693,1.8888821151674167,-8.673617379884035e-19,-7.52316384526264e-37,0.0,-1.6653345369377348e-16,-2.7733391199176196e-32,0.0,-5.551115123125783e-17,-9.244463733058732e-33,0.0,0.887351128436069,0.0009773660935894202,50,93,0,0,0,0
0.0001620533333333337,-6.125629155555536e-09,11.078109735036216,-3.16,-3.1104,12.0938185433318,-0.007659576666666612,-0.003879157389164653,0.019238238576939,0.04707090666666669,0.000988339448700711,6.400537553540122,0.17280565000000003,0.02645026121288784,2.6923549318085898,-8.673617379884035e-19,-7.52316384526264e-37,0.0,-1.6653345369377348e-16,-2.7733391199176196e-32,0.0,-5.551115123125783e-17,-9.244463733058732e-33,0.0,0.9268225198231578,-0.0013826265506587641,50,94,0,0,0,0
0.0001614266666666673,-6.0823091555555555e-09,10.970672245686426,-2.0,-3.760000000000001,8.670920294271173,-0.0008510533333334069,-0.00412253201883131,0.013605272596496812,0.02157791666666669,-0.00048638995902972233,7.84178718768633,0.10441939333333333,-0.003043853732829019,1.8011742405570614,-8.673617379884035e-19,-7.52316384526264e-37,0.0,-1.6653345369377348e-16,-2.7733391199176196e-32,0.0,-5.551115123125783e-17,-9.244463733058732e-33,0.0,0.8293438776940175,-0.0013896168712601532,50,95,0,0,0,1
0.00016080000000000087,-6.005632000000036e-09,10.873895405314027,-0.8400000000000003,-4.143999999999998,8.624122013063339,0.005957446666666699,-0.0037400927866018258,0.008138087804070462,0.0035671266666666562,-0.0005491740466394222,1.4474816961119001,0.09641380333333338,-0.008759305520454654,1.6228134419605837,-8.673617379884035e-19,-7.52316384526264e-37,0.0,-1.6653345369377348e-16,-2.7733391199176196e-32,0.0,-5.551115123125783e-17,-9.244463733058732e-33,0.0,0.8598133246134805,7.16419599711847e-06,50,96,0,0,0,0
0.0001609533333333333,-6.0131538222222295e-09,10.750740712908714,0.3266666666666671,-4.255688888888889,11.627498653617387,0.0059574399999999805,-0.003253354835069361,0.016293013323347077,0.025504,-0.00023623181832000014,4.013702435868734,0.1017043199999999,-0.008876627040464002,0.7757974027865715,-8.673617379884035e-19,-7.52316384526264e-37,0.0,-1.6653345369377348e-16,-2.7733391199176196e-32,0.0,-5.551115123125783e-17,-9.244463733058732e-33,0.0,0.8866969255738728,-0.0044831277617660825,50,97,0,0,0,0
0.00016141333333333056,-6.059576888888865e-09,10.629132172470355,1.4933333333333336,-4.071822222222222,6.2291004572893725,0.005957453333333362,-0.002766623550202227,0.011859276039690137,-0.012429866666666671,-0.0007642495969035556,4.645278284060441,-0.002456096666666685,-0.01286242068110505,1.719417792411377,-8.673617379884035e-19,-7.52316384526264e-37,0.0,-1.6653345369377348e-16,-2.7733391199176196e-32,0.0,-5.551115123125783e-17,-9.244463733058732e-33,0.0,0.813813765584331,0.00057724460309923,50,98,0,0,0,0
0.00016107999999999748,-6.089249600000035e-09,10.509012164509295,2.66,-3.5923999999999996,10.873895405314027,0.005957443333333257,-0.0022798840128563924,0.019261064424220296,-0.023807493333333332,-0.0006695051124160888,4.285709089206949,-0.14431314333333328,-0.01364238611556053,3.855604833818769,-8.673617379884035e-19,-7.52316384526264e-37,0.0,-1.6653345369377348e-16,-2.7733391199176196e-32,0.0,-5.551115123125783e-17,-9.244463733058732e-33,0.0,0.8783727303559081,-0.0010840050755396328,50,99,0,0,0,0
0.0001607733333333309,-6.0948120888888615e-09,10.390330475245275,0.5600000000000005,5.5104,8.336697790323083,0.005957456666666638,-0.0017931497095504123,0.013824927203329495,-0.023925123333333333,-0.0005937658453741221,3.424900266112841,-0.14454380666666677,-0.012726478052452753,3.8332224872355125,-8.673617379884035e-19,-7.52316384526264e-37,0.0,-1.6653345369377348e-16,-2.7733391199176196e-32,0.0,-5.551115123125783e-17,-9.244463733058732e-33,0.0,0.9009004483244248,-0.0034408661157608513,50,100,0,0,0,1
0.0001610866666666693,-6.09703648888884e-09,10.273043783690419,-2.846666666666667,-3.2103555555555556,11.153804064712933,0.005957446666666644,-0.0013064119594402152,0.008138087804070462,-0.007824320000000003,-0.00038622468947013334,5.875270469923302,-0.004632610000000037,-0.012508971050328567,1.6324836550496302,-8.673617379884035e-19,-7.52316384526264e-37,0.0,-1.6653345369377348e-16,-2.7733391199176196e-32,0.0,-5.551115123125783e-17,-9.244463733058732e-33,0.0,0.7671991904168562,0.0002011289733504776,50,101,0,0,0,0
0.00016135999999999755,-6.150463999999947e-09,10.157115286519314,-1.6800000000000002,-3.8304,11.11138625762391,0.005957440000000036,-0.0008196767313125297,0.016293013323347077,-0.011160046666666673,-0.00024392873640475553,5.097879498355355,-0.00428834666666672,-0.010813090583807559,0.6969115798446679,-8.673617379884035e-19,-7.52316384526264e-37,0.0,-1.6653345369377348e-16,-2.7733391199176196e-32,0.0,-5.551115123125783e-17,-9.244463733058732e-33,0.0,0.8112675940749099,0.006835973703250088,50,102,0,0,0,0
0.00016102666666666793,-6.175220088888924e-09,10.042514455825009,-0.5133333333333332,-4.154888888888888,11.095806734747933,0.005957433333333262,-0.00033294202516823135,0.011859276039690137,-0.021125790000000005,-0.0004205918175241667,10.391344940169756,-0.015659039999999957,-0.011021777802510931,1.5008325942198455,-8.673617379884035e-19,-7.52316384526264e-37,0.0,-1.6653345369377348e-16,-2.7733391199176196e-32,0.0,-5.551115123125783e-17,-9.244463733058732e-33,0.0,0.9403168960005567,-0.00026278722044532926,50,103,0,0,0,0
0.0001607466666666696,-6.183239822222209e-09,9.929216931765719,0.6533333333333329,-4.183822222222221,11.106531803743994,0.005957446666666755,0.0001537958185603011,0.019261064424220296,-0.0033792033333333374,0.00012147324247041119,7.221935798516033,0.06713278333333339,0.00025314346130694484,0.5405224475345964,-8.673617379884035e-19,-7.52316384526264e-37,0.0,-1.6653345369377348e-16,-2.7733391199176196e-32,0.0,-5.551115123125783e-17,-9.244463733058732e-33,0.0,0.9174735612869614,-0.0021184467613006653,50,104,0,0,0,0
0.0001612200000000001,-6.184723600000001e-09,12.809960305588358,1.8199999999999998,-3.9172000000000007,8.34441756178247,0.0059574399999999805,0.0006405294126463901,0.013824927203329495,0.03184944,0.0005535523469735998,4.221368816620275,0.049447543333333344,0.007932124784786547,0.2325114284938521,-8.673617379884035e-19,-7.52316384526264e-37,0.0,-1.6653345369377348e-16,-2.7733391199176196e-32,0.0,-5.551115123125783e-17,-9.244463733058732e-33,0.0,0.8626944490377884,-0.0011810632091272413,50,105,0,0,0,0
0.0022373466666666692,2.080429481244446e-06,9.70646559499729,2.9866666666666664,-3.355022222222223,10.873895405314027,0.005957453333333307,0.001127270263466304,0.008138087804070462,0.03138826333333333,0.000609629676473878,4.342080517944115,-0.08616580666666668,0.005978318343417638,0.4138847112047028,-8.673617379884035e-19,-7.52316384526264e-37,0.0,-1.6653345369377348e-16,-2.7733391199176196e-32,0.0,-5.551115123125783e-17,-9.244463733058732e-33,0.0,0.8135224752557084,-0.0047537364702914175,50,106,0,0,0,0
0.002867966666666664,-1.0323701335555569e-06,9.596995100834572,-1.4,3.864000000000002,9.010114692814096,0.005957446666666533,0.0016140027454941974,0.016293013323347077,0.022269856666666657,-2.9396602756388748e-05,1.9200147824157894,-0.03847716666666667,-0.0025041090074055493,0.3618740639022599,-8.673617379884035e-19,-7.52316384526264e-37,0.0,-1.6653345369377348e-16,-2.7733391199176196e-32,0.0,-5.551115123125783e-17,-9.244463733058732e-33,0.0,0.8466990093157082,-0.0008407502584547156,50,107,0,1,0,0
0.0023588800000000007,-2.0599678400000004e-06,9.488795608532888,-2.5200000000000005,-3.5392,11.095701503097896,0.0059574400000000916,0.002100734705538662,0.011859276039690137,0.019945483333333347,-0.0002995192998270556,4.989885775504614,0.04743379666666664,-0.003888076842308255,1.3565911964004302,-8.673617379884035e-19,-7.52316384526264e-37,0.0,-1.6653345369377348e-16,-2.7733391199176196e-32,0.0,-5.551115123125783e-17,-9.244463733058732e-33,0.0,0.8122807301791025,-0.0020938742925667633,50,108,0,0,0,1
0.001850679999999997,-2.5228892175999994e-06,9.381878111860246,-1.3533333333333335,-4.076488888888889,11.57808087787559,0.005957453333333307,0.0025874779733817826,0.019261064424220296,0.010002863333333334,-0.00045569210069865563,3.052454247257953,0.029811630000000033,-0.008340239717732697,0.2233827312273909,-8.673617379884035e-19,-7.52316384526264e-37,0.0,-1.6653345369377348e-16,-2.7733391199176196e-32,0.0,-5.551115123125783e-17,-9.244463733058732e-33,0.0,0.7566090449834342,-0.005717477019682752,50,109,0,0,1,0
0.0013417466666666676,-2.4214412227555543e-06,9.276263541507648,-0.18666666666666654,-4.3182222222222215,11.772397771504203,0.005957443333333368,0.003074208523495617,0.013824927203329495,-0.00827905666666666,-0.0006807618453961222,3.119787361808534,-0.0038772999999998614,-0.010470603126275332,1.3572213866237464,-8.673617379884035e-19,-7.52316384526264e-37,0.0,-1.6653345369377348e-16,-2.7733391199176196e-32,0.0,-5.551115123125783e-17,-9.244463733058732e-33,0.0,0.6899335034072763,-0.0018619712896493033,50,110,0,0,0,0
0.0008325800000000029,-1.7549996787999994e-06,9.171984940447999,0.98,-4.2644,11.095701503097896,0.005957456666666694,0.003560954809777625,0.008138087804070462,-0.015315300000000004,-0.0005091308890086668,4.188835424204594,-0.012610289999999913,-0.010544756538460303,1.3518682955457562,-8.673617379884035e-19,-7.52316384526264e-37,0.0,-1.6653345369377348e-16,-2.7733391199176196e-32,0.0,-5.551115123125783e-17,-9.244463733058732e-33,0.0,0.7417559807248477,0.004264325634084975,50,111,0,0,0,1
0.00032352000000000075,-5.241053888e-07,9.069090718046967,2.1466666666666665,-3.915022222222222,8.742290650228757,0.005957446666666644,0.004047683572655766,0.016293013323347077,-0.017004619999999998,-0.0003316307224513333,3.24717418137278,-0.09462271666666655,-0.006446150859445058,4.959190919457892,-8.673617379884035e-19,-7.52316384526264e-37,0.0,-1.6653345369377348e-16,-2.7733391199176196e-32,0.0,-5.551115123125783e-17,-9.244463733058732e-33,0.0,0.8107508100340525,0.005313387521924762,50,112,0,0,0,0
0.00016148666666666173,-6.3715111555555415e-09,8.967649650163738,3.3133333333333335,-3.2700888888888895,10.873895405314027,0.0059574399999999805,0.004534412809295452,0.011859276039690139,-0.02005502333333333,-0.0003331381461363889,5.5704482858708255,-0.16745667999999997,-0.004565755901315997,6.47023217498519,-8.673617379884035e-19,-7.52316384526264e-37,0.0,-1.6653345369377348e-16,-2.7733391199176196e-32,0.0,-5.551115123125783e-17,-9.244463733058732e-33,0.0,0.8332167325635673,-0.0018823553017244855,50,113,0,0,0,0
0.0001629600000000002,-6.339737599999994e-09,12.149290417523787,-3.3200000000000003,-3.232,12.898294929050998,-0.03489360666666663,0.0033523405910365622,0.019261064424220296,0.0014501499999999973,-3.316693275150006e-05,4.160596964733336,-0.0024917966666666014,-0.0011624490338591927,0.36897610906338285,-8.673617379884035e-19,-7.52316384526264e-37,0.0,-1.6653345369377348e-16,-2.7733391199176196e-32,0.0,-5.551115123125783e-17,-9.244463733058732e-33,0.0,0.8046478075616917,-0.0027484549612608136,50,114,0,0,0,0
0.00016233333333333377,-6.281408888888936e-09,11.426621772256846,-2.16,-3.868800000000001,9.045093713652776,-0.028085106666666693,0.0006057661591655217,0.015581077621694908,0.004518116666666669,-0.0001670474252450555,4.308606408022053,0.02641725666666661,-0.005915856223103722,0.2917100220586312,-8.673617379884035e-19,-7.52316384526264e-37,0.0,-1.6653345369377348e-16,-2.7733391199176196e-32,0.0,-5.551115123125783e-17,-9.244463733058732e-33,0.0,0.7247209983564236,-0.0006296652756448793,50,115,0,0,0,0
0.00016196000000000266,-6.221126399999996e-09,11.306875227809128,-1.0,-4.24,8.909880378198732,-0.021276603333333366,-0.0015150062405914488,0.019261064424220296,0.009795130000000013,-9.01137507861667e-05,5.967613167923636,0.029041870000000025,-0.005802429155950171,0.3105405669382226,-8.673617379884035e-19,-7.52316384526264e-37,0.0,-1.6653345369377348e-16,-2.7733391199176196e-32,0.0,-5.551115123125783e-17,-9.244463733058732e-33,0.0,0.7633682628860572,-0.0005554790524119279,50,116,0,0,0,0
0.0001623599999999968,-6.178139199999963e-09,11.190550001874938,0.16000000000000014,-4.3456,12.243753275950137,-0.01446808000000005,-0.003009992594053046,0.013824927203329495,0.007264016666666678,-0.0001492264009697222,6.304846931805362,0.03631113666666669,-0.0024090481024095917,0.27087073509839177,-8.673617379884035e-19,-7.52316384526264e-37,0.0,-1.6653345369377348e-16,-2.7733391199176196e-32,0.0,-5.551115123125783e-17,-9.244463733058732e-33,0.0,0.7255849290315187,3.278030039847923e-05,50,117,0,1,0,0
0.00016173333333333387,-6.1384888888889126e-09,11.078109735036216,1.3200000000000003,-4.185599999999999,6.639983542403655,-0.007659576666666612,-0.003879157389164653,0.019238238576939,0.010288416666666661,-0.00010157544526638888,5.508121857600263,0.0481200733333334,-3.365337843701938e-05,0.3204025383747331,-8.673617379884035e-19,-7.52316384526264e-37,0.0,-1.6653345369377348e-16,-2.7733391199176196e-32,0.0,-5.551115123125783e-17,-9.244463733058732e-33,0.0,0.7629556739391979,-0.0003235846749082458,50,118,0,0,0,0
0.00016110666666666051,-6.065481422222275e-09,10.970672245686426,2.4800000000000004,-3.7600000000000002,10.873895405314027,-0.0008510533333334069,-0.00412253201883131,0.013605272596496812,-0.004850259999999995,-0.00018188660701426665,5.123377897515973,-0.09590848000000002,-0.002460824345084,3.092796796244954,-8.673617379884035e-19,-7.52316384526264e-37,0.0,-1.6653345369377348e-16,-2.7733391199176196e-32,0.0,-5.551115123125783e-17,-9.244463733058732e-33,0.0,0.6852794781186761,0.004574563040066277,50,119,0,0,1,0
0.0001609200000000019,-5.9927775999999765e-09,10.873895405314027,1.6800000000000002,3.9871999999999996,8.402315915279468,0.005957446666666699,-0.0037400927866018258,0.008138087804070462,-0.007951156666666667,-0.00010804549517052227,5.5847990991180785,-0.13043630999999994,-0.007814535979060967,6.458357267445153,-8.673617379884035e-19,-7.52316384526264e-37,0.0,-1.6653345369377348e-16,-2.7733391199176196e-32,0.0,-5.551115123125783e-17,-9.244463733058732e-33,0.0,0.7327723244904558,0.0032636493217971284,50,120,0,0,0,1
0.00016142666666666555,-6.036619555555504e-09,10.750740712908714,-3.033333333333333,-3.090888888888889,11.627498653617387,0.0059574399999999805,-0.003253354835069361,0.016293013323347077,0.0036791766666666587,0.00013591542054934447,4.20599436101177,0.022926709999999906,-0.004580529378610565,0.19163116282293377,-8.673617379884035e-19,-7.52316384526264e-37,0.0,-1.6653345369377348e-16,-2.7733391199176196e-32,0.0,-5.551115123125783e-17,-9.244463733058732e-33,0.0,0.8325988766043128,-6.00228059488088e-05,50,121,0,0,0,0
0.0001610933333333342,-6.067521422222264e-09,10.629132172470355,-1.8666666666666667,-3.7582222222222215,11.457516202387595,0.005957453333333362,-0.002766623550202227,0.011859276039690137,-0.012237243333333335,7.033409148827775e-05,5.130645363774711,0.03782750333333329,-0.0024804185381475836,0.5072150921008793,-8.673617379884035e-19,-7.52316384526264e-37,0.0,-1.6653345369377348e-16,-2.7733391199176196e-32,0.0,-5.551115123125783e-17,-9.244463733058732e-33,0.0,0.8641261199224775,0.00436505615885783,50,122,0,0,0,0
0.00016077999999999926,-6.072587600000052e-09,10.509012164509295,-0.6999999999999997,-4.13,8.54509097073445,0.005957443333333257,-0.0022798840128563924,0.019261064424220296,-0.02319253333333332,-0.00015266738663822222,11.346881692799116,0.02008686333333337,-0.0038568664767247903,0.2860200491213719,-8.673617379884035e-19,-7.52316384526264e-37,0.0,-1.6653345369377348e-16,-2.7733391199176196e-32,0.0,-5.551115123125783e-17,-9.244463733058732e-33,0.0,0.9481011231807682,-4.5934774446552404e-05,50,123,0,1,0,0
0.00016105333333333097,-6.075709155555532e-09,10.390330475245275,0.46666666666666723,-4.206222222222222,11.224210116342825,0.005957456666666638,-0.0017931497095504123,0.013824927203329495,-0.017579753333333323,-9.985386890848892e-05,8.543298244123939,0.035123023333333336,-0.0014689452962871885,0.29651271833384935,-8.673617379884035e-19,-7.52316384526264e-37,0.0,-1.6653345369377348e-16,-2.7733391199176196e-32,0.0,-5.551115123125783e-17,-9.244463733058732e-33,0.0,0.9347499012920026,-0.00094767927930326,50,124,0,0,1,0
0.000161373333333336,-6.127883555555495e-09,10.273043783690419,1.6333333333333337,-3.9868888888888883,8.643666598132045,0.005957446666666644,-0.0013064119594402152,0.008138087804070462,-0.00426638,4.914867974626665e-05,2.9701370990124567,0.012567623333333389,-0.0016224008887131911,0.43355750835928436,-8.673617379884035e-19,-7.52316384526264e-37,0.0,-1.6653345369377348e-16,-2.7733391199176196e-32,0.0,-5.551115123125783e-17,-9.244463733058732e-33,0.0,0.8823579896632893,-0.0035519527131398576,50,125,0,0,1,0
0.00016104000000000118,-6.153868800000054e-09,10.157115286519314,2.7999999999999994,-3.471999999999999,10.873895405314027,0.005957440000000036,-0.0008196767313125297,0.016293013323347077,0.006557226666666673,-0.00010570944708275558,2.2532692476875944,-0.09117924000000005,-0.001967919469523469,2.281197743888778,-8.673617379884035e-19,-7.52316384526264e-37,0.0,-1.6653345369377348e-16,-2.7733391199176196e-32,0.0,-5.551115123125783e-17,-9.244463733058732e-33,0.0,0.7640215452799838,-0.004845538890911913,50,126,0,0,0,0
0.0001607533333333397,-6.161203422222269e-09,10.042514455825009,-0.2799999999999998,5.476800000000001,8.494560462508344,0.005957433333333262,-0.00033294202516823135,0.011859276039690137,0.01109576333333332,-7.176198758122225e-06,0.968969809982837,-0.045934739999999974,-0.00043162801998893746,0.4875987570373463,-8.673617379884035e-19,-7.52316384526264e-37,0.0,-1.6653345369377348e-16,-2.7733391199176196e-32,0.0,-5.551115123125783e-17,-9.244463733058732e-33,0.0,0.7796633109906301,0.0042354037484627705,50,127,0,0,1,0
0.00016118666666666698,-6.162445155555534e-09,9.929216931765719,-2.7066666666666666,-3.3326222222222226,11.106531803743994,0.005957446666666755,0.0001537958185603011,0.019261064424220296,0.0032955700000000046,-1.7463200979366618e-05,1.6545267007186297,0.03279187333333328,-0.00520673630258929,0.3940341334333253,-8.673617379884035e-19,-7.52316384526264e-37,0.0,-1.6653345369377348e-16,-2.7733391199176196e-32,0.0,-5.551115123125783e-17,-9.244463733058732e-33,0.0,0.8845495209442695,0.0014802380648409614,50,128,0,0,0,0
0.000161320000000003,-6.217639999999942e-09,12.809960305588358,-1.5399999999999996,-3.917199999999999,11.14359165376915,0.0059574399999999805,0.0006405294126463901,0.013824927203329495,-0.005630556666666668,-9.640397961945557e-05,2.571114816628163,0.03109941333333327,-0.004169341302233159,0.1798183987863703,-8.673617379884035e-19,-7.52316384526264e-37,0.0,-1.6653345369377348e-16,-2.7733391199176196e-32,0.0,-5.551115123125783e-17,-9.244463733058732e-33,0.0,0.9231247843778212,0.00039960778414491915,50,129,0,0,0,0
0.00016098666666666123,-6.238708622222277e-09,9.70646559499729,-0.3733333333333335,-4.206222222222222,11.207588655548218,0.005957453333333307,0.001127270263466304,0.008138087804070462,0.0027781000000000056,4.2269952053999925e-05,2.209932669742374,0.038668023333333246,-0.004562447134662523,0.28036543880787435,-8.673617379884035e-19,-7.52316384526264e-37,0.0,-1.6653345369377348e-16,-2.7733391199176196e-32,0.0,-5.551115123125783e-17,-9.244463733058732e-33,0.0,0.8507459780638683,-0.003113512109365517,50,130,0,0,1,0
0.00016072666666666624,-6.2490668888889254e-09,9.596995100834572,0.793333333333333,-4.199688888888889,11.299771632932728,0.005957446666666533,0.0016140027454941974,0.016293013323347077,-0.00871588000000001,-0.00019889154352213336,3.2728297559913058,0.030166106666666637,-0.002996266381933687,0.34207565619771674,-8.673617379884035e-19,-7.52316384526264e-37,0.0,-1.6653345369377348e-16,-2.7733391199176196e-32,0.0,-5.551115123125783e-17,-9.244463733058732e-33,0.0,0.9219224311423855,0.0008389705032976082,50,131,0,0,0,0
0.00016056000000000056,-6.2692191999999414e-09,9.488795608532888,1.96,-3.8976,8.35164764467192,0.0059574400000000916,0.002100734705538662,0.011859276039690137,0.0048033066666666735,0.00010756588081057783,0.7548705211621256,-0.022583079999999978,-0.0018739859646093315,0.5677575991160702,-8.673617379884035e-19,-7.52316384526264e-37,0.0,-1.6653345369377348e-16,-2.7733391199176196e-32,0.0,-5.551115123125783e-17,-9.244463733058732e-33,0.0,0.8229321789996727,-0.00628776206995697,50,132,0,0,1,0
0.0001611933333333336,-6.2598226222222915e-09,9.381878111860246,3.1266666666666665,-3.2999555555555555,10.873895405314027,0.005957453333333307,0.0025874779733817826,0.019261064424220296,0.000868876666666657,-0.00014265903760145554,4.097054188647884,-0.10750511000000001,-0.0005282954837368334,4.300407430990595,-8.673617379884035e-19,-7.52316384526264e-37,0.0,-1.6653345369377348e-16,-2.7733391199176196e-32,0.0,-5.551115123125783e-17,-9.244463733058732e-33,0.0,0.7647773291726803,-0.0005432235832490704,50,133,0,0,0,0
0.00016109333333333073,-6.296583822222338e-09,9.276263541507648,-2.24,1.4784000000000024,9.709277872157497,0.005957443333333368,0.003074208523495617,0.013824927203329495,-0.011339946666666677,-0.00017587781472435556,3.87826926811909,-0.007908859999999962,0.0063959647290038665,1.6255691685584792,-8.673617379884035e-19,-7.52316384526264e-37,0.0,-1.6653345369377348e-16,-2.7733391199176196e-32,0.0,-5.551115123125783e-17,-9.244463733058732e-33,0.0,0.9333951826042757,-0.0008148942236083219,50,134,0,1,0,0
0.0028862199999999984,1.0353071532000009e-06,9.171984940447999,-2.38,-3.726800000000001,11.095701503097896,0.005957456666666694,0.003560954809777625,0.008138087804070462,0.01845430666666665,0.00013632091313484445,3.8409454067036677,0.03887236666666671,-0.00358832392972689,0.25562561085347435,-8.673617379884035e-19,-7.52316384526264e-37,0.0,-1.6653345369377348e-16,-2.7733391199176196e-32,0.0,-5.551115123125783e-17,-9.244463733058732e-33,0.0,0.8325820363286606,0.0034584208971596476,50,135,0,0,1,0
0.0028043866666666688,-1.315977613155556e-06,9.069090718046967,-1.2133333333333338,-4.228622222222223,11.095701503097896,0.005957446666666644,0.004047683572655766,0.016293013323347077,-0.0028886566666666696,-0.00017906237344012226,4.242384328308942,0.03357437666666663,-0.00563637353259679,0.3269512970196908,-8.673617379884035e-19,-7.52316384526264e-37,0.0,-1.6653345369377348e-16,-2.7733391199176196e-32,0.0,-5.551115123125783e-17,-9.244463733058732e-33,0.0,0.8697127498206204,0.0008050871264004055,50,136,0,0,0,0
0.002287979999999995,-2.2566718500000014e-06,8.967649650163738,-0.046666666666666856,-4.434888888888889,12.722255141242321,0.0059574399999999805,0.004534412809295452,0.011859276039690139,-0.00483135333333333,-0.00019498566267488895,4.702274965396195,0.023289226666666663,-0.004148910161885689,0.2746123667872486,-8.673617379884035e-19,-7.52316384526264e-37,0.0,-1.6653345369377348e-16,-2.7733391199176196e-32,0.0,-5.551115123125783e-17,-9.244463733058732e-33,0.0,0.8531852763376095,-0.00249649722319329,50,137,0,0,1,1
0.0017732400000000058,-2.6165443072000003e-06,12.149290417523787,1.1600000000000001,-4.307199999999999,7.526191561261049,-0.03489360666666663,0.0033523405910365622,0.019261064424220296,-0.008355870000000015,-0.00020421846652576666,3.0190592683867394,0.009406936666666643,-0.005149661547189455,0.2211044982560732,-8.673617379884035e-19,-7.52316384526264e-37,0.0,-1.6653345369377348e-16,-2.7733391199176196e-32,0.0,-5.551115123125783e-17,-9.244463733058732e-33,0.0,0.8667432063781436,0.0006535870239632698,50,138,0,0,0,0
0.0012565266666666672,-2.396243521288889e-06,11.426621772256846,2.3200000000000003,-3.8688000000000002,10.873895405314027,-0.028085106666666693,0.0006057661591655217,0.015581077621694908,-0.001831366666666688,-0.0001223174010615556,2.739146136678503,-0.11257010999999995,-0.007704526862041901,6.3319847925761295,-8.673617379884035e-19,-7.52316384526264e-37,0.0,-1.6653345369377348e-16,-2.7733391199176196e-32,0.0,-5.551115123125783e-17,-9.244463733058732e-33,0.0,0.7399277393969693,0.002210249267199131,50,139,0,0,0,0
0.0007407733333333298,-1.5952651416888896e-06,11.306875227809128,2.64,0.5311999999999992,8.688074280414863,-0.021276603333333366,-0.0015150062405914488,0.019261064424220296,0.007208923333333318,-8.349228459358888e-05,4.567040079176699,-0.15176485,-0.004027381016199502,6.539448231124519,-8.673617379884035e-19,-7.52316384526264e-37,0.0,-1.6653345369377348e-16,-2.7733391199176196e-32,0.0,-5.551115123125783e-17,-9.244463733058732e-33,0.0,0.7056223464337146,0.005655537194972251,50,140,0,0,0,1
0.0002239800000000021,-2.1338533800000012e-07,11.190550001874938,-3.2,-3.1360000000000006,12.243753275950137,-0.01446808000000005,-0.003009992594053046,0.013824927203329495,0.008947436666666655,5.629906824454448e-05,4.356642802659586,-0.09463264333333327,-0.00427842832261132,3.9381466443254483,-8.673617379884035e-19,-7.52316384526264e-37,0.0,-1.6653345369377348e-16,-2.7733391199176196e-32,0.0,-5.551115123125783e-17,-9.244463733058732e-33,0.0,0.7389496457829519,0.0032514100153834633,50,141,0,0,0,0
0.00016141333333332883,-6.1229838222221785e-09,11.078109735036216,-2.04,-3.782400000000001,8.731584776801402,-0.007659576666666612,-0.003879157389164653,0.019238238576939,-0.0003147733333333305,-3.7578873252088884e-05,2.4065221023414387,0.0507021133333333,-0.0019215432286311552,1.5684894039764674,-8.673617379884035e-19,-7.52316384526264e-37,0.0,-1.6653345369377348e-16,-2.7733391199176196e-32,0.0,-5.551115123125783e-17,-9.244463733058732e-33,0.0,0.7144433568731422,-0.0034351012074721886,50,142,0,1,0,0
0.00016118000000000382,-6.0528756e-09,10.970672245686426,-0.8799999999999999,-4.163199999999999,8.670920294271173,-0.0008510533333334069,-0.00412253201883131,0.013605272596496812,-0.00042849333333332823,2.515986823724441e-05,2.708388543010697,0.048420569999999885,-0.002063045371422033,0.44934070578624585,-8.673617379884035e-19,-7.52316384526264e-37,0.0,-1.6653345369377348e-16,-2.7733391199176196e-32,0.0,-5.551115123125783e-17,-9.244463733058732e-33,0.0,0.8032213853358818,0.005367117916163843,50,143,0,0,0,0
0.00016143999999999534,-6.013568000000061e-09,10.873895405314027,0.28000000000000025,-4.2784,11.84074468629195,0.005957446666666699,-0.0037400927866018258,0.008138087804070462,-0.001738523333333332,-5.5712574613455584e-05,3.863548034667806,0.07604187000000012,-0.0011860910236688362,1.909846530074874,-8.673617379884035e-19,-7.52316384526264e-37,0.0,-1.6653345369377348e-16,-2.7733391199176196e-32,0.0,-5.551115123125783e-17,-9.244463733058732e-33,0.0,0.7761003623894905,-0.0006699550334088285,50,144,0,0,0,0
0.00016110666666666051,-6.045699022222231e-09,10.750740712908714,1.4466666666666668,-4.106355555555554,6.315680914758144,0.0059574399999999805,-0.003253354835069361,0.016293013323347077,0.005235093333333336,0.00018975879524204444,2.7301453040359513,0.10020430333333319,0.00905817333021201,0.3314992641455623,-8.673617379884035e-19,-7.52316384526264e-37,0.0,-1.6653345369377348e-16,-2.7733391199176196e-32,0.0,-5.551115123125783e-17,-9.244463733058732e-33,0.0,0.8709806816117178,-0.0015842096247156996,50,145,0,0,0,0
0.00016078666666666935,-6.050316088888826e-09,10.629132172470355,2.6133333333333337,-3.6387555555555555,10.873895405314027,0.005957453333333362,-0.002766623550202227,0.011859276039690137,0.0035785899999999926,-0.0001691346454155,6.253805983720195,-0.07611227999999992,-0.006984734401896264,3.747107211887135,-8.673617379884035e-19,-7.52316384526264e-37,0.0,-1.6653345369377348e-16,-2.7733391199176196e-32,0.0,-5.551115123125783e-17,-9.244463733058732e-33,0.0,0.6686599000944797,-0.0048807786977509955,50,146,0,0,0,0
0.00016101999999999436,-6.054619600000014e-09,10.509012164509295,0.8399999999999999,5.297599999999997,8.323284872950579,0.005957443333333257,-0.0022798840128563924,0.019261064424220296,0.0005022999999999972,-7.932081126066666e-05,0.712362168409831,-0.06547055000000002,-0.0095599067324235,0.8212855316261316,-8.673617379884035e-19,-7.52316384526264e-37,0.0,-1.6653345369377348e-16,-2.7733391199176196e-32,0.0,-5.551115123125783e-17,-9.244463733058732e-33,0.0,0.7831336565826861,0.0026509680654783568,50,147,0,0,0,1
0.00016138666666666926,-6.105208888888952e-09,10.390330475245275,-2.893333333333333,-3.1758222222222225,11.224210116342825,0.005957456666666638,-0.0017931497095504123,0.013824927203329495,0.008648536666666665,0.00042405250191681113,2.806287821145828,0.050937230000000056,-0.004561905029189637,0.3448969817321952,-8.673617379884035e-19,-7.52316384526264e-37,0.0,-1.6653345369377348e-16,-2.7733391199176196e-32,0.0,-5.551115123125783e-17,-9.244463733058732e-33,0.0,0.8197679447365135,0.0010767017895527632,50,148,0,0,0,0
0.0001610533333333379,-6.132423288888902e-09,10.273043783690419,-1.726666666666667,-3.8076888888888893,11.153804064712933,0.005957446666666644,-0.0013064119594402152,0.008138087804070462,0.01722366666666665,0.00011593399049111114,2.9922035125999056,0.05647272333333325,-0.003864395387439455,0.6565516395086289,-8.673617379884035e-19,-7.52316384526264e-37,0.0,-1.6653345369377348e-16,-2.7733391199176196e-32,0.0,-5.551115123125783e-17,-9.244463733058732e-33,0.0,0.8664504050036953,-0.004983650722407555,50,149,0,0,0,1
0.00016075999999999244,-6.139119999999927e-09,10.157115286519314,-0.56,-4.144,8.643771804833492,0.005957440000000036,-0.0008196767313125297,0.016293013323347077,0.004954343333333319,6.537760129721106e-05,4.132855624261732,0.05105477000000003,-0.004046580884720033,0.5454131508948897,-8.673617379884035e-19,-7.52316384526264e-37,0.0,-1.6653345369377348e-16,-2.7733391199176196e-32,0.0,-5.551115123125783e-17,-9.244463733058732e-33,0.0,0.8760573004059162,-0.0015406284656871885,50,150,0,0,0,0
0.0001611533333333373,-6.14040448888891e-09,10.042514455825009,0.6066666666666665,-4.1847555555555545,11.095806734747933,0.005957433333333262,-0.00033294202516823135,0.011859276039690137,0.0009580833333333316,-2.3096089106388945e-05,2.704704647166807,0.04742985666666666,-0.005726637910767322,0.4738658915975398,-8.673617379884035e-19,-7.52316384526264e-37,0.0,-1.6653345369377348e-16,-2.7733391199176196e-32,0.0,-5.551115123125783e-17,-9.244463733058732e-33,0.0,0.8189965704515175,0.002599066649288415,50,151,0,0,0,0
0.00016133333333333277,-6.195342222222279e-09,9.929216931765719,1.773333333333333,-3.929955555555555,8.385673563550386,0.005957446666666755,0.0001537958185603011,0.019261064424220296,0.007067213333333308,3.480994754657778e-05,0.6510406361675816,-0.022789300000000012,-0.003622471957926001,2.6299931737903277,-8.673617379884035e-19,-7.52316384526264e-37,0.0,-1.6653345369377348e-16,-2.7733391199176196e-32,0.0,-5.551115123125783e-17,-9.244463733058732e-33,0.0,0.8327271381608622,-0.0013488785732673125,50,152,0,0,0,0
0.00016100000000000142,-6.2176400000000125e-09,12.809960305588358,2.9399999999999995,-3.3796,10.92178555598528,0.0059574399999999805,0.0006405294126463901,0.013824927203329495,0.0013767366666666836,-0.00029904503099158886,3.58015904108787,-0.12731377333333335,-0.005417211183780088,5.472845277265885,-8.673617379884035e-19,-7.52316384526264e-37,0.0,-1.6653345369377348e-16,-2.7733391199176196e-32,0.0,-5.551115123125783e-17,-9.244463733058732e-33,0.0,0.7361013925772611,-0.0018390092485857184,50,153,0,0,0,0
0.00016073333333333287,-6.227171555555555e-09,9.70646559499729,-1.12,4.435199999999998,8.843867397464514,0.005957453333333307,0.001127270263466304,0.008138087804070462,0.00645964333333332,-0.00011257323456438894,2.080090308570307,-0.024005263333333304,-0.0027564311477986537,1.3964778577262205,-8.673617379884035e-19,-7.52316384526264e-37,0.0,-1.6653345369377348e-16,-2.7733391199176196e-32,0.0,-5.551115123125783e-17,-9.244463733058732e-33,0.0,0.8237671100259039,0.0014069524997851975,50,154,0,0,0,0
0.00016128666666666985,-6.2299938222220854e-09,9.596995100834572,-2.5666666666666673,-3.482888888888888,11.095701503097896,0.005957446666666533,0.0016140027454941974,0.016293013323347077,0.008791986666666696,-8.108795867342225e-05,5.4497001388026565,0.048297680000000065,-0.005946685344346666,1.7364484829809308,-8.673617379884035e-19,-7.52316384526264e-37,0.0,-1.6653345369377348e-16,-2.7733391199176196e-32,0.0,-5.551115123125783e-17,-9.244463733058732e-33,0.0,0.8464460980862786,-0.0004255548849337692,50,155,0,0,0,0
0.00016128000000000323,-6.2839679999999545e-09,9.488795608532888,-1.4000000000000004,-4.032,11.42220235265313,0.0059574400000000916,0.002100734705538662,0.011859276039690137,-0.009772563333333345,2.2143292263477764e-05,1.7786472257524204,0.04058603000000005,-0.004205468112738565,0.34319379442543857,-8.673617379884035e-19,-7.52316384526264e-37,0.0,-1.6653345369377348e-16,-2.7733391199176196e-32,0.0,-5.551115123125783e-17,-9.244463733058732e-33,0.0,0.8179258074600382,-0.0019065306604337797,50,156,0,0,0,0
0.0001609466666666684,-6.301349155555523e-09,9.381878111860246,-0.2333333333333334,-4.285555555555555,11.57808087787559,0.005957453333333307,0.0025874779733817826,0.019261064424220296,-0.012142880000000009,-4.7444922358666686e-05,3.208407451059343,0.0435004533333333,-0.004048552663912887,0.30731295792232144,-8.673617379884035e-19,-7.52316384526264e-37,0.0,-1.6653345369377348e-16,-2.7733391199176196e-32,0.0,-5.551115123125783e-17,-9.244463733058732e-33,0.0,0.8378821124581474,0.001719380387832493,50,157,0,0,0,0
0.00016070666666665942,-6.314470755555554e-09,9.276263541507648,0.9333333333333331,-4.243555555555555,11.095701503097896,0.005957443333333368,0.003074208523495617,0.013824927203329495,-0.007401966666666676,0.00010523906901044447,1.8073170635570006,0.040117516666666686,-0.0022933579101283904,0.36081446126791006,-8.673617379884035e-19,-7.52316384526264e-37,0.0,-1.6653345369377348e-16,-2.7733391199176196e-32,0.0,-5.551115123125783e-17,-9.244463733058732e-33,0.0,0.8955204958739682,0.0018734654179441129,50,158,0,0,0,0
0.0001614200000000024,-6.323387599999973e-09,9.171984940447999,2.1,-3.9060000000000006,8.587113638418442,0.005957456666666694,0.003560954809777625,0.008138087804070462,0.001091546666666679,-8.32995597542222e-05,1.4349938956051598,-0.06482949333333338,-0.005977308377416888,5.113466671407083,-8.673617379884035e-19,-7.52316384526264e-37,0.0,-1.6653345369377348e-16,-2.7733391199176196e-32,0.0,-5.551115123125783e-17,-9.244463733058732e-33,0.0,0.8008137675162383,-0.001265166838806496,50,159,0,0,0,0
0.0001612266666666702,-6.3710862222221325e-09,9.069090718046967,3.2666666666666666,-3.2728888888888887,10.873895405314027,0.005957446666666644,0.004047683572655766,0.016293013323347077,0.002363883333333344,-0.00015006713459572217,3.9729838700922406,-0.12547054333333335,-0.003922135513375457,6.564031684865894,-8.673617379884035e-19,-7.52316384526264e-37,0.0,-1.6653345369377348e-16,-2.7733391199176196e-32,0.0,-5.551115123125783e-17,-9.244463733058732e-33,0.0,0.8001080259483594,0.00042408805291131686,50,160,0,0,0,0
0.00016089333333333886,-6.383550755555487e-09,8.967649650163738,-3.08,-1.9152000000000002,10.993511673233654,0.0059574399999999805,0.004534412809295452,0.011859276039690139,0.007466766666666652,7.848061469977781e-05,0.46274854923793846,0.012242936666666593,0.003037397529148809,0.33241710759553506,-8.673617379884035e-19,-7.52316384526264e-37,0.0,-1.6653345369377348e-16,-2.7733391199176196e-32,0.0,-5.551115123125783e-17,-9.244463733058732e-33,0.0,0.8835302218017139,0.0005109113749376806,50,161,0,0,0,0
0.00016248000000000304,-6.323257599999963e-09,12.149290417523787,-2.2,-3.904000000000001,9.249382880729407,-0.03489360666666663,0.0033523405910365622,0.019261064424220296,0.01775376666666663,0.00011656112364644432,4.161019361557731,0.04476787333333332,-0.002027819794676488,0.4415457252566697,-8.673617379884035e-19,-7.52316384526264e-37,0.0,-1.6653345369377348e-16,-2.7733391199176196e-32,0.0,-5.551115123125783e-17,-9.244463733058732e-33,0.0,0.9730156075001194,0.001318533091333742,50,162,0,0,0,0
0.00016297333333333344,-6.2761182222221955e-09,11.426621772256846,-1.04,-4.272,9.045093713652776,-0.028085106666666693,0.0006057661591655217,0.015581077621694908,0.005745609999999957,8.335337813890006e-05,2.640738430882937,0.026955196666666736,-0.0031841338811037217,0.2825412457747496,-8.673617379884035e-19,-7.52316384526264e-37,0.0,-1.6653345369377348e-16,-2.7733391199176196e-32,0.0,-5.551115123125783e-17,-9.244463733058732e-33,0.0,0.9246760839586864,0.0025333752205716083,50,163,0,0,0,0
0.0005287066666666701,1.0064045415111106e-06,11.306875227809128,0.1200000000000001,-4.3744000000000005,12.416117188334756,-0.021276603333333366,-0.0015150062405914488,0.019261064424220296,-0.008318279999999983,-1.5945328847733343e-05,2.509228882707144,0.03297040333333334,-0.0024612543597490547,0.8093493052660364,-8.673617379884035e-19,-7.52316384526264e-37,0.0,-1.6653345369377348e-16,-2.7733391199176196e-32,0.0,-5.551115123125783e-17,-9.244463733058732e-33,0.0,0.8838659533948159,0.00127139279564025,50,164,0,0,0,0
0.0031536600000000026,-2.0775551720000012e-07,11.190550001874938,1.2800000000000002,-4.211199999999999,6.781163672203697,-0.01446808000000005,-0.003009992594053046,0.013824927203329495,-0.007338763333333331,6.439774356347777e-05,2.873603875579156,0.02391745333333334,-0.0006783768025448878,0.24695513896542162,-8.673617379884035e-19,-7.52316384526264e-37,0.0,-1.6653345369377348e-16,-2.7733391199176196e-32,0.0,-5.551115123125783e-17,-9.244463733058732e-33,0.0,0.9509181845726167,0.0001935319775979398,50,165,0,0,0,0
0.0026445466666666605,-1.5519797411555557e-06,11.078109735036216,2.4400000000000004,-3.782400000000001,10.873895405314027,-0.007659576666666612,-0.003879157389164653,0.019238238576939,-0.006883376666666663,-0.00027858045221332224,3.939595341983967,-0.10171184999999999,-0.004936310199678166,5.124128157964594,-8.673617379884035e-19,-7.52316384526264e-37,0.0,-1.6653345369377348e-16,-2.7733391199176196e-32,0.0,-5.551115123125783e-17,-9.244463733058732e-33,0.0,0.9324883889431497,-0.0018294128771819795,50,166,0,0,0,0
0.002136020000000006,-2.3310376020000005e-06,10.970672245686426,1.9199999999999995,3.2959999999999985,8.449114196487303,-0.0008510533333334069,-0.00412253201883131,0.013605272596496812,-0.007329316666666655,-0.00026343319130572233,2.882163217617919,-0.1161494666666667,-0.009669738451906225,7.728642201557902,-8.673617379884035e-19,-7.52316384526264e-37,0.0,-1.6653345369377348e-16,-2.7733391199176196e-32,0.0,-5.551115123125783e-17,-9.244463733058732e-33,0.0,0.9293240502754041,-0.0023751652260622035,50,167,0,0,0,0
0.0016265600000000026,-2.5450842048000005e-06,10.873895405314027,-3.08,-3.0688,11.840744686291952,0.005957446666666699,-0.0037400927866018258,0.008138087804070462,0.0006782399999999966,7.501213917146662e-05,3.582882138027185,0.06703214000000002,-0.0029860281884454658,0.6085596394561575,-8.673617379884035e-19,-7.52316384526264e-37,0.0,-1.6653345369377348e-16,-2.7733391199176196e-32,0.0,-5.551115123125783e-17,-9.244463733058732e-33,0.0,0.8765206849118874,0.00044174797747144616,50,168,0,0,0,0
0.001117399999999994,-2.194773224e-06,10.750740712908714,-1.9133333333333336,-3.747955555555555,11.627498653617387,0.0059574399999999805,-0.003253354835069361,0.016293013323347077,-0.003174680000000013,-1.74473711293334e-05,4.2719256071558265,0.08617582000000007,-0.0013864031525196007,1.947886493151431,-8.673617379884035e-19,-7.52316384526264e-37,0.0,-1.6653345369377348e-16,-2.7733391199176196e-32,0.0,-5.551115123125783e-17,-9.244463733058732e-33,0.0,0.8054669255047577,0.004051794743060563,50,169,0,0,0,0
0.0006083999999999985,-1.2802619519999988e-06,10.629132172470355,-0.7466666666666666,-4.131555555555556,8.551184639174025,0.005957453333333362,-0.002766623550202227,0.011859276039690137,0.007152079999999991,6.758798067519998e-05,1.738400572519795,0.060101176666666756,-0.006001396572316124,0.5882798803577255,-8.673617379884035e-19,-7.52316384526264e-37,0.0,-1.6653345369377348e-16,-2.7733391199176196e-32,0.0,-5.551115123125783e-17,-9.244463733058732e-33,0.0,0.8619744751746219,-0.0015869076318988462,50,170,0,0,0,0
0.00016085999999999878,-6.043880400000039e-09,10.509012164509295,0.4200000000000004,-4.2196,11.32449476866467,0.005957443333333257,-0.0022798840128563924,0.019261064424220296,0.024555500000000036,-0.00014709161793,6.467228202680054,0.06836712000000006,-0.004097790277472266,0.7738676429372023,-8.673617379884035e-19,-7.52316384526264e-37,0.0,-1.6653345369377348e-16,-2.7733391199176196e-32,0.0,-5.551115123125783e-17,-9.244463733058732e-33,0.0,0.8713306812980314,-0.0019011942708471266,50,171,0,0,0,0
0.0001612266666666702,-6.079751822222348e-09,10.390330475245275,1.586666666666667,-4.012088888888888,8.778467792034789,0.005957456666666638,-0.0017931497095504123,0.013824927203329495,-0.0028257066666666636,-5.034368779315544e-05,0.47601362791865937,-0.005696180000000051,-0.003249549314806536,0.700907802526562,-8.673617379884035e-19,-7.52316384526264e-37,0.0,-1.6653345369377348e-16,-2.7733391199176196e-32,0.0,-5.551115123125783e-17,-9.244463733058732e-33,0.0,0.8743171346977373,-0.0015264643317576328,50,172,0,0,0,1
0.00016092666666666852,-6.100597022222314e-09,10.273043783690419,2.753333333333334,-3.509022222222222,10.873895405314027,0.005957446666666644,-0.0013064119594402152,0.008138087804070462,-0.02110392666666664,-0.00026195363733275546,5.318074630363133,-0.12518096000000006,-0.006271085929860001,7.678655436249502,-8.673617379884035e-19,-7.52316384526264e-37,0.0,-1.6653345369377348e-16,-2.7733391199176196e-32,0.0,-5.551115123125783e-17,-9.244463733058732e-33,0.0,0.8614651053657768,0.0010312497420715949,50,173,0,0,0,0
0.00016075999999999938,-6.139119999999927e-09,10.157115286519314,0.0,5.6,8.42196570704962,0.005957440000000036,-0.0008196767313125297,0.016293013323347077,-0.021192343333333336,-0.00033864585078665564,5.513603739937325,-0.06511998666666668,-0.0022403056298883547,1.7067593638012986,-8.673617379884035e-19,-7.52316384526264e-37,0.0,-1.6653345369377348e-16,-2.7733391199176196e-32,0.0,-5.551115123125783e-17,-9.244463733058732e-33,0.0,0.8533880146547311,-0.0008053211759114762,50,174,0,0,0,0
0.00016115333333333037,-6.140404488888909e-09,10.042514455825009,-2.7533333333333334,-3.2887555555555554,11.095806734747933,0.005957433333333262,-0.00033294202516823135,0.011859276039690137,-0.009797933333333328,-0.00022029912175288878,3.069700989340232,0.033655626666666605,-0.005777965700718755,0.4259038088657008,-8.673617379884035e-19,-7.52316384526264e-37,0.0,-1.6653345369377348e-16,-2.7733391199176196e-32,0.0,-5.551115123125783e-17,-9.244463733058732e-33,0.0,0.8098422559499049,-0.00375149445352879,50,175,0,0,0,0
0.0001613333333333397,-6.195342222222278e-09,9.929216931765719,-1.5866666666666664,-3.8851555555555555,11.106531803743994,0.005957446666666755,0.0001537958185603011,0.019261064424220296,0.004012600000000005,4.8426557899999975e-05,1.3021156112078518,0.05675693999999992,-0.0002552963126598636,0.4014365459116725,-8.673617379884035e-19,-7.52316384526264e-37,0.0,-1.6653345369377348e-16,-2.7733391199176196e-32,0.0,-5.551115123125783e-17,-9.244463733058732e-33,0.0,0.8136978694056991,0.00356571439369871,50,176,0,0,0,0
0.000160999999999991,-6.21764000000001e-09,12.809960305588358,-0.4199999999999995,-4.186,11.14359165376915,0.0059574399999999805,0.0006405294126463901,0.013824927203329495,0.027738840000000015,0.000295154241316,4.254329652454358,0.09837150333333328,0.005212737896588677,0.23886927238728212,-8.673617379884035e-19,-7.52316384526264e-37,0.0,-1.6653345369377348e-16,-2.7733391199176196e-32,0.0,-5.551115123125783e-17,-9.244463733058732e-33,0.0,0.8961413828510842,0.0012698594279549065,50,177,0,0,0,0
0.0001607333333333398,-6.227171555555489e-09,9.70646559499729,0.7466666666666666,-4.191288888888888,11.207588655548218,0.005957453333333307,0.001127270263466304,0.008138087804070462,0.03394052666666665,0.00022601116031097763,5.824485454676547,0.09341510666666669,0.0014587822325351114,0.851367001641173,-8.673617379884035e-19,-7.52316384526264e-37,0.0,-1.6653345369377348e-16,-2.7733391199176196e-32,0.0,-5.551115123125783e-17,-9.244463733058732e-33,0.0,0.9062907796435438,0.0020643379365277176,50,178,0,0,0,0
0.00016128666666666291,-6.229993822222248e-09,9.596995100834572,1.913333333333333,-3.901022222222222,8.32686016465798,0.005957446666666533,0.0016140027454941974,0.016293013323347077,0.004647456666666661,-0.0005979687770669221,5.1203553802273705,-0.050475016666666706,-0.009448435387311058,2.7279624813977623,-8.673617379884035e-19,-7.52316384526264e-37,0.0,-1.6653345369377348e-16,-2.7733391199176196e-32,0.0,-5.551115123125783e-17,-9.244463733058732e-33,0.0,0.8215184134645959,-0.0024627980034269146,50,179,0,0,0,1
0.00016127999999999976,-6.283968000000046e-09,9.488795608532888,3.0799999999999996,-3.315200000000001,10.873895405314027,0.0059574400000000916,0.002100734705538662,0.011859276039690137,-0.0028268233333333254,-0.0004490641436623886,4.075317294716122,-0.13241845333333335,-0.008930574034025954,7.760525288609543,-8.673617379884035e-19,-7.52316384526264e-37,0.0,-1.6653345369377348e-16,-2.7733391199176196e-32,0.0,-5.551115123125783e-17,-9.244463733058732e-33,0.0,0.8537168962875945,0.0057677184460201165,50,180,0,0,0,0
0.00016094666666666493,-6.301349155555564e-09,9.381878111860246,-1.96,2.3855999999999993,9.436709827058797,0.005957453333333307,0.0025874779733817826,0.019261064424220296,0.005510009999999996,-6.827150560430003e-05,1.900573493060782,-0.029695473333333333,-0.0013927780059463588,2.609280190822049,-8.673617379884035e-19,-7.52316384526264e-37,0.0,-1.6653345369377348e-16,-2.7733391199176196e-32,0.0,-5.551115123125783e-17,-9.244463733058732e-33,0.0,0.9102813829300596,0.0051089743668016,50,181,0,0,0,0
0.00016070666666665942,-6.3144707555555045e-09,9.276263541507648,-2.4266666666666667,-3.661155555555556,11.095701503097896,0.005957443333333368,0.003074208523495617,0.013824927203329495,-0.0014707300000000034,-0.00012996063337923332,3.390074540101626,0.009042883333333251,-0.011730924249123727,2.8628953485284763,-8.673617379884035e-19,-7.52316384526264e-37,0.0,-1.6653345369377348e-16,-2.7733391199176196e-32,0.0,-5.551115123125783e-17,-9.244463733058732e-33,0.0,0.8518288302474575,-0.003781814110742494,50,182,0,0,1,1
0.00016142000000000933,-6.32338760000003e-09,9.171984940447999,-1.2599999999999998,-4.1748,12.01339805129822,0.005957456666666694,0.003560954809777625,0.008138087804070462,-0.016702343333333328,-0.0003189276287162557,4.121370997891034,0.01434492333333337,-0.008835440986754256,1.5569700293624629,-8.673617379884035e-19,-7.52316384526264e-37,0.0,-1.6653345369377348e-16,-2.7733391199176196e-32,0.0,-5.551115123125783e-17,-9.244463733058732e-33,0.0,0.7801199427438749,0.0009765228790310604,50,183,0,0,0,0
0.00016122666666666674,-6.371086222222251e-09,9.069090718046967,-0.09333333333333371,-4.392888888888889,12.316651597789352,0.005957446666666644,0.004047683572655766,0.016293013323347077,-0.01626055,-0.00040173183438150004,6.0614930808513945,0.01805763666666671,-0.005544265021980655,2.6157331309231324,-8.673617379884035e-19,-7.52316384526264e-37,0.0,-1.6653345369377348e-16,-2.7733391199176196e-32,0.0,-5.551115123125783e-17,-9.244463733058732e-33,0.0,0.8042183298387942,0.0005477341898811582,50,184,0,0,0,0
0.0001608933333333354,-6.383550755555553e-09,8.967649650163738,1.0733333333333333,-4.315422222222223,11.095701503097896,0.0059574399999999805,0.004534412809295452,0.011859276039690139,0.007363193333333309,-9.939092594982222e-05,4.618598059987241,0.07057667333333328,0.0003283959019253768,0.6899967596207645,-8.673617379884035e-19,-7.52316384526264e-37,0.0,-1.6653345369377348e-16,-2.7733391199176196e-32,0.0,-5.551115123125783e-17,-9.244463733058732e-33,0.0,0.8454562819929137,7.055589625909016e-05,50,185,0,0,0,0
0.00016248000000000998,-6.323257599999975e-09,12.149290417523787,2.2800000000000002,-3.904,10.873895405314027,-0.03489360666666663,0.0033523405910365622,0.019261064424220296,0.002554143333333342,-0.0002326946041459889,2.532580711755091,-0.061045846666666626,-0.006683929959766622,1.8640303771375346,-8.673617379884035e-19,-7.52316384526264e-37,0.0,-1.6653345369377348e-16,-2.7733391199176196e-32,0.0,-5.551115123125783e-17,-9.244463733058732e-33,0.0,0.79308277043102,-0.00231248867893454,50,186,0,0,1,1
0.00016297333333334038,-6.276118222222264e-09,11.426621772256846,2.8799999999999994,-0.6208,8.823287615868907,-0.028085106666666693,0.0006057661591655217,0.015581077621694908,-0.014308446666666669,-0.0002050999547591555,3.85108043535181,-0.14655856999999997,-0.005690310673376301,7.6739899186987595,-8.673617379884035e-19,-7.52316384526264e-37,0.0,-1.6653345369377348e-16,-2.7733391199176196e-32,0.0,-5.551115123125783e-17,-9.244463733058732e-33,0.0,0.7777856140443898,-0.003617414365224883,50,187,0,0,0,0
0.0001623466666666705,-6.243807288888907e-09,11.306875227809128,-3.24,-3.1648000000000005,12.416117188334756,-0.021276603333333366,-0.0015150062405914488,0.019261064424220296,-0.0069443233333333215,-8.196835076252224e-05,3.070289361799396,0.027993106666666656,0.0035183185024716453,2.7528518365507897,-8.673617379884035e-19,-7.52316384526264e-37,0.0,-1.6653345369377348e-16,-2.7733391199176196e-32,0.0,-5.551115123125783e-17,-9.244463733058732e-33,0.0,0.8346439835870431,0.0004015440218666164,50,188,0,0,0,0
0.0001617199999999902,-6.178139199999963e-09,11.190550001874938,-2.08,-3.808000000000001,8.80933637616706,-0.01446808000000005,-0.003009992594053046,0.013824927203329495,0.004988090000000001,0.0003563498897427667,2.8145001385240174,0.07047004333333334,0.008981883322429742,0.22710154381673045,-8.673617379884035e-19,-7.52316384526264e-37,0.0,-1.6653345369377348e-16,-2.7733391199176196e-32,0.0,-5.551115123125783e-17,-9.244463733058732e-33,0.0,0.901034083301168,0.0003986723142546943,50,189,0,0,0,0
0.0001614399999999988,-6.110966399999997e-09,11.078109735036216,-0.9199999999999999,-4.185599999999998,8.731584776801402,-0.007659576666666612,-0.003879157389164653,0.019238238576939,-0.006059583333333354,-8.085786436305557e-05,3.98360288933869,0.061373583333333426,-0.0002903812026397168,1.926743052443523,-8.673617379884035e-19,-7.52316384526264e-37,0.0,-1.6653345369377348e-16,-2.7733391199176196e-32,0.0,-5.551115123125783e-17,-9.244463733058732e-33,0.0,0.8407696345326682,0.0019126967592211711,50,190,0,0,0,0
0.00016174666666666018,-6.0707720888889464e-09,10.970672245686426,0.2400000000000002,-4.2976,11.960570427716501,-0.0008510533333334069,-0.00412253201883131,0.013605272596496812,-0.011346873333333327,-0.0002663014813786222,7.017878920856086,0.04405736666666665,-0.003042458497786886,1.2774425112390082,-8.673617379884035e-19,-7.52316384526264e-37,0.0,-1.6653345369377348e-16,-2.7733391199176196e-32,0.0,-5.551115123125783e-17,-9.244463733058732e-33,0.0,0.7971211101986608,0.0023789578498786467,50,191,0,0,0,0
0.00016111999999999724,-6.023782400000008e-09,10.873895405314027,1.4000000000000004,-4.143999999999999,6.423233924930679,0.005957446666666699,-0.0037400927866018258,0.008138087804070462,-0.00555961666666667,-7.90675472243889e-05,1.6261550810167924,0.0215942566666667,0.0006264572577114845,2.7910659310222545,-8.673617379884035e-19,-7.52316384526264e-37,0.0,-1.6653345369377348e-16,-2.7733391199176196e-32,0.0,-5.551115123125783e-17,-9.244463733058732e-33,0.0,0.8463080706356656,-0.000725885152597002,50,192,0,0,0,0
0.0011521533333333361,2.1417336152444476e-06,10.750740712908714,2.566666666666667,-3.6882222222222216,10.873895405314027,0.0059574399999999805,-0.003253354835069361,0.016293013323347077,0.0018165566666666494,-0.0001665551219573222,2.0433689449161183,-0.10876279666666666,-0.01071561524672679,5.340659810695949,-8.673617379884035e-19,-7.52316384526264e-37,0.0,-1.6653345369377348e-16,-2.7733391199176196e-32,0.0,-5.551115123125783e-17,-9.244463733058732e-33,0.0,0.7957732372848954,0.005123384365689502,50,193,0,1,0,0
0.003093400000000003,-5.384718720000003e-07,10.629132172470355,1.1199999999999997,4.972800000000002,8.329378541390154,0.005957453333333362,-0.002766623550202227,0.011859276039690137,0.009080210000000005,-3.6219055875233355e-05,4.399944278384588,-0.0876841966666666,-0.010605651794498126,3.2856220990159546,-8.673617379884035e-19,-7.52316384526264e-37,0.0,-1.6653345369377348e-16,-2.7733391199176196e-32,0.0,-5.551115123125783e-17,-9.244463733058732e-33,0.0,0.7890853846337121,0.006615902381673516,50,194,0,0,0,0
0.0025768999999999966,-1.8041295700000014e-06,10.509012164509295,-2.94,-3.144400000000001,11.324494768664668,0.005957443333333257,-0.0022798840128563924,0.019261064424220296,0.024432830000000016,0.00010011641618090005,4.367654593074743,0.08216646000000011,-0.0005068909380590708,1.7060941032261925,-8.673617379884035e-19,-7.52316384526264e-37,0.0,-1.6653345369377348e-16,-2.7733391199176196e-32,0.0,-5.551115123125783e-17,-9.244463733058732e-33,0.0,0.9512542910620728,-0.0013227548469483992,50,195,0,0,0,0
0.0020604000000000004,-2.4889726880000003e-06,10.390330475245275,-1.773333333333333,-3.7880888888888893,11.224210116342825,0.005957456666666638,-0.0017931497095504123,0.013824927203329495,0.01971507,9.13540032399666e-05,4.213081193413917,0.06086529333333329,-0.004418494850417155,1.5626509016393788,-8.673617379884035e-19,-7.52316384526264e-37,0.0,-1.6653345369377348e-16,-2.7733391199176196e-32,0.0,-5.551115123125783e-17,-9.244463733058732e-33,0.0,0.9317894911042068,-0.0002953741985037429,50,196,0,0,0,0
0.0015444133333333311,-2.5931016584888884e-06,10.273043783690419,-0.6066666666666669,-4.136222222222222,8.591325662867565,0.005957446666666644,-0.0013064119594402152,0.008138087804070462,0.013345303333333364,0.0001387947117388112,4.383919126968199,0.06520087999999996,-0.003966708515589067,2.6319669460523967,-8.673617379884035e-19,-7.52316384526264e-37,0.0,-1.6653345369377348e-16,-2.7733391199176196e-32,0.0,-5.551115123125783e-17,-9.244463733058732e-33,0.0,0.8725159681843259,-0.006655629837025831,50,197,0,0,0,0
0.0010285200000000015,-2.1173332448000005e-06,10.157115286519314,0.5599999999999996,-4.1888,11.11138625762391,0.005957440000000036,-0.0008196767313125297,0.016293013323347077,7.18266666666495e-05,7.762161099377624e-06,1.9403740237470322,0.06309094333333337,-0.003321126524415189,0.3356720746326338,-8.673617379884035e-19,-7.52316384526264e-37,0.0,-1.6653345369377348e-16,-2.7733391199176196e-32,0.0,-5.551115123125783e-17,-9.244463733058732e-33,0.0,0.8984552909572819,0.0002218571815424245,50,198,0,0,0,0
0.0005120200000000123,-1.0609920852000004e-06,10.042514455825009,1.7266666666666661,-3.945822222222223,8.448747535300729,0.005957433333333262,-0.00033294202516823135,0.011859276039690137,-0.0052046933333333295,-0.00014820869907395556,1.4816740539719466,-0.01046117000000002,-0.0017742113971118932,0.6261594105486882,-8.673617379884035e-19,-7.52316384526264e-37,0.0,-1.6653345369377348e-16,-2.7733391199176196e-32,0.0,-5.551115123125783e-17,-9.244463733058732e-33,0.0,0.820480038761356,-0.005719028657008095,50,199,0,0,0,0
0.00016074666666666265,-6.183239822222224e-09,9.929216931765719,2.893333333333333,-3.4072888888888895,10.873895405314027,0.005957446666666755,0.0001537958185603011,0.019261064424220296,-0.02095867,-0.0003229708709971001,6.771307873903788,-0.16865074000000005,-0.011140126314188134,7.581885885999583,-8.673617379884035e-19,-7.52316384526264e-37,0.0,-1.6653345369377348e-16,-2.7733391199176196e-32,0.0,-5.551115123125783e-17,-9.244463733058732e-33,0.0,0.7136705209869167,0.00018170722240788375,50,200,0,0,0,0
0.0001612200000000001,-6.184723599999981e-09,12.809960305588358,-0.8399999999999999,4.894399999999997,10.92178555598528,0.0059574399999999805,0.0006405294126463901,0.013824927203329495,-0.013472090000000006,-0.00028391397747883334,2.7413545357006623,-0.0615094633333334,-0.002264492236746525,2.85783612522539,-8.673617379884035e-19,-7.52316384526264e-37,0.0,-1.6653345369377348e-16,-2.7733391199176196e-32,0.0,-5.551115123125783e-17,-9.244463733058732e-33,0.0,0.7280807720298088,0.0037826679835781325,50,201,0,0,1,1
0.0001613066666666628,-6.239843555555449e-09,9.70646559499729,-2.6133333333333333,-3.4296888888888897,11.095701503097896,0.005957453333333307,0.001127270263466304,0.008138087804070462,-0.00346109,-0.00016662181808510003,2.6609208058716494,0.03474210999999999,-0.007395666493025902,2.9685167734510043,-8.673617379884035e-19,-7.52316384526264e-37,0.0,-1.6653345369377348e-16,-2.7733391199176196e-32,0.0,-5.551115123125783e-17,-9.244463733058732e-33,0.0,0.8361765333943728,0.004546064117865889,50,202,0,0,0,0
0.00016097333333334185,-6.259683022222175e-09,9.596995100834572,-1.4466666666666668,-3.990622222222222,11.299771632932728,0.005957446666666533,0.0016140027454941974,0.016293013323347077,-0.010227076666666668,-0.00019003669341958893,1.7911456835686448,0.024339940000000004,-0.009243968996583335,1.788794757040751,-8.673617379884035e-19,-7.52316384526264e-37,0.0,-1.6653345369377348e-16,-2.7733391199176196e-32,0.0,-5.551115123125783e-17,-9.244463733058732e-33,0.0,0.771745268323084,-0.0034215906022264644,50,203,0,0,0,0
0.0001607199999999996,-6.270915199999958e-09,9.488795608532888,-0.28000000000000025,-4.255999999999999,11.42220235265313,0.0059574400000000916,0.002100734705538662,0.011859276039690137,0.014788636666666674,0.0005161919176798777,2.980668339696814,0.03025890666666675,-0.008609372894177415,1.6356684863056241,-8.673617379884035e-19,-7.52316384526264e-37,0.0,-1.6653345369377348e-16,-2.7733391199176196e-32,0.0,-5.551115123125783e-17,-9.244463733058732e-33,0.0,0.8839483860157813,0.006330297465588479,50,204,0,0,0,0
0.00016135333333333612,-6.2762151555555396e-09,9.381878111860246,0.8866666666666663,-4.225822222222223,11.095701503097896,0.005957453333333307,0.0025874779733817826,0.019261064424220296,0.013600716666666665,5.772668263827785e-05,2.7708531686944182,0.01519642333333332,-0.008365196236799459,2.886279780583692,-8.673617379884035e-19,-7.52316384526264e-37,0.0,-1.6653345369377348e-16,-2.7733391199176196e-32,0.0,-5.551115123125783e-17,-9.244463733058732e-33,0.0,0.8992362856501833,-0.004273174263876114,50,205,0,0,0,0
0.00016125333333333325,-6.3277155555555575e-09,9.276263541507648,2.0533333333333332,-3.9000888888888894,8.477356967248024,0.005957443333333368,0.003074208523495617,0.013824927203329495,-0.016095876666666675,-0.0003319907671125222,5.328434456757107,-0.06958289000000001,-0.008702338395706034,4.929957899195902,-8.673617379884035e-19,-7.52316384526264e-37,0.0,-1.6653345369377348e-16,-2.7733391199176196e-32,0.0,-5.551115123125783e-17,-9.244463733058732e-33,0.0,0.8034792418492472,0.0037653342271709647,50,206,0,0,0,0
0.00016092000000000536,-6.342638399999898e-09,9.171984940447999,3.2199999999999998,-3.278800000000001,10.873895405314027,0.005957456666666694,0.003560954809777625,0.008138087804070462,-0.014222366666666666,-0.00030896477430422225,7.391035237951562,-0.13250710666666665,-0.007310494748181155,7.636845214270778,-8.673617379884035e-19,-7.52316384526264e-37,0.0,-1.6653345369377348e-16,-2.7733391199176196e-32,0.0,-5.551115123125783e-17,-9.244463733058732e-33,0.0,0.7915498617291243,-0.0034973977084320315,50,207,0,0,0,0
0.0001606933333333331,-6.3578382222221305e-09,9.069090718046967,-2.8000000000000003,-0.6720000000000006,10.441744951879437,0.005957446666666644,0.004047683572655766,0.016293013323347077,0.00467443666666667,0.0001485301220428111,2.7582125907732182,0.07163440999999998,0.0131992773573433,1.4447493398748594,-8.673617379884035e-19,-7.52316384526264e-37,0.0,-1.6653345369377348e-16,-2.7733391199176196e-32,0.0,-5.551115123125783e-17,-9.244463733058732e-33,0.0,0.8464755321394051,0.0032062013777517467,50,208,0,0,0,1
0.0001614866666666756,-6.371511155555648e-09,8.967649650163738,-2.286666666666667,-3.8674222222222228,11.095701503097896,0.0059574399999999805,0.004534412809295452,0.011859276039690139,0.002107943333333348,-0.0002661989921522555,2.177603671824343,0.06982048666666668,-0.004212688967674088,1.7717017877235728,-8.673617379884035e-19,-7.52316384526264e-37,0.0,-1.6653345369377348e-16,-2.7733391199176196e-32,0.0,-5.551115123125783e-17,-9.244463733058732e-33,0.0,0.7623901462059058,-0.0037458724020309887,50,209,0,0,1,0
0.0001629600000000106,-6.339737600000079e-09,12.149290417523787,-1.08,-4.307200000000001,9.249382880729407,-0.03489360666666663,0.0033523405910365622,0.019261064424220296,-0.009223913333333347,-0.0004008648905663556,2.1465326694901363,0.04042487,-0.005696878764351498,0.5724764209026663,-8.673617379884035e-19,-7.52316384526264e-37,0.0,-1.6653345369377348e-16,-2.7733391199176196e-32,0.0,-5.551115123125783e-17,-9.244463733058732e-33,0.0,0.7625907507954318,0.000427791547798865,50,210,0,0,0,0
0.00016233333333333377,-6.281408888889063e-09,11.426621772256846,0.08000000000000007,-4.4064000000000005,12.622819514404366,-0.028085106666666693,0.0006057661591655217,0.015581077621694908,0.00022262666666665598,-0.00021168609116355554,2.563399437905755,0.04116229666666671,-0.004480006806235856,0.7361163989052137,-8.673617379884035e-19,-7.52316384526264e-37,0.0,-1.6653345369377348e-16,-2.7733391199176196e-32,0.0,-5.551115123125783e-17,-9.244463733058732e-33,0.0,0.7458413456719579,-0.00017103087633190092,50,211,0,0,0,0
0.00016195999999999572,-6.221126400000185e-09,11.306875227809128,1.2400000000000002,-4.239999999999999,6.955462234719734,-0.021276603333333366,-0.0015150062405914488,0.019261064424220296,-0.010897899999999995,-0.00026806300584600003,6.70040957526271,-0.011776753333333279,-0.006636368567174887,1.6151162834870099,-8.673617379884035e-19,-7.52316384526264e-37,0.0,-1.6653345369377348e-16,-2.7733391199176196e-32,0.0,-5.551115123125783e-17,-9.244463733058732e-33,0.0,0.7857577538286605,0.0015533073623624665,50,212,0,0,0,0
0.00016236000000000722,-6.1781392000000865e-09,11.190550001874938,2.4000000000000004,-3.8080000000000003,10.873895405314027,-0.01446808000000005,-0.003009992594053046,0.013824927203329495,-0.00428241,-0.00013356527242350003,5.027896634156849,-0.11541613666666667,-0.008421876499419721,6.363709826106531,-8.673617379884035e-19,-7.52316384526264e-37,0.0,-1.6653345369377348e-16,-2.7733391199176196e-32,0.0,-5.551115123125783e-17,-9.244463733058732e-33,0.0,0.8157688468135155,0.0031096773196300376,50,213,0,0,0,0
0.0001617333333333304,-6.138488888888853e-09,11.078109735036216,2.1599999999999997,2.489600000000001,8.509778679017533,-0.007659576666666612,-0.003879157389164653,0.019238238576939,-0.0016600166666666805,-0.00012815529089038884,3.445439917513652,-0.12636259000000005,-0.0081389899252039,7.740509979705433,-8.673617379884035e-19,-7.52316384526264e-37,0.0,-1.6653345369377348e-16,-2.7733391199176196e-32,0.0,-5.551115123125783e-17,-9.244463733058732e-33,0.0,0.8329012234266818,0.002258102052222091,50,214,0,0,0,0
0.0001611066666666744,-6.065481422222133e-09,10.970672245686426,-3.12,-3.0880000000000005,11.960570427716501,-0.0008510533333334069,-0.00412253201883131,0.013605272596496812,-0.013311813333333325,-0.00016561380893982222,7.747671728413824,-0.00472925666666657,-0.0013435969767306571,1.743497562642561,-8.673617379884035e-19,-7.52316384526264e-37,0.0,-1.6653345369377348e-16,-2.7733391199176196e-32,0.0,-5.551115123125783e-17,-9.244463733058732e-33,0.0,0.8474184394865376,0.0021242362992600584,50,215,0,0,0,0
0.00016091999999999496,-5.9927775999999526e-09,10.873895405314027,-1.9600000000000004,-3.7408,8.624122013063339,0.005957446666666699,-0.0037400927866018258,0.008138087804070462,0.003750613333333319,0.00010333465583031113,1.3799279097559098,0.008217323333333304,0.00886492967965441,0.4863829829653742,-8.673617379884035e-19,-7.52316384526264e-37,0.0,-1.6653345369377348e-16,-2.7733391199176196e-32,0.0,-5.551115123125783e-17,-9.244463733058732e-33,0.0,0.8288761808786412,-0.0007377289678642736,50,216,0,0,1,0
0.0001614266666666725,-6.036619555555445e-09,10.750740712908714,-0.7933333333333334,-4.136222222222223,8.577233545038052,0.0059574399999999805,-0.003253354835069361,0.016293013323347077,0.005435576666666664,4.992388472241111e-05,4.416815396376005,-0.13727603333333332,-0.00818801325226422,6.706782637122464,-8.673617379884035e-19,-7.52316384526264e-37,0.0,-1.6653345369377348e-16,-2.7733391199176196e-32,0.0,-5.551115123125783e-17,-9.244463733058732e-33,0.0,0.8301308450996361,0.0004386699400409338,50,217,0,0,0,1
0.0001610933333333342,-6.0675214222222094e-09,10.629132172470355,0.3733333333333335,-4.236088888888888,11.457516202387595,0.005957453333333362,-0.002766623550202227,0.011859276039690137,-0.007326486666666666,-0.00012155379177835557,4.829409282343334,-0.09658973666666665,-0.012235843816219989,6.51599594588532,-8.673617379884035e-19,-7.52316384526264e-37,0.0,-1.6653345369377348e-16,-2.7733391199176196e-32,0.0,-5.551115123125783e-17,-9.244463733058732e-33,0.0,0.8269060288626758,0.0042088070642572984,50,218,0,0,0,0
0.00016077999999999926,-6.072587600000164e-09,10.509012164509295,1.5400000000000005,-4.0404,6.161830796558617,0.005957443333333257,-0.0022798840128563924,0.019261064424220296,-0.005647233333333321,-0.0001337514424682222,3.486152446339779,-0.03565763999999999,-0.0090966841816872,3.946097020691126,-8.673617379884035e-19,-7.52316384526264e-37,0.0,-1.6653345369377348e-16,-2.7733391199176196e-32,0.0,-5.551115123125783e-17,-9.244463733058732e-33,0.0,0.8599678790458586,-0.00186626946090347,50,219,0,0,1,1
0.0001606133333333301,-6.097638755555662e-09,10.390330475245275,2.706666666666667,-3.549155555555556,10.873895405314027,0.005957456666666638,-0.0017931497095504123,0.013824927203329495,0.002805343333333335,-5.305129462012225e-05,3.0970961221425877,-0.04590797333333341,-0.007300289364952086,4.148089592439346,-8.673617379884035e-19,-7.52316384526264e-37,0.0,-1.6653345369377348e-16,-2.7733391199176196e-32,0.0,-5.551115123125783e-17,-9.244463733058732e-33,0.0,0.781349073119555,0.0012750434003022833,50,220,0,0,0,0
0.00016092666666666505,-6.085166622222311e-09,10.273043783690419,0.28000000000000025,5.6112,8.369519565083694,0.005957446666666644,-0.0013064119594402152,0.008138087804070462,-0.0017493266666666618,9.597187839204446e-05,1.2533415548443774,-0.03371913999999995,-0.008682027151176669,1.5007799977839018,-8.673617379884035e-19,-7.52316384526264e-37,0.0,-1.6653345369377348e-16,-2.7733391199176196e-32,0.0,-5.551115123125783e-17,-9.244463733058732e-33,0.0,0.7780425844339841,-0.0008968320613148774,50,221,0,0,0,0
0.00016120000000000023,-6.123871999999873e-09,10.157115286519314,-2.8000000000000003,-3.2479999999999998,11.11138625762391,0.005957440000000036,-0.0008196767313125297,0.016293013323347077,0.003209513333333344,-8.991096728555563e-05,1.6018009369015818,0.034989539999999986,-0.004810916303456134,1.809932432455874,-8.673617379884035e-19,-7.52316384526264e-37,0.0,-1.6653345369377348e-16,-2.7733391199176196e-32,0.0,-5.551115123125783e-17,-9.244463733058732e-33,0.0,0.7455247009699418,0.00019126048469354388,50,222,0,0,0,0
0.21991387333333332,0.03795171681126804,10.042514455825009,-1.6333333333333333,-3.856222222222222,11.095806734747935,0.005957433333333262,-0.00033294202516823135,0.011859276039690137,0.00027682333333331477,-1.66033373457222e-05,0.9248648138068334,-0.019476376666666573,0.0014959519600705445,0.6225825436803848,-8.673617379884035e-19,-7.52316384526264e-37,0.0,-1.6653345369377348e-16,-2.7733391199176196e-32,0.0,-5.551115123125783e-17,-9.244463733058732e-33,0.0,0.8562369678058579,0.0035651807695868095,50,223,0,0,0,0
0.35595185333333335,-0.01304085001775182,9.929216931765719,-0.46666666666666634,-4.168888888888889,11.106531803743994,0.005957446666666755,0.0001537958185603011,0.019261064424220296,-0.006004493333333347,-5.6695099611288875e-05,0.5808272062469622,0.008070460000000057,0.0008808645793582683,1.5715668616822456,-8.673617379884035e-19,-7.52316384526264e-37,0.0,-1.6653345369377348e-16,-2.7733391199176196e-32,0.0,-5.551115123125783e-17,-9.244463733058732e-33,0.0,0.9380572582865129,0.0030750256685143583,50,224,0,0,0,0
0.29054932,-0.029649297231559995,12.809960305588358,0.6999999999999997,-4.185999999999998,11.14359165376915,0.0059574399999999805,0.0006405294126463901,0.013824927203329495,0.00317432333333334,-4.091862184522289e-06,0.6860096666420047,0.0789874266666667,0.001760508348031379,1.4958836813845722,-8.673617379884035e-19,-7.52316384526264e-37,0.0,-1.6653345369377348e-16,-2.7733391199176196e-32,0.0,-5.551115123125783e-17,-9.244463733058732e-33,0.0,0.9700197387847344,0.0012054383405599974,50,225,0,0,1,0
0.22514632000000007,-0.0376967013801664,9.70646559499729,1.8666666666666663,-3.9075555555555557,8.32473182397126,0.005957453333333307,0.001127270263466304,0.008138087804070462,0.010270209999999988,-1.547735344389995e-05,1.5782636074318952,0.036734110000000014,-0.001921814503331766,3.85996891998764,-8.673617379884035e-19,-7.52316384526264e-37,0.0,-1.6653345369377348e-16,-2.7733391199176196e-32,0.0,-5.551115123125783e-17,-9.244463733058732e-33,0.0,0.9702546247758213,0.0019279994021815948,50,226,0,0,0,0
0.15974331999999997,-0.03718301502821279,9.596995100834572,3.033333333333333,-3.3335555555555554,10.873895405314027,0.005957446666666533,0.0016140027454941974,0.016293013323347077,0.008633040000000008,-4.3539283310133306e-05,1.5753313947892935,-0.015175026666666674,-0.0015809574056614237,4.286696138837631,-8.673617379884035e-19,-7.52316384526264e-37,0.0,-1.6653345369377348e-16,-2.7733391199176196e-32,0.0,-5.551115123125783e-17,-9.244463733058732e-33,0.0,0.9680943171356777,-0.0011116571753224985,50,227,0,0,0,0
0.09434115999999998,-0.028108285899398403,9.488795608532888,-1.6800000000000002,3.1808000000000014,9.20611544151117,0.0059574400000000916,0.002100734705538662,0.011859276039690137,0.020866676666666667,0.0005032600642809444,2.955453513205206,0.1125612233333333,0.015421298228514674,1.5938830907301722,-8.673617379884035e-19,-7.52316384526264e-37,0.0,-1.6653345369377348e-16,-2.7733391199176196e-32,0.0,-5.551115123125783e-17,-9.244463733058732e-33,0.0,0.9620242586124681,0.00031637921677287514,50,228,0,0,0,0
0.02893844000000001,-0.0104725576231824,9.381878111860246,-2.4733333333333336,-3.5986222222222217,11.095701503097896,0.005957453333333307,0.0025874779733817826,0.019261064424220296,0.02534839,0.0006906576744927667,2.5605838077866157,0.10062529999999997,-0.0030191126728459985,3.244723059473295,-8.673617379884035e-19,-7.52316384526264e-37,0.0,-1.6653345369377348e-16,-2.7733391199176196e-32,0.0,-5.551115123125783e-17,-9.244463733058732e-33,0.0,0.9902652166395106,-0.0005269070534627153,50,229,0,0,0,0
0.00016093333333339066,-6.322040888890289e-09,9.276263541507648,-1.3066666666666666,-4.124088888888889,11.772397771504203,0.005957443333333368,0.003074208523495617,0.013824927203329495,-0.01520892333333334,-0.0004632316098614556,3.274443863797391,0.01939645000000001,-0.006401932367925498,1.507699320796938,-8.673617379884035e-19,-7.52316384526264e-37,0.0,-1.6653345369377348e-16,-2.7733391199176196e-32,0.0,-5.551115123125783e-17,-9.244463733058732e-33,0.0,0.9698194242218372,-0.0007252498920136514,50,230,0,0,0,0
0.0001607000000000136,-6.3361780000018025e-09,9.171984940447999,-0.13999999999999968,-4.354,12.01339805129822,0.005957456666666694,0.003560954809777625,0.008138087804070462,-0.015613533333333346,-0.00047058797141955554,4.5604557906674446,0.029738696666666675,-0.0032613997392698553,4.009209901818529,-8.673617379884035e-19,-7.52316384526264e-37,0.0,-1.6653345369377348e-16,-2.7733391199176196e-32,0.0,-5.551115123125783e-17,-9.244463733058732e-33,0.0,0.9133941469170184,-0.0024219121527925646,50,231,0,0,1,1
0.0001614533333333945,-6.347330488890155e-09,9.069090718046967,1.0266666666666664,-4.2883555555555555,11.095701503097896,0.005957446666666644,0.004047683572655766,0.016293013323347077,0.005686683333333331,-0.0002992824624597221,0.553524356876388,0.029505119999999996,-0.0033631377955168004,1.486036137727109,-8.673617379884035e-19,-7.52316384526264e-37,0.0,-1.6653345369377348e-16,-2.7733391199176196e-32,0.0,-5.551115123125783e-17,-9.244463733058732e-33,0.0,0.9776136658620942,0.00043850963032274334,50,232,0,0,0,0
0.0001612133333332988,-6.392630222223083e-09,8.967649650163738,2.1933333333333334,-3.9271555555555557,8.978352595279734,0.0059574399999999805,0.004534412809295452,0.011859276039690139,-0.006467356666666674,-0.0004163483267199889,3.298502499962588,-0.061187653333333314,-0.008282059437598755,3.833637980885542,-8.673617379884035e-19,-7.52316384526264e-37,0.0,-1.6653345369377348e-16,-2.7733391199176196e-32,0.0,-5.551115123125783e-17,-9.244463733058732e-33,0.0,0.9316332360528408,-0.0004739207618808356,50,233,0,0,1,0
0.0001626400000000472,-6.329523200000645e-09,12.149290417523787,3.1199999999999997,-1.888,9.027576782945536,-0.03489360666666663,0.0033523405910365622,0.019261064424220296,-0.009773080000000017,-0.0003604639690309333,3.4094207820297666,-0.11645043666666666,-0.007417086337502254,7.771512769365365,-8.673617379884035e-19,-7.52316384526264e-37,0.0,-1.6653345369377348e-16,-2.7733391199176196e-32,0.0,-5.551115123125783e-17,-9.244463733058732e-33,0.0,0.9688163221540222,-4.9658923938930644e-05,50,234,0,0,0,0
0.0001622199999999907,-6.273195599999111e-09,11.426621772256846,-3.2800000000000002,-3.1968000000000005,12.622819514404366,-0.028085106666666693,0.0006057661591655217,0.015581077621694908,-0.001868316666666689,-0.0002940307666763889,0.6621575631392,0.04400825333333336,0.002637777691447381,0.7137878595498595,-8.673617379884035e-19,-7.52316384526264e-37,0.0,-1.6653345369377348e-16,-2.7733391199176196e-32,0.0,-5.551115123125783e-17,-9.244463733058732e-33,0.0,0.9124366321376458,-0.0002579877449004341,50,235,0,0,0,0
0.00016266666666675533,-6.22830222222093e-09,11.306875227809128,-2.12,-3.8368,8.909880378198732,-0.021276603333333366,-0.0015150062405914488,0.019261064424220296,0.004338063333333322,-2.7919504964122303e-05,0.9553689725988853,0.07438960999999994,0.0027643152866017005,3.7761490934608473,-8.673617379884035e-19,-7.52316384526264e-37,0.0,-1.6653345369377348e-16,-2.7733391199176196e-32,0.0,-5.551115123125783e-17,-9.244463733058732e-33,0.0,0.8866667697106704,0.002286746142606556,50,236,0,0,0,0
0.00016203999999997443,-6.192321599999184e-09,11.190550001874938,-0.96,-4.211199999999999,8.80933637616706,-0.01446808000000005,-0.003009992594053046,0.013824927203329495,0.004686236666666649,0.00013378187484267768,2.049114485495194,0.06224932999999999,0.002501846898366498,1.9708581240263834,-8.673617379884035e-19,-7.52316384526264e-37,0.0,-1.6653345369377348e-16,-2.7733391199176196e-32,0.0,-5.551115123125783e-17,-9.244463733058732e-33,0.0,0.8688292416842749,-8.056343883914934e-06,50,237,0,0,0,0
0.00016141333333336005,-6.122983822220203e-09,11.078109735036216,0.20000000000000018,-4.32,12.093818543331803,-0.007659576666666612,-0.003879157389164653,0.019238238576939,-0.00997164666666666,-0.00015474211797355554,6.890635429540126,0.07132699000000003,0.003380886630025167,1.5118587899419125,-8.673617379884035e-19,-7.52316384526264e-37,0.0,-1.6653345369377348e-16,-2.7733391199176196e-32,0.0,-5.551115123125783e-17,-9.244463733058732e-33,0.0,0.9462952684349145,-0.002869071564703884,50,238,0,0,0,0
0.000161179999999983,-6.052875599999855e-09,10.970672245686426,1.3600000000000003,-4.163199999999999,6.522421981896132,-0.0008510533333334069,-0.00412253201883131,0.013605272596496812,-0.0008918900000000063,-9.184262568909994e-05,5.6672826325340235,0.03295599333333338,-0.002514448466837557,0.42907716762950904,-8.673617379884035e-19,-7.52316384526264e-37,0.0,-1.6653345369377348e-16,-2.7733391199176196e-32,0.0,-5.551115123125783e-17,-9.244463733058732e-33,0.0,0.9001260101337575,0.0004962352939363361,50,239,0,0,0,0
0.0001614400000000682,-6.013568000000812e-09,10.873895405314027,2.5200000000000005,-3.7408,10.873895405314027,0.005957446666666699,-0.0037400927866018258,0.008138087804070462,0.0057891666666666786,-0.00010724055162555555,4.818797276977401,-0.08208228999999995,-0.007403216740997899,4.111272718462862,-8.673617379884035e-19,-7.52316384526264e-37,0.0,-1.6653345369377348e-16,-2.7733391199176196e-32,0.0,-5.551115123125783e-17,-9.244463733058732e-33,0.0,0.8364058068132796,-0.006406445798255039,50,240,0,0,1,1
0.00016110666666668827,-6.045699022221441e-09,10.750740712908714,1.4,4.535999999999999,8.355427447254183,0.0059574399999999805,-0.003253354835069361,0.016293013323347077,0.006226336666666679,-6.320190851545553e-05,2.01550276699123,-0.06752107666666662,-0.011473926310729052,3.3875355377733234,-8.673617379884035e-19,-7.52316384526264e-37,0.0,-1.6653345369377348e-16,-2.7733391199176196e-32,0.0,-5.551115123125783e-17,-9.244463733058732e-33,0.0,0.8668743875369223,0.00014591038764576438,50,241,0,0,0,0
0.00016078666666663466,-6.05031608888871e-09,10.629132172470355,-2.9866666666666664,-3.116088888888889,11.457516202387595,0.005957453333333362,-0.002766623550202227,0.011859276039690137,0.01696847333333333,2.3056854892577807e-05,5.396286626385665,0.10769361333333333,0.003350749181793247,1.8966840736801343,-8.673617379884035e-19,-7.52316384526264e-37,0.0,-1.6653345369377348e-16,-2.7733391199176196e-32,0.0,-5.551115123125783e-17,-9.244463733058732e-33,0.0,0.8823989426834755,-0.004000468390175587,50,242,0,0,1,0
0.00016102000000006722,-6.054619600000345e-09,10.509012164509295,-1.8199999999999998,-3.7716000000000007,11.324494768664668,0.005957443333333257,-0.0022798840128563924,0.019261064424220296,0.02108537000000002,7.579183813209996e-05,4.2777391190264815,0.11434407333333341,0.006077858579820582,1.701499258938576,-8.673617379884035e-19,-7.52316384526264e-37,0.0,-1.6653345369377348e-16,-2.7733391199176196e-32,0.0,-5.551115123125783e-17,-9.244463733058732e-33,0.0,0.8765116748253924,-0.0024107852796731244,50,243,0,0,1,0
0.0001613866666665964,-6.1052088888902426e-09,10.390330475245275,-0.6533333333333338,-4.131555555555555,8.558503888106952,0.005957456666666638,-0.0017931497095504123,0.013824927203329495,0.05075070333333334,0.0024866877298357444,5.169284645529578,0.11042595666666666,0.004587209360762155,2.666110155015488,-8.673617379884035e-19,-7.52316384526264e-37,0.0,-1.6653345369377348e-16,-2.7733391199176196e-32,0.0,-5.551115123125783e-17,-9.244463733058732e-33,0.0,0.921900481972947,-0.0013243129756069277,50,244,0,0,1,1
0.0001610533333333275,-6.132423288890194e-09,10.273043783690419,0.5133333333333336,-4.195955555555555,11.153804064712933,0.005957446666666644,-0.0013064119594402152,0.008138087804070462,0.005764680000000008,-0.00017503701832640003,0.38600941260949784,0.05687141000000001,-0.005753504109791103,0.3989381178672366,-8.673617379884035e-19,-7.52316384526264e-37,0.0,-1.6653345369377348e-16,-2.7733391199176196e-32,0.0,-5.551115123125783e-17,-9.244463733058732e-33,0.0,0.8842589827041454,-0.0034342959059311343,50,245,0,0,1,0
0.00016076000000009305,-6.139120000001934e-09,10.157115286519314,1.6799999999999997,-3.9648000000000003,8.53434725575484,0.005957440000000036,-0.0008196767313125297,0.016293013323347077,-0.022111423333333338,-0.0008976694263497222,5.568484454034399,-0.045858406666666574,-0.012271007703434087,2.837552168766548,-8.673617379884035e-19,-7.52316384526264e-37,0.0,-1.6653345369377348e-16,-2.7733391199176196e-32,0.0,-5.551115123125783e-17,-9.244463733058732e-33,0.0,0.8538730810278732,-0.003253883786543565,50,246,0,0,0,0
0.00016115333333327486,-6.140404488888677e-09,10.042514455825009,2.8466666666666662,-3.438088888888889,10.873895405314027,0.005957433333333262,-0.00033294202516823135,0.011859276039690137,-0.022661043333333325,-0.0009151884027059888,5.536191444358785,-0.16081573333333332,-0.014623718979406224,7.932339782877202,-8.673617379884035e-19,-7.52316384526264e-37,0.0,-1.6653345369377348e-16,-2.7733391199176196e-32,0.0,-5.551115123125783e-17,-9.244463733058732e-33,0.0,0.8626226125250457,0.0008131991974026393,50,247,0,0,0,0
0.00016133333333334665,-6.195342222221332e-09,9.929216931765719,-0.56,5.241599999999998,8.588161505339594,0.005957446666666755,0.0001537958185603011,0.019261064424220296,-0.0235084,-0.0008969854183173333,5.6322850873754255,-0.16120447999999996,-0.016228902915220535,7.597551389457363,-8.673617379884035e-19,-7.52316384526264e-37,0.0,-1.6653345369377348e-16,-2.7733391199176196e-32,0.0,-5.551115123125783e-17,-9.244463733058732e-33,0.0,0.8442198892604286,-0.008402573206626504,50,248,0,0,1,0
0.0001609999999998557,-6.217639999999117e-09,12.809960305588358,-2.66,-3.3795999999999995,11.14359165376915,0.0059574399999999805,0.0006405294126463901,0.013824927203329495,-0.011919080000000012,-0.0009692256203482667,2.247442226655131,0.002396626666666679,-0.005560314165133157,3.153973851838864,-8.673617379884035e-19,-7.52316384526264e-37,0.0,-1.6653345369377348e-16,-2.7733391199176196e-32,0.0,-5.551115123125783e-17,-9.244463733058732e-33,0.0,0.817134786379944,-0.0008075767035385522,50,249,0,0,1,0
0.00016073333333344042,-6.22717155555431e-09,9.70646559499729,-1.4933333333333327,-3.952355555555555,11.207588655548218,0.005957453333333307,0.001127270263466304,0.008138087804070462,-0.007668069999999999,-0.0008942464809815,2.7199177971735757,0.06149605333333341,-0.006494205600625955,2.1155979166019883,-8.673617379884035e-19,-7.52316384526264e-37,0.0,-1.6653345369377348e-16,-2.7733391199176196e-32,0.0,-5.551115123125783e-17,-9.244463733058732e-33,0.0,0.8408796433669585,-0.002716721785197962,50,250,0,0,0,0
0.00016128666666670455,-6.229993822220423e-09,9.596995100834572,-0.32666666666666666,-4.229555555555555,11.299771632932728,0.005957446666666533,0.0016140027454941974,0.016293013323347077,0.008366263333333332,-0.00016734722798172224,3.486622476438705,0.07787020333333339,-0.003955707654070384,2.7446168030528675,-8.673617379884035e-19,-7.52316384526264e-37,0.0,-1.6653345369377348e-16,-2.7733391199176196e-32,0.0,-5.551115123125783e-17,-9.244463733058732e-33,0.0,0.8276920562339896,-0.0023877923548611055,50,251,0,0,1,0
0.0001612800000000414,-6.283967999999119e-09,9.488795608532888,0.8399999999999999,-4.2112,11.42220235265313,0.0059574400000000916,0.002100734705538662,0.011859276039690137,0.007070013333333319,5.1191243988177716e-05,2.1404666783489996,0.07499007666666674,-0.0026693600849567872,0.7538964401464132,-8.673617379884035e-19,-7.52316384526264e-37,0.0,-1.6653345369377348e-16,-2.7733391199176196e-32,0.0,-5.551115123125783e-17,-9.244463733058732e-33,0.0,0.9198047948578407,0.001482953175986214,50,252,0,0,1,0
0.002603346666666728,1.528014330844462e-06,9.381878111860246,2.0066666666666664,-3.8972888888888884,8.40078705668856,0.005957453333333307,0.0025874779733817826,0.019261064424220296,0.005905253333333332,-0.00010617615837555558,2.6310474912786903,0.0003882800000000186,-0.00876033184328507,3.2184311391915,-8.673617379884035e-19,-7.52316384526264e-37,0.0,-1.6653345369377348e-16,-2.7733391199176196e-32,0.0,-5.551115123125783e-17,-9.244463733058732e-33,0.0,0.9702846737553462,0.0006793365897407697,50,253,0,0,0,0
0.0028066399999999714,-1.1841320192000055e-06,9.276263541507648,3.1733333333333333,-3.2878222222222226,10.873895405314027,0.005957443333333368,0.003074208523495617,0.013824927203329495,-0.012193566666666655,-0.00010851090269088889,4.094920443613066,-0.10445346999999999,-0.01058780537178217,6.234045442970166,-8.673617379884035e-19,-7.52316384526264e-37,0.0,-1.6653345369377348e-16,-2.7733391199176196e-32,0.0,-5.551115123125783e-17,-9.244463733058732e-33,0.0,0.9785740119571189,0.0010262944643266876,50,254,0,0,0,0
0.002298519999999915,-2.143856913600009e-06,9.171984940447999,-2.5200000000000005,0.4592000000000014,10.036170740398314,0.005957456666666694,0.003560954809777625,0.008138087804070462,-0.0035430399999999973,0.00015091329349840009,2.636368403970733,0.009060326666666618,0.0015980947541709735,1.492878975350773,-8.673617379884035e-19,-7.52316384526264e-37,0.0,-1.6653345369377348e-16,-2.7733391199176196e-32,0.0,-5.551115123125783e-17,-9.244463733058732e-33,0.0,0.9765012293309673,0.0015063471476126783,50,255,0,0,0,0
0.0017894933333332252,-2.539367843555575e-06,9.069090718046967,-2.333333333333333,-3.795555555555555,11.095701503097896,0.005957446666666644,0.004047683572655766,0.016293013323347077,0.003309703333333344,1.6036140121444375e-06,1.874012129429528,0.025242056666666568,-0.004725074849673588,1.5471045227668314,-8.673617379884035e-19,-7.52316384526264e-37,0.0,-1.6653345369377348e-16,-2.7733391199176196e-32,0.0,-5.551115123125783e-17,-9.244463733058732e-33,0.0,0.9669616810102355,6.0998052036393174e-05,50,256,0,0,0,0
0.0012803266666666646,-2.3698594300889024e-06,8.967649650163738,-1.166666666666667,-4.285555555555556,11.095701503097896,0.0059574399999999805,0.004534412809295452,0.011859276039690139,0.0007166733333333203,-2.8492828539155576e-05,0.45724063652539654,0.036640393333333354,-0.0021415116458103553,0.18914978706357768,-8.673617379884035e-19,-7.52316384526264e-37,0.0,-1.6653345369377348e-16,-2.7733391199176196e-32,0.0,-5.551115123125783e-17,-9.244463733058732e-33,0.0,0.9743455257473872,0.0007639093325678254,50,257,0,0,0,0
0.0007730800000000371,-1.6357948416000086e-06,12.149290417523787,0.040000000000000036,-4.4416,12.898294929050998,-0.03489360666666663,0.0033523405910365622,0.019261064424220296,0.0015180133333333318,-5.268145498462222e-05,1.3035813310914997,0.07895858333333333,0.0056029554393236085,1.38705480249524,-8.673617379884035e-19,-7.52316384526264e-37,0.0,-1.6653345369377348e-16,-2.7733391199176196e-32,0.0,-5.551115123125783e-17,-9.244463733058732e-33,0.0,0.9715490760210934,0.0004519618234536663,50,258,0,0,0,0
0.0002647400000001521,-3.3725456200000377e-07,11.426621772256846,1.2000000000000002,-4.271999999999999,7.183275083034346,-0.028085106666666693,0.0006057661591655217,0.015581077621694908,0.004622886666666645,-1.7717255745822137e-05,0.5370887970300539,0.08090792666666669,0.005545500919220042,2.9082375309190067,-8.673617379884035e-19,-7.52316384526264e-37,0.0,-1.6653345369377348e-16,-2.7733391199176196e-32,0.0,-5.551115123125783e-17,-9.244463733058732e-33,0.0,0.9658379327903545,5.481313092637324e-06,50,259,0,0,0,0
0.0001623466666666462,-6.243807288889484e-09,11.306875227809128,2.3600000000000003,-3.8368,10.873895405314027,-0.021276603333333366,-0.0015150062405914488,0.019261064424220296,-0.0038390733333333454,-4.096266083755565e-05,1.733936369137885,-0.055993786666666656,-0.005071281207968889,3.8464123365816816,-8.673617379884035e-19,-7.52316384526264e-37,0.0,-1.6653345369377348e-16,-2.7733391199176196e-32,0.0,-5.551115123125783e-17,-9.244463733058732e-33,0.0,0.9619591848190323,-0.0005026591856903599,50,260,0,0,0,0
0.00016172000000008735,-6.1781392000014696e-09,11.190550001874938,2.4,1.5679999999999996,8.587530278383191,-0.01446808000000005,-0.003009992594053046,0.013824927203329495,0.0074495166666666834,-1.946049383105559e-05,0.500377424892273,-0.06208777999999998,-0.0002626139830081316,2.7057101345887125,-8.673617379884035e-19,-7.52316384526264e-37,0.0,-1.6653345369377348e-16,-2.7733391199176196e-32,0.0,-5.551115123125783e-17,-9.244463733058732e-33,0.0,0.9385493749063518,-0.0011112419016968422,50,261,0,0,0,0
0.0001614400000000682,-6.110966400001503e-09,11.078109735036216,-3.16,-3.1104,12.0938185433318,-0.007659576666666612,-0.003879157389164653,0.019238238576939,0.00418919999999999,0.00020674833549866672,1.2448609114355178,0.07078945333333331,0.011617230153603914,0.17386246792636725,-8.673617379884035e-19,-7.52316384526264e-37,0.0,-1.6653345369377348e-16,-2.7733391199176196e-32,0.0,-5.551115123125783e-17,-9.244463733058732e-33,0.0,0.9303986224055454,0.0006645989677312242,50,262,0,0,0,0
0.0001617466666667955,-6.070772088890407e-09,10.970672245686426,-2.0,-3.760000000000001,8.670920294271173,-0.0008510533333334069,-0.00412253201883131,0.013605272596496812,-0.008813329999999994,-0.00013571410782963327,2.084228754649587,0.01964787666666662,-0.00855718672703332,2.5032573309573785,-8.673617379884035e-19,-7.52316384526264e-37,0.0,-1.6653345369377348e-16,-2.7733391199176196e-32,0.0,-5.551115123125783e-17,-9.244463733058732e-33,0.0,0.9393894974478616,0.00237007264191396,50,263,0,0,0,0
0.00016111999999995907,-6.0237824000005385e-09,10.873895405314027,-0.8400000000000003,-4.143999999999998,8.624122013063339,0.005957446666666699,-0.0037400927866018258,0.008138087804070462,-0.011148410000000025,-0.00011741799461643338,2.8369973392386925,0.016036906666666684,-0.010136005691940354,1.8715169086579475,-8.673617379884035e-19,-7.52316384526264e-37,0.0,-1.6653345369377348e-16,-2.7733391199176196e-32,0.0,-5.551115123125783e-17,-9.244463733058732e-33,0.0,0.8990678393398612,-0.0005260036875965873,50,264,0,0,1,1
0.00016079333333313128,-6.027997555556312e-09,10.750740712908714,0.3266666666666671,-4.255688888888889,11.627498653617387,0.0059574399999999805,-0.003253354835069361,0.016293013323347077,-0.003076400000000007,-5.3540934951999995e-05,3.4875350063719073,0.04768423999999999,-0.005313760431345602,1.6808127843829856,-8.673617379884035e-19,-7.52316384526264e-37,0.0,-1.6653345369377348e-16,-2.7733391199176196e-32,0.0,-5.551115123125783e-17,-9.244463733058732e-33,0.0,0.9014053054125531,-0.0033885507360562296,50,265,0,0,0,0
0.0001609866666665294,-6.033767822220494e-09,10.629132172470355,1.4933333333333336,-4.071822222222222,6.2291004572893725,0.005957453333333362,-0.002766623550202227,0.011859276039690137,-0.006602483333333339,-3.876038640038897e-05,2.7587851135571277,-0.006029906666666696,0.0007220362007073801,0.45686242557905066,-8.673617379884035e-19,-7.52316384526264e-37,0.0,-1.6653345369377348e-16,-2.7733391199176196e-32,0.0,-5.551115123125783e-17,-9.244463733058732e-33,0.0,0.9216049607195614,-0.00018707792329620182,50,266,0,0,0,0
0.00016139999999997823,-6.082439999999038e-09,10.509012164509295,2.66,-3.5923999999999996,10.873895405314027,0.005957443333333257,-0.0022798840128563924,0.019261064424220296,-0.0009657633333333138,-0.00015949934497252224,5.118724946995206,-0.11314941333333334,-0.00772055023394062,5.218234534961211,-8.673617379884035e-19,-7.52316384526264e-37,0.0,-1.6653345369377348e-16,-2.7733391199176196e-32,0.0,-5.551115123125783e-17,-9.244463733058732e-33,0.0,0.9040828352499745,-0.0019499230231288804,50,267,0,0,0,0
0.0001610666666665428,-6.110883555554775e-09,10.390330475245275,0.5600000000000005,5.5104,8.336697790323083,0.005957456666666638,-0.0017931497095504123,0.013824927203329495,0.0006563933333333244,-1.8758508159155528e-05,2.9288937363914864,-0.0594034100000001,-0.0052020407794736295,3.1587658291404437,-8.673617379884035e-19,-7.52316384526264e-37,0.0,-1.6653345369377348e-16,-2.7733391199176196e-32,0.0,-5.551115123125783e-17,-9.244463733058732e-33,0.0,0.8953400378967562,-0.0027691640194452043,50,268,0,0,0,0
0.00016076666666664519,-6.1169895555531e-09,10.273043783690419,-2.846666666666667,-3.2103555555555556,11.153804064712933,0.005957446666666644,-0.0013064119594402152,0.008138087804070462,0.010215740000000001,0.00016554200767453342,3.796175123458555,0.08698900333333337,0.005114236628528009,0.28544960830197025,-8.673617379884035e-19,-7.52316384526264e-37,0.0,-1.6653345369377348e-16,-2.7733391199176196e-32,0.0,-5.551115123125783e-17,-9.244463733058732e-33,0.0,0.8827337851761863,-0.0005447292281840467,50,269,0,0,0,0
0.00016060000000006625,-6.140816000000036e-09,10.157115286519314,-1.6800000000000002,-3.8304,11.11138625762391,0.005957440000000036,-0.0008196767313125297,0.016293013323347077,0.007810033333333341,0.00026212696133177764,2.7590612293577412,0.08469203666666664,0.0037786146152117457,0.5919063004305887,-8.673617379884035e-19,-7.52316384526264e-37,0.0,-1.6653345369377348e-16,-2.7733391199176196e-32,0.0,-5.551115123125783e-17,-9.244463733058732e-33,0.0,0.8782893381403568,-0.0006360774935221976,50,270,0,0,0,0
0.00016099333333335908,-6.127403955557516e-09,10.042514455825009,-0.5133333333333332,-4.154888888888888,11.095806734747933,0.005957433333333262,-0.00033294202516823135,0.011859276039690137,-0.006552943333333325,-7.077851242052218e-05,0.25512945185406105,0.05128180666666665,-0.0014458621182535589,0.2971429085571657,-8.673617379884035e-19,-7.52316384526264e-37,0.0,-1.6653345369377348e-16,-2.7733391199176196e-32,0.0,-5.551115123125783e-17,-9.244463733058732e-33,0.0,0.8860131171015682,-0.002066568387520472,50,271,0,0,0,0
0.00016117333333337536,-6.16761528888844e-09,9.929216931765719,0.6533333333333329,-4.183822222222221,11.106531803743994,0.005957446666666755,0.0001537958185603011,0.019261064424220296,0.0022119566666666535,-6.757597418412224e-05,1.5097483116159303,0.08116337666666673,-0.0028867990858445214,1.7063700258813457,-8.673617379884035e-19,-7.52316384526264e-37,0.0,-1.6653345369377348e-16,-2.7733391199176196e-32,0.0,-5.551115123125783e-17,-9.244463733058732e-33,0.0,0.8788285912089744,0.0014691863914279113,50,272,0,0,0,0
0.00016090000000007487,-6.191098000000603e-09,12.809960305588358,1.8199999999999998,-3.9172000000000007,8.34441756178247,0.0059574399999999805,0.0006405294126463901,0.013824927203329495,-0.0068670366666666455,-1.2078813247188831e-05,0.602010983157656,-0.041731600000000035,-0.008355494264864004,2.706090883051351,-8.673617379884035e-19,-7.52316384526264e-37,0.0,-1.6653345369377348e-16,-2.7733391199176196e-32,0.0,-5.551115123125783e-17,-9.244463733058732e-33,0.0,0.8768232859031575,-0.002162599169211727,50,273,0,0,0,0
0.0001607333333333849,-6.2271715555565454e-09,9.70646559499729,2.9866666666666664,-3.355022222222223,10.873895405314027,0.005957453333333307,0.001127270263466304,0.008138087804070462,0.002504849999999989,-5.9701343620166666e-05,2.8310229571677734,-0.10386988333333341,-0.009714794883862385,4.125348160519974,-8.673617379884035e-19,-7.52316384526264e-37,0.0,-1.6653345369377348e-16,-2.7733391199176196e-32,0.0,-5.551115123125783e-17,-9.244463733058732e-33,0.0,0.8827815405311603,-0.0019224136021875943,50,274,0,0,0,0
0.00016128666666670455,-6.2299938222217885e-09,9.596995100834572,-1.4,3.864000000000002,9.010114692814096,0.005957446666666533,0.0016140027454941974,0.016293013323347077,0.010258043333333342,0.00024525220083201096,2.7531101681568173,0.012091186666666642,0.005826455891168706,1.492231767961462,-8.673617379884035e-19,-7.52316384526264e-37,0.0,-1.6653345369377348e-16,-2.7733391199176196e-32,0.0,-5.551115123125783e-17,-9.244463733058732e-33,0.0,0.8614916069939581,0.0015058455274879906,50,275,0,0,1,1
0.0001612800000001524,-6.283967999999992e-09,9.488795608532888,-2.5200000000000005,-3.5392,11.095701503097896,0.0059574400000000916,0.002100734705538662,0.011859276039690137,-0.0038183400000000034,-0.00014607267780386674,1.7850219774324816,0.016235286666666682,-0.010310859454746083,2.878855586799574,-8.673617379884035e-19,-7.52316384526264e-37,0.0,-1.6653345369377348e-16,-2.7733391199176196e-32,0.0,-5.551115123125783e-17,-9.244463733058732e-33,0.0,0.7678374291269051,-0.0020102581814032783,50,276,0,0,0,0
0.00016094666666671698,-6.301349155556231e-09,9.381878111860246,-1.3533333333333335,-4.076488888888889,11.57808087787559,0.005957453333333307,0.0025874779733817826,0.019261064424220296,0.002992013333333335,-3.504895391475565e-05,1.5156155477038393,0.024935013333333422,-0.003331606394591815,1.4583437608004441,-8.673617379884035e-19,-7.52316384526264e-37,0.0,-1.6653345369377348e-16,-2.7733391199176196e-32,0.0,-5.551115123125783e-17,-9.244463733058732e-33,0.0,0.867159189516503,-0.00028122814159424253,50,277,0,0,1,0
0.00016070666666667677,-6.314470755555327e-09,9.276263541507648,-0.18666666666666654,-4.3182222222222215,11.772397771504203,0.005957443333333368,0.003074208523495617,0.013824927203329495,-0.008099870000000023,-0.00015186810381549994,0.4172840884536032,-0.014349880000000037,-0.009717799975677068,2.6327234090360125,-8.673617379884035e-19,-7.52316384526264e-37,0.0,-1.6653345369377348e-16,-2.7733391199176196e-32,0.0,-5.551115123125783e-17,-9.244463733058732e-33,0.0,0.8259855525875657,0.001364147698630126,50,278,0,0,0,0
0.0001614199999999677,-6.323387599998348e-09,9.171984940447999,0.98,-4.2644,11.095701503097896,0.005957456666666694,0.003560954809777625,0.008138087804070462,-0.009237383333333321,-0.00015795101115972213,1.8438411341011567,-0.014308726666666771,-0.0064037899670658215,1.6301558667474487,-8.673617379884035e-19,-7.52316384526264e-37,0.0,-1.6653345369377348e-16,-2.7733391199176196e-32,0.0,-5.551115123125783e-17,-9.244463733058732e-33,0.0,0.8714864857998671,-0.0023115677906237106,50,279,0,0,1,0
0.0030923466666666344,7.613478641777836e-07,9.069090718046967,2.1466666666666665,-3.915022222222222,8.742290650228757,0.005957446666666644,0.004047683572655766,0.016293013323347077,-0.017144070000000004,-0.0001837049696380333,3.1056984921116193,-0.09989932333333323,-0.008176250317784519,6.396258975898723,-8.673617379884035e-19,-7.52316384526264e-37,0.0,-1.6653345369377348e-16,-2.7733391199176196e-32,0.0,-5.551115123125783e-17,-9.244463733058732e-33,0.0,0.8919053944765277,-0.0033227735517984483,50,280,0,0,0,0
0.0028583733333333305,-1.4400855331555637e-06,8.967649650163738,3.3133333333333335,-3.2700888888888895,10.873895405314027,0.0059574399999999805,0.004534412809295452,0.011859276039690139,-0.023015210000000008,-0.00028975641529323335,7.254034640296977,-0.16522657000000002,-0.011593055569222969,9.029576987714075,-8.673617379884035e-19,-7.52316384526264e-37,0.0,-1.6653345369377348e-16,-2.7733391199176196e-32,0.0,-5.551115123125783e-17,-9.244463733058732e-33,0.0,0.9373198309956531,-0.0019256821650571302,50,281,0,0,0,0
0.002328919999999901,-2.4081526720000114e-06,12.149290417523787,-3.3200000000000003,-3.232,12.898294929050998,-0.03489360666666663,0.0033523405910365622,0.019261064424220296,0.006199029999999994,7.731101924343339e-05,0.5562473063450605,0.040828073333333326,0.008042392294080315,0.6386421746131938,-8.673617379884035e-19,-7.52316384526264e-37,0.0,-1.6653345369377348e-16,-2.7733391199176196e-32,0.0,-5.551115123125783e-17,-9.244463733058732e-33,0.0,0.8800285511011456,-0.0026840673203667445,50,282,0,0,0,0
0.0017975399999998753,-2.764349416400009e-06,11.426621772256846,-2.16,-3.868800000000001,9.045093713652776,-0.028085106666666693,0.0006057661591655217,0.015581077621694908,0.004815356666666673,-5.495438023252219e-05,1.7577126211489031,0.05535258333333337,0.0003879747577269395,0.3504022606833941,-8.673617379884035e-19,-7.52316384526264e-37,0.0,-1.6653345369377348e-16,-2.7733391199176196e-32,0.0,-5.551115123125783e-17,-9.244463733058732e-33,0.0,0.8698019350780823,0.001659297333431116,50,283,0,0,0,0
0.0012669866666668028,-2.5070789923555575e-06,11.306875227809128,-1.0,-4.24,8.909880378198732,-0.021276603333333366,-0.0015150062405914488,0.019261064424220296,-0.001549693333333331,-0.00012587166214728888,3.3545899831464037,0.020195876666666723,-0.0043833370705051895,1.5020364997834783,-8.673617379884035e-19,-7.52316384526264e-37,0.0,-1.6653345369377348e-16,-2.7733391199176196e-32,0.0,-5.551115123125783e-17,-9.244463733058732e-33,0.0,0.812612053257511,0.00471212404519928,50,284,0,0,0,0
0.0007353599999999627,-1.6364688191999936e-06,11.190550001874938,0.16000000000000014,-4.3456,12.243753275950137,-0.01446808000000005,-0.003009992594053046,0.013824927203329495,-0.0014741699999999969,-0.0001125171043637667,1.556407917026488,0.021156919999999968,-0.0030266198164581315,1.4653464897518402,-8.673617379884035e-19,-7.52316384526264e-37,0.0,-1.6653345369377348e-16,-2.7733391199176196e-32,0.0,-5.551115123125783e-17,-9.244463733058732e-33,0.0,0.8475143169085971,0.0012965936943276028,50,285,0,0,0,0
0.00020388000000021167,-1.5294327359999855e-07,11.078109735036216,1.3200000000000003,-4.185599999999999,6.639983542403655,-0.007659576666666612,-0.003879157389164653,0.019238238576939,0.008552686666666691,6.463978806857783e-05,4.041761715469575,0.01406375666666665,-0.003326853495492655,1.361520036599626,-8.673617379884035e-19,-7.52316384526264e-37,0.0,-1.6653345369377348e-16,-2.7733391199176196e-32,0.0,-5.551115123125783e-17,-9.244463733058732e-33,0.0,0.9036083342493468,0.0004013712731271094,50,286,0,0,0,0
0.00016118000000003851,-6.0528756000017434e-09,10.970672245686426,2.4800000000000004,-3.7600000000000002,10.873895405314027,-0.0008510533333334069,-0.00412253201883131,0.013605272596496812,-0.007930786666666675,-8.393316335528883e-05,4.439265302430888,-0.0922423533333333,-0.009363314414100488,4.9602030398301205,-8.673617379884035e-19,-7.52316384526264e-37,0.0,-1.6653345369377348e-16,-2.7733391199176196e-32,0.0,-5.551115123125783e-17,-9.244463733058732e-33,0.0,0.8721578714410364,0.004364456522957141,50,287,0,0,0,0
0.00016143999999995717,-6.0135680000008956e-09,10.873895405314027,1.6800000000000002,3.9871999999999996,8.402315915279468,0.005957446666666699,-0.0037400927866018258,0.008138087804070462,-0.012363206666666668,-0.00011625910241408894,6.50578132491111,-0.12391901333333333,-0.015687950785628624,7.121306962960967,-8.673617379884035e-19,-7.52316384526264e-37,0.0,-1.6653345369377348e-16,-2.7733391199176196e-32,0.0,-5.551115123125783e-17,-9.244463733058732e-33,0.0,0.9367317476378578,-0.0014292176565035483,50,288,0,0,0,0
0.00016110666666668827,-6.045699022223515e-09,10.750740712908714,-3.033333333333333,-3.090888888888889,11.627498653617387,0.0059574399999999805,-0.003253354835069361,0.016293013323347077,-0.0004924600000000001,2.343012319053328e-05,3.077804600026025,0.038180133333333366,-0.002741535943006225,0.3444714836403936,-8.673617379884035e-19,-7.52316384526264e-37,0.0,-1.6653345369377348e-16,-2.7733391199176196e-32,0.0,-5.551115123125783e-17,-9.244463733058732e-33,0.0,0.9249837065541425,0.0003463991494612223,50,289,0,0,0,0
0.00016078666666674568,-6.050316088889932e-09,10.629132172470355,-1.8666666666666667,-3.7582222222222215,11.457516202387595,0.005957453333333362,-0.002766623550202227,0.011859276039690137,-0.012295933333333335,-0.00019936020058755556,7.947096051724887,0.058218266666666574,-0.003075224530528888,2.553913555042544,-8.673617379884035e-19,-7.52316384526264e-37,0.0,-1.6653345369377348e-16,-2.7733391199176196e-32,0.0,-5.551115123125783e-17,-9.244463733058732e-33,0.0,0.9435604086483417,0.0006901252923137694,50,290,0,0,0,0
0.00016102000000012273,-6.054619599999937e-09,10.509012164509295,-0.6999999999999997,-4.13,8.54509097073445,0.005957443333333257,-0.0022798840128563924,0.019261064424220296,-0.008742713333333346,-0.0001709452371564889,5.383674751867413,0.07423479666666666,-0.0004684289310502576,2.9849942452400207,-8.673617379884035e-19,-7.52316384526264e-37,0.0,-1.6653345369377348e-16,-2.7733391199176196e-32,0.0,-5.551115123125783e-17,-9.244463733058732e-33,0.0,0.9526111106268162,0.0010436687594204883,50,291,0,0,0,0
0.0001613866666666519,-6.1052088888885675e-09,10.390330475245275,0.46666666666666723,-4.206222222222222,11.224210116342825,0.005957456666666638,-0.0017931497095504123,0.013824927203329495,-0.005814730000000018,-0.00016384938420976663,7.769977599019628,0.045429959999999936,-0.002816968626466132,0.40227683554223753,-8.673617379884035e-19,-7.52316384526264e-37,0.0,-1.6653345369377348e-16,-2.7733391199176196e-32,0.0,-5.551115123125783e-17,-9.244463733058732e-33,0.0,0.9273659079778749,-0.0013266903057865744,50,292,0,0,1,0
0.00016105333333316096,-6.132423288889536e-09,10.273043783690419,1.6333333333333337,-3.9868888888888883,8.643666598132045,0.005957446666666644,-0.0013064119594402152,0.008138087804070462,-0.003166743333333326,-9.534294979185555e-05,3.2743187446081556,-0.005458706666666646,-0.0008060771499926178,0.275723141145387,-8.673617379884035e-19,-7.52316384526264e-37,0.0,-1.6653345369377348e-16,-2.7733391199176196e-32,0.0,-5.551115123125783e-17,-9.244463733058732e-33,0.0,0.9313039357154185,0.00021291266288641386,50,293,0,0,1,1
0.00016076000000003754,-6.139120000000458e-09,10.157115286519314,2.7999999999999994,-3.471999999999999,10.873895405314027,0.005957440000000036,-0.0008196767313125297,0.016293013323347077,-0.0009941199999999734,-4.7542864036799994e-05,2.7542033430823425,-0.12533174666666663,-0.008329561006428893,7.684941447561838,-8.673617379884035e-19,-7.52316384526264e-37,0.0,-1.6653345369377348e-16,-2.7733391199176196e-32,0.0,-5.551115123125783e-17,-9.244463733058732e-33,0.0,0.9349147269232148,0.00011001151130229417,50,294,0,0,0,0
0.00016115333333327486,-6.140404488887055e-09,10.042514455825009,-0.2799999999999998,5.476800000000001,8.494560462508344,0.005957433333333262,-0.00033294202516823135,0.011859276039690137,0.006902710000000006,-2.4139346888333224e-06,3.643140248722411,-0.0350386133333333,0.00043313817309217906,1.882449156487137,-8.673617379884035e-19,-7.52316384526264e-37,0.0,-1.6653345369377348e-16,-2.7733391199176196e-32,0.0,-5.551115123125783e-17,-9.244463733058732e-33,0.0,0.8907985800492897,-0.0038567964546326176,50,295,0,0,0,0
0.00016133333333334665,-6.195342222221332e-09,9.929216931765719,-2.7066666666666666,-3.3326222222222226,11.106531803743994,0.005957446666666755,0.0001537958185603011,0.019261064424220296,0.004821566666666666,5.7077494738444476e-05,1.3531048219776234,0.05827578999999988,-0.001982386220543631,1.4505247864723188,-8.673617379884035e-19,-7.52316384526264e-37,0.0,-1.6653345369377348e-16,-2.7733391199176196e-32,0.0,-5.551115123125783e-17,-9.244463733058732e-33,0.0,0.9039050245022149,-0.002194298156921882,50,296,0,0,0,0
0.00016100000000002224,-6.217639999997992e-09,12.809960305588358,-1.5399999999999996,-3.917199999999999,11.14359165376915,0.0059574399999999805,0.0006405294126463901,0.013824927203329495,0.01592987333333333,0.0003575918547755112,1.2772502801327232,0.07731826333333336,0.00017875182087534816,2.785439216548514,-8.673617379884035e-19,-7.52316384526264e-37,0.0,-1.6653345369377348e-16,-2.7733391199176196e-32,0.0,-5.551115123125783e-17,-9.244463733058732e-33,0.0,0.8982176724110036,0.001984134775687719,50,297,0,0,0,0
0.0001607333333333294,-6.227171555555859e-09,9.70646559499729,-0.3733333333333335,-4.206222222222222,11.207588655548218,0.005957453333333307,0.001127270263466304,0.008138087804070462,0.01612901333333335,0.00019119915906497777,3.7639687276539946,0.08286322333333335,-0.0018375006970021285,0.8039501780942386,-8.673617379884035e-19,-7.52316384526264e-37,0.0,-1.6653345369377348e-16,-2.7733391199176196e-32,0.0,-5.551115123125783e-17,-9.244463733058732e-33,0.0,0.8904244441060329,-0.0013417687826422424,50,298,0,0,0,0
0.00016128666666664904,-6.22999382222456e-09,9.596995100834572,0.793333333333333,-4.199688888888889,11.299771632932728,0.005957446666666533,0.0016140027454941974,0.016293013323347077,0.024903836666666644,0.001136624236827478,2.2345603606338185,0.03496383999999991,-0.009385496034658136,2.946641299675092,-8.673617379884035e-19,-7.52316384526264e-37,0.0,-1.6653345369377348e-16,-2.7733391199176196e-32,0.0,-5.551115123125783e-17,-9.244463733058732e-33,0.0,0.9161329932822252,0.0022304420800720527,50,299,0,0,0,0
0.0001612800000001524,-6.283968000000389e-09,9.488795608532888,1.96,-3.8976,8.35164764467192,0.0059574400000000916,0.002100734705538662,0.011859276039690137,-0.015170513333333344,-0.00046498080914768883,2.856894089556243,-0.07297829333333339,-0.012283895900474757,4.96563112804382,-8.673617379884035e-19,-7.52316384526264e-37,0.0,-1.6653345369377348e-16,-2.7733391199176196e-32,0.0,-5.551115123125783e-17,-9.244463733058732e-33,0.0,0.9249367108488472,0.00225451193607413,50,300,0,0,0,0
0.00016094666666671698,-6.301349155556833e-09,9.381878111860246,3.1266666666666665,-3.2999555555555555,10.873895405314027,0.005957453333333307,0.0025874779733817826,0.019261064424220296,-0.01361215666666666,-0.0004571851777290555,3.7559955476820646,-0.14952696999999998,-0.009575071626833766,7.798069891250634,-8.673617379884035e-19,-7.52316384526264e-37,0.0,-1.6653345369377348e-16,-2.7733391199176196e-32,0.0,-5.551115123125783e-17,-9.244463733058732e-33,0.0,0.9581001172700002,-0.0009252995386050298,50,301,0,0,0,0
0.00016070666666662126,-6.314470755556419e-09,9.276263541507648,-2.24,1.4784000000000024,9.709277872157497,0.005957443333333368,0.003074208523495617,0.013824927203329495,-0.014203626666666663,-0.000507839574848089,2.935220191706288,-0.020656586666666588,-0.0028939589727638194,1.7403087335274336,-8.673617379884035e-19,-7.52316384526264e-37,0.0,-1.6653345369377348e-16,-2.7733391199176196e-32,0.0,-5.551115123125783e-17,-9.244463733058732e-33,0.0,0.9036349365426203,-0.002948573459442254,50,302,0,0,0,0
0.00016141999999985668,-6.3233875999994814e-09,9.171984940447999,-2.38,-3.726800000000001,11.095701503097896,0.005957456666666694,0.003560954809777625,0.008138087804070462,-0.012877480000000004,-0.0005615168592474667,4.980378158531643,0.029785733333333397,-0.008021675776634218,1.7993163736300857,-8.673617379884035e-19,-7.52316384526264e-37,0.0,-1.6653345369377348e-16,-2.7733391199176196e-32,0.0,-5.551115123125783e-17,-9.244463733058732e-33,0.0,0.9024129343252787,0.00010204251073499702,50,303,0,1,0,1
0.0001612266666666251,-6.371086222222306e-09,9.069090718046967,-1.2133333333333338,-4.228622222222223,11.095701503097896,0.005957446666666644,0.004047683572655766,0.016293013323347077,-0.005864243333333324,-0.00040416104547198885,1.9548845685042149,0.0476242566666667,-0.004868435809222388,0.5155583965871844,-8.673617379884035e-19,-7.52316384526264e-37,0.0,-1.6653345369377348e-16,-2.7733391199176196e-32,0.0,-5.551115123125783e-17,-9.244463733058732e-33,0.0,0.9202025352086265,0.00034576389819430844,50,304,0,0,1,0
0.0001608933333333562,-6.383550755556181e-09,8.967649650163738,-0.046666666666666856,-4.434888888888889,12.722255141242321,0.0059574399999999805,0.004534412809295452,0.011859276039690139,-0.00501589333333332,-0.0004068002089920889,3.1686492483254947,0.04760581666666658,-0.002613051279436387,0.7309497727900566,-8.673617379884035e-19,-7.52316384526264e-37,0.0,-1.6653345369377348e-16,-2.7733391199176196e-32,0.0,-5.551115123125783e-17,-9.244463733058732e-33,0.0,0.9216577506926626,-0.0002130591288554983,50,305,0,0,1,1
0.00016247999999990936,-6.3232575999992746e-09,12.149290417523787,1.1600000000000001,-4.307199999999999,7.526191561261049,-0.03489360666666663,0.0033523405910365622,0.019261064424220296,-0.00527686333333334,-5.8716406338122226e-05,4.330439501804417,-0.10961912999999995,-0.010118917628148703,7.588120155601734,-8.673617379884035e-19,-7.52316384526264e-37,0.0,-1.6653345369377348e-16,-2.7733391199176196e-32,0.0,-5.551115123125783e-17,-9.244463733058732e-33,0.0,0.9589819963315419,-0.0003046697502493733,50,306,0,0,0,0
0.0001629733333333161,-6.276118222220863e-09,11.426621772256846,2.3200000000000003,-3.8688000000000002,10.873895405314027,-0.028085106666666693,0.0006057661591655217,0.015581077621694908,-0.0037068733333333395,-5.305853323195555e-05,4.2540291080162245,-0.10471583666666667,-0.008880706572505453,4.982158524581689,-8.673617379884035e-19,-7.52316384526264e-37,0.0,-1.6653345369377348e-16,-2.7733391199176196e-32,0.0,-5.551115123125783e-17,-9.244463733058732e-33,0.0,0.9273181439748847,-0.0008788471427461518,50,307,0,0,1,1
0.0001623466666666462,-6.243807288888043e-09,11.306875227809128,2.64,0.5311999999999992,8.688074280414863,-0.021276603333333366,-0.0015150062405914488,0.019261064424220296,-0.0008120999999999962,-1.8100166477999995e-05,1.5695674522787413,-0.15164132666666671,-0.01005904123091889,6.438484585481024,-8.673617379884035e-19,-7.52316384526264e-37,0.0,-1.6653345369377348e-16,-2.7733391199176196e-32,0.0,-5.551115123125783e-17,-9.244463733058732e-33,0.0,0.9444187620303488,0.0005268136764862229,50,308,0,0,0,0
0.0006501999999999342,1.2826470320000148e-06,11.190550001874938,-3.2,-3.1360000000000006,12.243753275950137,-0.01446808000000005,-0.003009992594053046,0.013824927203329495,0.0012347000000000052,-2.606398641399999e-05,2.1618224311576424,-0.08935980333333338,-0.008259447194347456,3.702392489150321,-8.673617379884035e-19,-7.52316384526264e-37,0.0,-1.6653345369377348e-16,-2.7733391199176196e-32,0.0,-5.551115123125783e-17,-9.244463733058732e-33,0.0,0.890225747098436,0.0008170746765408134,50,309,0,0,0,0
0.0031328266666666993,-2.728732792888882e-07,11.078109735036216,-2.04,-3.782400000000001,8.731584776801402,-0.007659576666666612,-0.003879157389164653,0.019238238576939,-0.0025498566666666556,1.4688157761877786e-05,3.343775591249717,0.05274618999999997,-0.003935385582220969,3.1841610736697232,-8.673617379884035e-19,-7.52316384526264e-37,0.0,-1.6653345369377348e-16,-2.7733391199176196e-32,0.0,-5.551115123125783e-17,-9.244463733058732e-33,0.0,0.9508883188679202,-0.0008365415653331829,50,310,0,0,0,1
0.0026237733333334123,-1.5940239059555575e-06,10.970672245686426,-0.8799999999999999,-4.163199999999999,8.670920294271173,-0.0008510533333334069,-0.00412253201883131,0.013605272596496812,0.006468703333333332,9.925269108587779e-05,2.717858327342949,0.09352474999999999,0.0001889899730491626,3.144186802472468,-8.673617379884035e-19,-7.52316384526264e-37,0.0,-1.6653345369377348e-16,-2.7733391199176196e-32,0.0,-5.551115123125783e-17,-9.244463733058732e-33,0.0,0.9189173553155671,0.0025781010501270685,50,311,0,0,0,0
0.0021151999999999838,-2.350030048000003e-06,10.873895405314027,0.28000000000000025,-4.2784,11.84074468629195,0.005957446666666699,-0.0037400927866018258,0.008138087804070462,0.003174900000000015,4.198485403533335e-05,0.5230873021371258,0.1109739666666667,-0.00027162948679889005,3.044093812278793,-8.673617379884035e-19,-7.52316384526264e-37,0.0,-1.6653345369377348e-16,-2.7733391199176196e-32,0.0,-5.551115123125783e-17,-9.244463733058732e-33,0.0,0.9178166217328529,0.002987099248007024,50,312,0,1,0,0
0.0016060399999999753,-2.542031284800005e-06,10.750740712908714,1.4466666666666668,-4.106355555555554,6.315680914758144,0.0059574399999999805,-0.003253354835069361,0.016293013323347077,0.008584806666666674,4.590350777951106e-05,5.814343095995234,0.06779481000000004,0.0020652995531830337,0.49969459998367544,-8.673617379884035e-19,-7.52316384526264e-37,0.0,-1.6653345369377348e-16,-2.7733391199176196e-32,0.0,-5.551115123125783e-17,-9.244463733058732e-33,0.0,0.949318857771681,0.0023006590122168816,50,313,0,0,0,0
0.001097040000000049,-2.1696758656000087e-06,10.629132172470355,2.6133333333333337,-3.6387555555555555,10.873895405314027,0.005957453333333362,-0.002766623550202227,0.011859276039690137,-0.003584579999999997,-4.759223125533331e-05,1.7156185790751775,-0.05620106666666669,-0.006277460858582225,3.8389132949891254,-8.673617379884035e-19,-7.52316384526264e-37,0.0,-1.6653345369377348e-16,-2.7733391199176196e-32,0.0,-5.551115123125783e-17,-9.244463733058732e-33,0.0,0.9924483513472261,-0.0003062869948069318,50,314,0,0,0,0
0.0005884399999998013,-1.2325534064000107e-06,10.509012164509295,0.8399999999999999,5.297599999999997,8.323284872950579,0.005957443333333257,-0.0022798840128563924,0.019261064424220296,0.0005399266666666694,6.698827149737778e-05,3.5256737947641783,-0.03305959666666669,-0.008146174121824654,0.6145446077196081,-8.673617379884035e-19,-7.52316384526264e-37,0.0,-1.6653345369377348e-16,-2.7733391199176196e-32,0.0,-5.551115123125783e-17,-9.244463733058732e-33,0.0,0.9338472259715317,-0.001870438940366728,50,315,0,0,0,0
0.00016138666666670742,-6.1052088888884674e-09,10.390330475245275,-2.893333333333333,-3.1758222222222225,11.224210116342825,0.005957456666666638,-0.0017931497095504123,0.013824927203329495,0.02143626666666667,0.00020133633653511107,6.834743887048239,0.0775478266666666,-0.0034752353320891567,1.7222444656251432,-8.673617379884035e-19,-7.52316384526264e-37,0.0,-1.6653345369377348e-16,-2.7733391199176196e-32,0.0,-5.551115123125783e-17,-9.244463733058732e-33,0.0,0.8282196759955509,-0.006921645044661581,50,316,0,0,0,0
0.0001610533333333275,-6.132423288890139e-09,10.273043783690419,-1.726666666666667,-3.8076888888888893,11.153804064712933,0.005957446666666644,-0.0013064119594402152,0.008138087804070462,0.008364106666666662,1.6004048874044424e-05,2.78908925714776,0.06275263999999997,-0.005203990535930663,1.7784436165407755,-8.673617379884035e-19,-7.52316384526264e-37,0.0,-1.6653345369377348e-16,-2.7733391199176196e-32,0.0,-5.551115123125783e-17,-9.244463733058732e-33,0.0,0.8609940308032837,0.0033241518626192846,50,317,0,0,0,0
0.00016076000000003754,-6.139120000001743e-09,10.157115286519314,-0.56,-4.144,8.643771804833492,0.005957440000000036,-0.0008196767313125297,0.016293013323347077,0.016046726666666664,-8.236465004262221e-05,7.506379928412114,0.043280846666666706,-0.005278680947173289,0.5758794542086906,-8.673617379884035e-19,-7.52316384526264e-37,0.0,-1.6653345369377348e-16,-2.7733391199176196e-32,0.0,-5.551115123125783e-17,-9.244463733058732e-33,0.0,0.9297915329076871,0.001254546252930761,50,318,0,0,0,0
0.00016115333333316384,-6.140404488890116e-09,10.042514455825009,0.6066666666666665,-4.1847555555555545,11.095806734747933,0.005957433333333262,-0.00033294202516823135,0.011859276039690137,0.009596386666666665,-5.817920625715556e-05,1.6498093496002386,0.0568338166666667,-0.0037075580466570564,0.45364252402232075,-8.673617379884035e-19,-7.52316384526264e-37,0.0,-1.6653345369377348e-16,-2.7733391199176196e-32,0.0,-5.551115123125783e-17,-9.244463733058732e-33,0.0,0.9031597588512084,-0.0019068123406179081,50,319,0,0,0,0
0.00016133333333340216,-6.195342222223632e-09,9.929216931765719,1.773333333333333,-3.929955555555555,8.385673563550386,0.005957446666666755,0.0001537958185603011,0.019261064424220296,-0.004558073333333336,-0.00019334811279195558,2.112492977664595,-0.009252743333333313,-0.003138917455842523,0.4553379709552514,-8.673617379884035e-19,-7.52316384526264e-37,0.0,-1.6653345369377348e-16,-2.7733391199176196e-32,0.0,-5.551115123125783e-17,-9.244463733058732e-33,0.0,0.7750287969844272,-0.0023960566608977802,50,320,0,0,0,0
0.00016100000000002224,-6.217640000000681e-09,12.809960305588358,2.9399999999999995,-3.3796,10.92178555598528,0.0059574399999999805,0.0006405294126463901,0.013824927203329495,-0.011288993333333344,-0.0002153664338202222,4.036305304306273,-0.11555340000000003,-0.0035539824227839995,4.247361513103071,-8.673617379884035e-19,-7.52316384526264e-37,0.0,-1.6653345369377348e-16,-2.7733391199176196e-32,0.0,-5.551115123125783e-17,-9.244463733058732e-33,0.0,0.7617392075485108,-0.0009460107970996296,50,321,0,0,0,0
0.00016073333333344042,-6.2271715555557025e-09,9.70646559499729,-1.12,4.435199999999998,8.843867397464514,0.005957453333333307,0.001127270263466304,0.008138087804070462,0.0016378633333333226,-1.564298023678894e-05,1.6184463852018671,-0.012711513333333313,0.002943391701265107,1.5307115169931733,-8.673617379884035e-19,-7.52316384526264e-37,0.0,-1.6653345369377348e-16,-2.7733391199176196e-32,0.0,-5.551115123125783e-17,-9.244463733058732e-33,0.0,0.820580012976793,0.007656936351412184,50,322,0,0,0,0
0.00016128666666670455,-6.229993822220423e-09,9.596995100834572,-2.5666666666666673,-3.482888888888888,11.095701503097896,0.005957446666666533,0.0016140027454941974,0.016293013323347077,0.001427563333333312,0.00013065681915121113,2.2275070199541713,0.05450012333333343,-0.0020183182365138552,0.48613970478570606,-8.673617379884035e-19,-7.52316384526264e-37,0.0,-1.6653345369377348e-16,-2.7733391199176196e-32,0.0,-5.551115123125783e-17,-9.244463733058732e-33,0.0,0.8301917268523101,-0.0018694788457900412,50,323,0,0,0,0
0.00016127999999998588,-6.283967999999119e-09,9.488795608532888,-1.4000000000000004,-4.032,11.42220235265313,0.0059574400000000916,0.002100734705538662,0.011859276039690137,-0.004519216666666666,-0.0001433433535917222,2.419984015718416,0.04485018333333329,-0.003194215556863056,0.40576234497637576,-8.673617379884035e-19,-7.52316384526264e-37,0.0,-1.6653345369377348e-16,-2.7733391199176196e-32,0.0,-5.551115123125783e-17,-9.244463733058732e-33,0.0,0.8367126047536785,0.001351421226922872,50,324,0,0,0,1
0.0001609466666667725,-6.30134915555454e-09,9.381878111860246,-0.2333333333333334,-4.285555555555555,11.57808087787559,0.005957453333333307,0.0025874779733817826,0.019261064424220296,-0.0029019966666666702,-0.00013486144320918887,1.697549071829294,0.05141819999999997,-0.002123789808201335,0.47770915192873636,-8.673617379884035e-19,-7.52316384526264e-37,0.0,-1.6653345369377348e-16,-2.7733391199176196e-32,0.0,-5.551115123125783e-17,-9.244463733058732e-33,0.0,0.8030161328585322,-0.0007818783458516823,50,325,0,0,0,0
0.00016070666666673228,-6.314470755553626e-09,9.276263541507648,0.9333333333333331,-4.243555555555555,11.095701503097896,0.005957443333333368,0.003074208523495617,0.013824927203329495,-0.0038800466666666714,-2.3691879352222197e-05,2.0241415229391233,0.027029709999999985,-0.0037546931439596323,0.31515796095136317,-8.673617379884035e-19,-7.52316384526264e-37,0.0,-1.6653345369377348e-16,-2.7733391199176196e-32,0.0,-5.551115123125783e-17,-9.244463733058732e-33,0.0,0.7794420394470134,8.050031706280436e-05,50,326,0,0,0,0
0.00016142000000007872,-6.323387600000768e-09,9.171984940447999,2.1,-3.9060000000000006,8.587113638418442,0.005957456666666694,0.003560954809777625,0.008138087804070462,-0.0077902433333333215,-0.00015688873856532223,6.01182599546685,-0.05734206666666669,-0.006924278124682224,3.8940915015743487,-8.673617379884035e-19,-7.52316384526264e-37,0.0,-1.6653345369377348e-16,-2.7733391199176196e-32,0.0,-5.551115123125783e-17,-9.244463733058732e-33,0.0,0.7676379685327561,-0.00010743743519139556,50,327,0,0,0,0
0.00016122666666668062,-6.371086222222293e-09,9.069090718046967,3.2666666666666666,-3.2728888888888887,10.873895405314027,0.005957446666666644,0.004047683572655766,0.016293013323347077,-0.010114473333333339,-0.0001493075502668889,6.670878804597246,-0.12937026000000001,-0.004519446084419336,5.4175263258288275,-8.673617379884035e-19,-7.52316384526264e-37,0.0,-1.6653345369377348e-16,-2.7733391199176196e-32,0.0,-5.551115123125783e-17,-9.244463733058732e-33,0.0,0.7770012512310965,-0.0004727500508022581,50,328,0,0,0,0
0.00016089333333318967,-6.383550755556912e-09,8.967649650163738,-3.08,-1.9152000000000002,10.993511673233654,0.0059574399999999805,0.004534412809295452,0.011859276039690139,0.0009578999999999976,0.000164787381614,0.5987614509906335,0.01544133666666675,0.004342946579116946,0.2852607806997627,-8.673617379884035e-19,-7.52316384526264e-37,0.0,-1.6653345369377348e-16,-2.7733391199176196e-32,0.0,-5.551115123125783e-17,-9.244463733058732e-33,0.0,0.816441466454213,-0.0010377664409750736,50,329,0,0,0,0
0.00016247999999996487,-6.32325760000169e-09,12.149290417523787,-2.2,-3.904000000000001,9.249382880729407,-0.03489360666666663,0.0033523405910365622,0.019261064424220296,-0.0010714333333333437,8.100045769977778e-05,2.642871431197411,0.04633839333333328,-0.0026080852946042225,0.30476378238719326,-8.673617379884035e-19,-7.52316384526264e-37,0.0,-1.6653345369377348e-16,-2.7733391199176196e-32,0.0,-5.551115123125783e-17,-9.244463733058732e-33,0.0,0.7957426840994226,0.0002496633522343454,50,330,0,0,0,0
0.0001629733333333716,-6.276118222223625e-09,11.426621772256846,-1.04,-4.272,9.045093713652776,-0.028085106666666693,0.0006057661591655217,0.015581077621694908,0.0017213733333333314,1.3941082654311083e-05,1.1747873619478915,0.04461911333333329,-0.0021353735739132896,0.29820725934425063,-8.673617379884035e-19,-7.52316384526264e-37,0.0,-1.6653345369377348e-16,-2.7733391199176196e-32,0.0,-5.551115123125783e-17,-9.244463733058732e-33,0.0,0.7865022067054483,0.00039205997192539487,50,331,0,0,0,1
0.0001623466666665907,-6.243807288889631e-09,11.306875227809128,0.1200000000000001,-4.3744000000000005,12.416117188334756,-0.021276603333333366,-0.0015150062405914488,0.019261064424220296,0.0034498733333333323,-6.08223584570222e-05,1.0825666106507967,0.027523643333333347,-0.0005284802050825252,0.29651271833384935,-8.673617379884035e-19,-7.52316384526264e-37,0.0,-1.6653345369377348e-16,-2.7733391199176196e-32,0.0,-5.551115123125783e-17,-9.244463733058732e-33,0.0,0.775418166649279,-3.548512495393199e-05,50,332,0,0,0,0
0.00016171999999992082,-6.178139200000734e-09,11.190550001874938,1.2800000000000002,-4.211199999999999,6.781163672203697,-0.01446808000000005,-0.003009992594053046,0.013824927203329495,-0.005908379999999998,-0.00011241398991479999,2.571387587486761,-0.10526228666666665,-0.008147118860877557,4.163525874613871,-8.673617379884035e-19,-7.52316384526264e-37,0.0,-1.6653345369377348e-16,-2.7733391199176196e-32,0.0,-5.551115123125783e-17,-9.244463733058732e-33,0.0,0.7876219162983662,0.0015067642394930283,50,333,0,0,0,0
0.00016143999999990166,-6.1109663999986485e-09,11.078109735036216,2.4400000000000004,-3.782400000000001,10.873895405314027,-0.007659576666666612,-0.003879157389164653,0.019238238576939,-0.005762186666666683,-0.00011613641034595554,2.2417492340708813,-0.10350932666666668,-0.006157672721203154,3.800513400267481,-8.673617379884035e-19,-7.52316384526264e-37,0.0,-1.6653345369377348e-16,-2.7733391199176196e-32,0.0,-5.551115123125783e-17,-9.244463733058732e-33,0.0,0.806321412390219,0.001341118446005423,50,334,0,0,0,0
0.00016174666666673998,-6.0707720888877925e-09,10.970672245686426,1.9199999999999995,3.2959999999999985,8.449114196487303,-0.0008510533333334069,-0.00412253201883131,0.013605272596496812,-0.006962790000000017,-0.00012654358155709996,4.529177133641425,-0.11583657999999997,-0.009890033625061198,4.019128200918755,-8.673617379884035e-19,-7.52316384526264e-37,0.0,-1.6653345369377348e-16,-2.7733391199176196e-32,0.0,-5.551115123125783e-17,-9.244463733058732e-33,0.0,0.80963627897194,-0.0017258656345792754,50,335,0,0,0,0
0.0001611200000000701,-6.0237823999992555e-09,10.873895405314027,-3.08,-3.0688,11.840744686291952,0.005957446666666699,-0.0037400927866018258,0.008138087804070462,0.0037066133333333376,-2.196036836435551e-05,1.8062179550601705,0.05810670000000001,-0.007386241776396667,1.7509457471033703,-8.673617379884035e-19,-7.52316384526264e-37,0.0,-1.6653345369377348e-16,-2.7733391199176196e-32,0.0,-5.551115123125783e-17,-9.244463733058732e-33,0.0,0.7763292488707724,0.0020643378281472824,50,336,0,0,0,0
0.00016079333333346435,-6.027997555553236e-09,10.750740712908714,-1.9133333333333336,-3.747955555555555,11.627498653617387,0.0059574399999999805,-0.003253354835069361,0.016293013323347077,0.0011887266666666674,3.960986748217777e-05,3.5017565755415343,0.08800551666666673,-0.004696276346190388,2.93429288502511,-8.673617379884035e-19,-7.52316384526264e-37,0.0,-1.6653345369377348e-16,-2.7733391199176196e-32,0.0,-5.551115123125783e-17,-9.244463733058732e-33,0.0,0.800789256324395,0.0016322374488384776,50,337,0,0,0,0
0.0012759066666666596,2.2680462577777475e-06,10.629132172470355,-0.7466666666666666,-4.131555555555556,8.551184639174025,0.005957453333333362,-0.002766623550202227,0.011859276039690137,0.002649249999999999,1.4948809055833308e-05,2.3349278109732197,0.09459287666666666,-0.005133866820691188,1.8673760779261914,-8.673617379884035e-19,-7.52316384526264e-37,0.0,-1.6653345369377348e-16,-2.7733391199176196e-32,0.0,-5.551115123125783e-17,-9.244463733058732e-33,0.0,0.8082720941735166,0.0019413264573206299,50,338,0,0,0,0
0.003072579999999936,-6.004797396000031e-07,10.509012164509295,0.4200000000000004,-4.2196,11.32449476866467,0.005957443333333257,-0.0022798840128563924,0.019261064424220296,0.03754548666666669,0.0021246505086901777,5.560313882581552,0.11140882666666663,-0.002420133741712356,3.131964963296408,-8.673617379884035e-19,-7.52316384526264e-37,0.0,-1.6653345369377348e-16,-2.7733391199176196e-32,0.0,-5.551115123125783e-17,-9.244463733058732e-33,0.0,0.9322380992283098,-0.0006156993918898812,50,339,0,1,0,0
0.0025560799999999606,-1.842724931200002e-06,10.390330475245275,1.586666666666667,-4.012088888888888,8.778467792034789,0.005957456666666638,-0.0017931497095504123,0.013824927203329495,0.00015285666666666614,-0.0003599905419033221,0.45447374423785586,0.03445649333333345,-0.0005687205348952895,0.21957331935691027,-8.673617379884035e-19,-7.52316384526264e-37,0.0,-1.6653345369377348e-16,-2.7733391199176196e-32,0.0,-5.551115123125783e-17,-9.244463733058732e-33,0.0,0.809827476820933,-0.00010348426666160007,50,340,0,0,0,0
0.0020400933333333815,-2.5042229299555456e-06,10.273043783690419,2.753333333333334,-3.509022222222222,10.873895405314027,0.005957446666666644,-0.0013064119594402152,0.008138087804070462,-0.009608110000000003,-0.0005656560083318998,1.5664870161462034,-0.09649607666666665,-0.003484788323231987,4.199557074040147,-8.673617379884035e-19,-7.52316384526264e-37,0.0,-1.6653345369377348e-16,-2.7733391199176196e-32,0.0,-5.551115123125783e-17,-9.244463733058732e-33,0.0,0.815044472658743,0.002911335122051452,50,341,0,0,0,0
0.0015013199999999727,-2.586253897599988e-06,10.157115286519314,0.0,5.6,8.42196570704962,0.005957440000000036,-0.0008196767313125297,0.016293013323347077,-0.009400706666666661,-0.0005345999690584888,1.4578766138202968,-0.12052764666666671,-0.004552474061330622,4.2922766268489605,-0.0007670800000000003,1.2275391536e-06,0.0,-0.14253102000000017,0.0229219390575796,0.0,0.04451927999999988,0.001829507346201601,0.0,0.8448302553609728,0.002576216924412719,50,342,0,0,0,0
0.0009675133333332808,-2.079487360222206e-06,7.604650923514007,-2.7533333333333334,-3.2887555555555554,11.095806734747933,0.005957433333333262,-0.00033294202516823135,0.011859276039690137,-0.004375546666666653,-0.00048098004845555553,2.2268704266699686,-0.02971785999999993,-0.0011330819858932015,0.4968579380458943,0.000617026666666666,9.62971477777778e-07,1.252570825838995,-0.08182683000000002,0.005682723935332236,0.0,0.07819411999999998,-0.0005801909871056003,0.0,0.9760449380181673,0.00024214974881416396,50,343,0,0,0,1
0.0004583466666666647,-9.97701703822203e-07,7.505059157684366,-1.5866666666666664,-3.8851555555555555,11.106531803743994,0.005957446666666755,0.0001537958185603011,0.019261064424220296,0.01333442,-0.000244315927502,4.318674614480251,0.06602703333333337,-0.003954589412122893,1.6349884754199535,0.0019752766666666665,1.7883115486777778e-06,11.791020095283288,0.033579550000000014,0.002735171559881169,1.2524629723068756,0.06392512,-0.0013864642566656007,0.0,0.9534768425070702,-0.000788254730801319,50,344,0,0,1,0
0.00013505999999996465,-3.641155599998526e-09,13.03176640337223,-0.4199999999999995,-4.186,11.14359165376915,0.0059574399999999805,0.0006405294126463901,0.013824927203329495,0.0023175833333333312,-0.0002801327672063889,1.637958638677983,0.05629728666666661,-0.004720970341785289,0.5123318877141777,0.0010117033333333324,1.930728546811111e-06,1.9358488088851231,0.05976370666666658,0.004294598096691377,2.989481620311104,0.049656120000000026,-0.0017855288042256012,0.0,0.9176508746231636,-8.613751320727444e-05,50,345,0,0,0,0
0.00014290666666649798,-3.642185955556688e-09,9.92827169278116,0.7466666666666666,-4.191288888888888,11.207588655548218,0.005957453333333307,0.001127270263466304,0.008138087804070462,0.008498633333333332,0.00019316060158377786,1.669393243349922,0.06717793666666666,-0.0039355015056361225,1.6515993025728353,0.0007920833333333321,1.8657601361111072e-07,0.8183320113293666,0.09285098333333325,-0.00041517331555438776,2.693942524229895,0.03538712000000005,-0.0017773846297856012,0.0,0.9340793916324495,0.0006759898918302206,50,346,0,0,0,0
0.00015028000000000263,-4.261902399999394e-09,9.818801198618441,1.913333333333333,-3.901022222222222,8.32686016465798,0.005957446666666533,0.0016140027454941974,0.016293013323347077,0.012606899999999976,0.0001386159633313333,2.8614102718975944,0.10902752999999998,-0.0025598263118831004,3.017796814770605,0.0009473400000000005,9.470903400000007e-08,2.343557326584714,0.0898187666666666,-0.005246221567316221,2.0063712047125617,0.021118120000000073,-0.0013620317333456011,0.0,0.9453349400421714,0.0004046347009856634,50,347,0,0,0,0
0.0001573600000001063,-5.432547200001035e-09,9.641558008930934,3.0799999999999996,-3.315200000000001,10.873895405314027,0.0059574400000000916,0.002100734705538662,0.011859276039690137,0.012466006666666668,0.0001695641154917778,1.8745527315594688,0.05223497666666671,0.0014921158747977468,1.3890926954522025,0.0007788966666666675,-3.4983100145555564e-07,2.4840837769949604,-0.035471419999999976,-0.009877998777664132,0.6524812179245376,0.006849120000000042,-0.0005394701149056006,0.0,0.9391535364021385,-0.00012248019318686004,50,348,0,0,0,0
0.00016071333333333992,-6.292716488890704e-09,9.381878111860246,-1.96,2.3855999999999993,9.436709827058797,0.005957453333333307,0.0025874779733817826,0.019261064424220296,-0.0008183366666666692,-1.87076586778555e-05,0.35118197776564203,-0.05448332,0.0032054073750442703,0.19967713130543763,-0.0003105499999999997,-3.22414078166667e-07,0.4117836865200453,-0.16347318000000005,-0.007441394129530267,6.364087743454833,0.09451776000000012,0.014606369023422404,0.0,0.9111950608356573,-0.0009439594462443741,50,349,0,0,0,0
0.0001613866666666519,-6.299682488890118e-09,9.276263541507648,-2.4266666666666667,-3.661155555555556,11.095701503097896,0.005957443333333368,0.003074208523495617,0.013824927203329495,0.005213503333333341,0.0009233329166358777,0.304129143769251,0.022433746666666643,0.0074487880541468515,0.4023250937484093,0.0002644133333333338,3.724751656977777e-06,0.36957662270084196,0.026100453333333384,0.001434278976588179,1.820790575620594,-0.0554105399999999,0.017869815109518534,13.922613786052187,0.9168981174286052,0.001961659837449062,50,350,0,0,0,0
0.00016124000000000693,-6.3494480000010216e-09,9.171984940447999,-1.2599999999999998,-4.1748,12.01339805129822,0.005957456666666694,0.003560954809777625,0.008138087804070462,0.0011502966666666753,4.628077173827777e-05,0.523189110930882,0.05417489333333336,-0.004705480682271022,1.736965527707845,3.658333333333291e-05,-2.9465328305555557e-07,0.46538375902903806,0.052695476666666685,-0.0068647558523853205,1.4781333189756334,-0.023178023333333297,0.009654572119419743,0.85036742180464,0.9338242313370395,4.625817190155732e-06,50,351,0,1,0,0
0.00016090666666668252,-6.3631416888895335e-09,9.069090718046967,-0.09333333333333371,-4.392888888888889,12.316651597789352,0.005957446666666644,0.004047683572655766,0.016293013323347077,-0.008830933333333318,-0.0004809532710195556,1.3963125587431149,0.04217098333333347,-0.005843065665244389,1.4259036645361092,-0.0005800699999999994,-2.208428310433333e-06,1.4444492234846613,0.043758756666666676,-0.007939575579393454,1.4146852252093298,-0.010363633333333289,0.004915640033006444,1.6695556390593986,0.933785738432821,-0.0012700392263432527,50,352,0,0,0,0
0.00016068666666663178,-6.379451422221671e-09,8.967649650163738,1.0733333333333333,-4.315422222222223,11.095701503097896,0.0059574399999999805,0.004534412809295452,0.011859276039690139,-0.018591886666666668,-0.0005338317447031556,3.1046189504585047,0.007070789999999938,-0.006323019613417767,0.2721422608229566,-0.0011816866666666663,-2.448702108755556e-06,2.857612687748847,0.039101560000000035,-0.00764539221144293,0.479600376039839,-0.0631387633333334,0.007425685494342948,1.4470740537054305,0.8859525561153112,-0.0010017488503955138,50,353,0,0,0,0
0.00016327999999993237,-6.32158719999857e-09,12.149290417523787,2.2800000000000002,-3.904,10.873895405314027,-0.03489360666666663,0.0033523405910365622,0.019261064424220296,-0.006405130000000009,-0.0004146352170091,0.42573494032883674,0.03801198333333333,-0.002463546401621726,0.2788862101880736,-0.00041405333333333245,-1.8258792451555556e-06,0.37366512066785534,0.04675988666666664,-0.008207419956504224,1.4265568854681772,0.00868081333333337,-0.007716421307516623,1.6017295996271819,0.9206108511392889,-0.00040001261965120957,50,354,0,0,0,0
0.000162653333333318,-6.292945955554677e-09,11.426621772256846,2.8799999999999994,-0.6208,8.823287615868907,-0.028085106666666693,0.0006057661591655217,0.015581077621694908,-0.017444349999999977,-0.0005543934484421667,5.004502025096729,-0.09456159666666669,-0.008163676980560391,3.2355464887075165,-0.0011670466666666665,-2.477260092222222e-06,5.060350226552589,-0.11308568333333335,-0.012863758030913717,5.254296297231087,0.03231520666666671,-0.007035230154010889,2.439938751493464,0.8731287021752496,-0.002110818365759291,50,355,0,0,0,0
0.00016202666666670362,-6.230947555553826e-09,11.306875227809128,-3.24,-3.1648000000000005,12.416117188334756,-0.021276603333333366,-0.0015150062405914488,0.019261064424220296,-0.016073853333333332,-0.0005110655063446222,4.09670169173573,-0.13359475333333326,-0.0014979231859244893,2.9995005271962722,-0.0011587766666666666,-2.2683392491888887e-06,4.235091944487276,-0.17512601000000003,-0.006280783664600569,6.362742045957702,0.11185028666666658,-0.005022811970064217,2.0572215192617653,0.9224096354302563,-0.0036811101528084252,50,356,0,0,1,1
0.00016154000000007107,-6.179011599999143e-09,11.190550001874938,-2.08,-3.808000000000001,8.80933637616706,-0.01446808000000005,-0.003009992594053046,0.013824927203329495,0.0012625900000000079,0.00013948569724409987,1.3056135951279142,0.0527358466666667,0.0069286828322475125,0.44917838005860933,1.2900000000001452e-05,5.293699033333332e-07,1.2262043695139575,0.02043497666666666,-0.00301994549875452,0.5140385720228507,0.06933270000000014,-0.011599280179515335,4.358723760892667,0.9242965210139447,-0.001601284223797581,50,357,0,0,0,0
0.00016127999999993037,-6.103241600000569e-09,11.078109735036216,-0.9199999999999999,-4.185599999999998,8.731584776801402,-0.007659576666666612,-0.003879157389164653,0.019238238576939,0.000260613333333333,-4.1877215266488885e-05,0.22114985175359433,0.04598979000000014,-0.0014347643747504371,0.492516190341899,1.6446666666665704e-05,-1.6113474395555562e-07,0.33851230402597865,0.06481699999999996,-0.0011306142020933371,0.4399348707759423,-0.012917283333333418,0.0005147460552649436,0.4279309660460203,0.9125010097889816,-0.000322316180387121,50,358,0,0,0,0
0.00016158666666665766,-6.048246222224023e-09,10.970672245686426,0.2400000000000002,-4.2976,11.960570427716501,-0.0008510533333334069,-0.00412253201883131,0.013605272596496812,-0.0014843899999999952,-3.788627242723338e-05,0.39760069209375354,0.03098475000000006,-0.0023057900095241647,0.3047637823871932,-0.00010209000000000043,-1.8300000069999966e-07,0.48274855718341897,0.07476614333333331,0.000290073194307211,0.742375819078646,-0.01757636666666662,-0.004661051850944226,1.3815497224866353,0.8895329729759425,0.0007579438054887627,50,359,0,0,0,0
0.0001609600000001543,-5.986412800002041e-09,10.873895405314027,1.4000000000000004,-4.143999999999999,6.423233924930679,0.005957446666666699,-0.0037400927866018258,0.008138087804070462,-0.003056863333333347,-4.598844100638886e-05,0.154108865464895,0.03125170333333338,-0.008147891850539588,0.3679102709484611,-0.00011031666666666638,-1.8628327172222244e-07,0.2944801525259352,0.07192135333333333,-0.003271705271184486,0.4394474694685514,-0.03419584666666664,0.0018411217929141781,0.2305290105950548,0.9163119032326423,0.002379591543174046,50,360,0,0,0,0
0.00016079333333351986,-6.0279975555576325e-09,10.750740712908714,2.566666666666667,-3.6882222222222216,10.873895405314027,0.0059574399999999805,-0.003253354835069361,0.016293013323347077,-0.004392693333333322,-4.9711033835822245e-05,1.5067994325571596,0.02734053000000003,0.00011458559181423342,0.3350845755957406,-0.0002923600000000002,-2.5993390053333354e-07,0.3473224962229606,0.038246196666666565,-0.0023017569984699893,0.297556259380642,0.0007309966666666501,-0.005154315974419457,1.3721975583951398,0.9192388662022094,0.0018806314845040925,50,361,0,0,0,0
0.00016098666666680694,-6.033767822222451e-09,10.629132172470355,1.1199999999999997,4.972800000000002,8.329378541390154,0.005957453333333362,-0.002766623550202227,0.011859276039690137,-0.007271706666666662,-0.00012932622929475552,1.9225884257849823,-0.08960134666666658,-0.004858360721031022,1.8156364802160474,-0.0005157600000000005,-5.231454591999998e-07,1.7420195314997786,-0.11110475666666664,-0.01090004050453012,5.339357595726387,-0.0018056266666666154,0.002617100548020713,0.15227326374558378,0.955843624650699,0.0005638813297922606,50,362,0,1,0,0
0.00016140000000003374,-6.082439999999038e-09,10.509012164509295,-2.94,-3.144400000000001,11.324494768664668,0.005957443333333257,-0.0022798840128563924,0.019261064424220296,-0.0031366433333333207,-5.1340578321855526e-05,3.1195395640322467,-0.06262568666666674,-0.005088315853706352,1.6405021837226703,-0.00023587666666666576,-1.6317205932222198e-07,2.0381020877252345,-0.11225097333333339,-0.0042180409449326176,4.036029385101073,0.038382963333333464,0.006040045874403878,0.5451455413372571,0.9636094425983025,-0.00042776826769179085,50,363,0,0,0,0
0.0001610666666665983,-6.110883555554775e-09,10.390330475245275,-1.773333333333333,-3.7880888888888893,11.224210116342825,0.005957456666666638,-0.0017931497095504123,0.013824927203329495,-0.0014949366666666478,2.7445982982677778e-05,0.3537256561506422,0.04003872666666669,-0.003378849685717021,0.2091086898066195,-0.00013159,1.4268219143333339e-07,0.31403737439442964,0.08700072666666658,-0.004815697568816224,1.6056086901667466,-7.243333333351032e-06,0.004134697594883349,0.21070819477718655,0.9428221807728933,0.0007922496755677472,50,364,0,0,0,0
0.00016076666666664519,-6.1169895555543195e-09,10.273043783690419,-0.6066666666666669,-4.136222222222222,8.591325662867565,0.005957446666666644,-0.0013064119594402152,0.008138087804070462,-0.002361756666666666,3.245864338161111e-05,1.6064095219110819,0.024629059999999925,-0.005483434120241732,0.28360981550550984,-0.00023953333333333196,2.0590706844444425e-07,1.4572647116363235,0.06372166666666668,-0.00788172975762222,1.4574018872742462,0.027741236666666613,0.0010954217410584118,1.3230584436100163,0.9559098724764321,-0.0017574928876236957,50,365,0,0,0,0
0.0001611200000000701,-6.1186015999981716e-09,10.157115286519314,0.5599999999999996,-4.1888,11.11138625762391,0.005957440000000036,-0.0008196767313125297,0.016293013323347077,0.0016984333333333185,4.8690019654444437e-05,0.2424958531430378,0.024789349999999932,-0.005639368318022836,0.25430028073726485,0.000141923333333334,2.9749140094444443e-07,1.5548507703848096,0.0739046066666667,-0.004799214433265288,1.6722754683784355,-0.00598833666666676,0.0021418237995074803,0.3580392656054306,0.9425615297088799,-0.001995810408610579,50,366,0,0,0,0
0.00016134666666661746,-6.172950222221323e-09,10.042514455825009,1.7266666666666661,-3.945822222222223,8.448747535300729,0.005957433333333262,-0.00033294202516823135,0.011859276039690137,0.01218695333333334,0.0001640154997837778,1.7234777410467308,0.03802685999999994,-0.00537284538462387,0.23635017801264419,0.0009123999999999994,9.556508746666663e-07,1.6600008453886768,0.12133695333333333,-0.005724218439285023,1.9760803962810183,-0.08627046999999993,0.0022176608553311668,0.8820425301618041,0.8771212682371623,0.0029054177406695387,50,367,0,0,0,0
0.00016101333333329304,-6.196477155553526e-09,9.929216931765719,2.893333333333333,-3.4072888888888895,10.873895405314027,0.005957446666666755,0.0001537958185603011,0.019261064424220296,-3.686333333333819e-05,0.0005759383819414776,1.393186791595954,0.027244343333333476,0.0013891336088029463,0.29845479098392513,-5.885333333333336e-05,2.5112215281777778e-06,0.2917673611268394,-0.014057480000000011,-0.007289150957857333,0.2884746576375723,0.01996629999999988,-0.00932193619866867,1.0099508406555728,0.9465748412537768,0.0010349814792818812,50,368,0,0,0,0
0.002114659999999935,2.203209349999944e-06,12.809960305588358,-0.8399999999999999,4.894399999999997,10.92178555598528,0.0059574399999999805,0.0006405294126463901,0.013824927203329495,-0.003964489999999994,0.0002519996326729,0.4845473179408532,-0.04951796333333319,0.006324148018605744,1.3406155873165904,-0.0004389900000000002,1.1040719683666665e-06,1.7426862218582284,-0.13927590999999995,-0.008674933278894431,4.08894986615824,0.1510146333333332,-0.01275768060085622,7.483841666351103,0.9617711710030012,0.0018948969001116164,50,369,0,0,0,0
0.002888599999999908,-9.794721599999967e-07,9.70646559499729,-2.6133333333333333,-3.4296888888888897,11.095701503097896,0.005957453333333307,0.001127270263466304,0.008138087804070462,0.008520076666666668,0.00048245063842241117,0.5156776724411424,0.046308593333333314,0.005931122650661379,0.6988891348131484,0.0006498400000000009,2.2819353272e-06,1.3969568343352339,0.01715170999999993,0.00015526050257810148,2.4641587423231335,-0.057244173333333315,0.006624597789430843,0.5631396875793311,0.9077259151933464,-0.002808650073605298,50,370,0,0,0,0
0.002379806666666595,-2.029939746355557e-06,9.596995100834572,-1.4466666666666668,-3.990622222222222,11.299771632932728,0.005957446666666533,0.0016140027454941974,0.016293013323347077,0.01915136333333333,0.0024128047452160106,1.7478571538042402,0.1091966966666667,0.0037529221143433426,3.0475459197292345,0.001187823333333333,1.050211330641111e-05,1.6866413350060487,0.09124635999999992,-0.003931027525746136,1.4380611250682207,0.02045763333333328,0.0017438071621491066,0.11471265943182077,0.946887919571351,-0.0023188264752488034,50,371,0,0,0,0
0.0018706400000000345,-2.5155925535999976e-06,9.488795608532888,-0.28000000000000025,-4.255999999999999,11.42220235265313,0.0059574400000000916,0.002100734705538662,0.011859276039690137,0.007799076666666675,0.0012584908775698778,0.6200725277898437,0.07723589666666664,0.0005597950234106815,0.5005076237141322,0.0005104066666666665,5.080953460577779e-06,1.4020814819709326,0.04069568666666662,-0.007806102305801286,0.3238973700043776,0.0012924433333333374,-0.01109976352971066,1.699753993194557,0.9440256761068235,-0.002284034829836252,50,372,0,0,0,0
0.0013615600000000394,-2.4364903503999844e-06,9.381878111860246,0.8866666666666663,-4.225822222222223,11.095701503097896,0.005957453333333307,0.0025874779733817826,0.019261064424220296,-0.014152950000000004,-0.0008682251196981666,0.4083075200767032,0.03399434999999984,-0.006836580315176165,0.2494143317173138,-0.0010314733333333325,-3.6807062063555544e-06,0.3817027219062215,0.004280193333333293,-0.008201904609822891,1.6590749199539292,0.03949552333333339,-0.0044288134661791875,1.6675052989645751,0.9444326532330096,-0.0006867742081413857,50,373,0,0,0,0
0.0008534000000001707,-1.7928675199999832e-06,9.276263541507648,2.0533333333333332,-3.9000888888888894,8.477356967248024,0.005957443333333368,0.003074208523495617,0.013824927203329495,-0.019956886666666666,-0.001293813709705822,5.1645024428450865,0.0010914266666666173,-0.010815409759300088,1.6898801838511122,-0.0012890999999999996,-5.782916301999998e-06,5.131028209556937,-0.013039856666666627,-0.006619759518601054,1.624256121110899,-0.003770420000000052,-0.003068799158133198,0.1334759350898004,0.9848833398448507,2.700876972578841e-05,50,374,0,0,1,1
0.00034442000000006745,-5.8460840839999e-07,9.171984940447999,3.2199999999999998,-3.278800000000001,10.873895405314027,0.005957456666666694,0.003560954809777625,0.008138087804070462,-0.01888456666666667,-0.0011924198072535558,3.7015749785179457,-0.10161662333333338,-0.009415559405172124,2.915314459347822,-0.00125755,-5.327580246166667e-06,3.153996355768504,-0.09729751333333342,-0.011580779840172223,5.2795412459666675,0.05939326333333339,-0.011705880557453988,2.7392540803656984,0.9262210891769331,-0.0017875061135737495,50,375,0,0,0,0
0.0001609066666665715,-6.363141688887945e-09,9.069090718046967,-2.8000000000000003,-0.6720000000000006,10.441744951879437,0.005957446666666644,0.004047683572655766,0.016293013323347077,-0.018930210000000003,-0.001079737862492033,2.8633802620348154,-0.1422369633333334,-0.0038837081117854555,3.005583366217359,-0.0018490533333333332,-5.076838119022221e-06,3.2586220180620566,-0.1839125066666667,-0.007276338902608358,6.530114653642269,0.05236991000000013,-0.004248868454443364,0.5579981524867742,0.8844789887481965,-0.0015192096446893918,50,376,0,1,0,0
0.00016068666666679832,-6.37945142222267e-09,8.967649650163738,-2.286666666666667,-3.8674222222222228,11.095701503097896,0.0059574399999999805,0.004534412809295452,0.011859276039690139,-0.00482562000000001,-0.0006356706112121333,0.1438495692344281,-0.07877763333333332,0.0008122107889797815,0.3826714879547781,-0.000380546666666667,-2.789106671822222e-06,0.2937424478011395,-0.13571812333333333,-0.011431925962380256,5.144124696765411,0.07991078666666662,-0.006209242372601689,1.873743449800161,0.9475358630998642,-0.000982088863996519,50,377,0,0,0,1
0.0001632800000001544,-6.321587200000854e-09,12.149290417523787,-1.08,-4.307200000000001,9.249382880729407,-0.03489360666666663,0.0033523405910365622,0.019261064424220296,0.013878799999999997,0.00048093029099066696,1.4877404405768515,0.08389162999999988,0.0032644552597197,1.548895988509842,0.0010472833333333323,2.760208525611112e-06,2.9548538654298344,0.09943208999999992,0.002789467029426229,0.8168283414535548,-0.1465949333333333,0.018814412660495106,0.7917529610550581,0.875100180427493,-0.0029468290456473064,50,378,0,0,0,0
0.00016265333333320697,-6.2929459555566526e-09,11.426621772256846,0.08000000000000007,-4.4064000000000005,12.622819514404366,-0.028085106666666693,0.0006057661591655217,0.015581077621694908,0.01285307333333334,3.763267410324448e-05,2.3915436348181722,0.11905633333333343,-0.0004175069047422271,1.7442148944524785,0.0009827599999999992,5.065666714666671e-07,2.8356632793777385,0.13440363,-0.002050473585727103,2.09901674141747,-0.06672370666666683,0.011963862614837242,1.9016565631244657,0.8554874049866027,-0.0012777112138578372,50,379,0,0,0,1
0.0001620266666665371,-6.230947555557405e-09,11.306875227809128,1.2400000000000002,-4.239999999999999,6.955462234719734,-0.021276603333333366,-0.0015150062405914488,0.019261064424220296,0.004217750000000006,-0.0002693727858041666,0.4642086707327666,0.09515921666666677,-0.00448283643938905,1.5936168497360046,0.0003732833333333326,-1.0320496597222225e-06,0.42218672853102024,0.10159322333333337,-0.004309172098025855,1.7432098323804899,-0.03295178333333315,0.003969432801656278,2.964177022827042,0.8828291265753961,-0.0020722201732644697,50,380,0,0,0,0
0.00016169999999993134,-6.16705000000076e-09,11.190550001874938,2.4000000000000004,-3.8080000000000003,10.873895405314027,-0.01446808000000005,-0.003009992594053046,0.013824927203329495,0.0020973599999999926,-0.00027896118058320013,0.48685839749788234,0.05765644666666658,-0.004204150170300756,0.5085050894264111,0.0003954500000000003,-1.4975486748333333e-06,0.4983126192481676,0.09069307000000015,-0.00422534629824417,0.5518197090122041,-0.08933769000000008,-0.002772386589036179,0.7678481428750145,0.8442593293967939,0.0016195454338295593,50,381,0,0,0,0
0.00016205333333341176,-6.125629155554628e-09,11.078109735036216,2.1599999999999997,2.489600000000001,8.509778679017533,-0.007659576666666612,-0.003879157389164653,0.019238238576939,-0.00949393666666666,-0.0004818876861949223,2.5825587443151212,-0.08238218000000003,-0.005406760031149999,0.41996429958726844,-0.0006058933333333333,-2.713220991022223e-06,2.7229113908036684,-0.05502760000000001,-0.017156150569585336,3.874270673758457,0.06685669333333344,-0.01723215863147449,2.6911376489235272,0.905286709818595,-0.0013446765244827044,50,382,0,0,0,1
0.00016142666666663086,-6.0823091555547895e-09,10.970672245686426,-3.12,-3.0880000000000005,11.960570427716501,-0.0008510533333334069,-0.00412253201883131,0.013605272596496812,-0.008803393333333326,-0.0003319034137362221,0.3993044234769427,-0.03308336333333334,0.0047572178364006755,0.2755816815344993,-0.0007001900000000003,-1.7057845971000005e-06,0.300050711036369,-0.12223115666666662,-0.011561898116631187,4.034253968217043,0.14275870666666668,-0.019806977293521422,5.035915933025197,0.9264861164209995,-0.0009950747952381573,50,383,0,0,0,0
0.00016080000000001649,-6.0056319999987355e-09,10.873895405314027,-1.9600000000000004,-3.7408,8.624122013063339,0.005957446666666699,-0.0037400927866018258,0.008138087804070462,0.013111746666666674,0.00017766973087991115,3.0607302601463413,0.09381532666666659,0.00024640823311363955,1.4535326858194748,0.0010001500000000009,7.788943845e-07,2.036907641711373,0.07632316999999994,-0.003196285131533496,2.625978290470087,-0.04208918000000006,-0.004392141254817732,0.4041795190921257,0.9352696241390168,0.0015006689860005131,50,384,0,0,0,1
0.0001609533333332691,-6.013153822220538e-09,10.750740712908714,-0.7933333333333334,-4.136222222222223,8.577233545038052,0.0059574399999999805,-0.003253354835069361,0.016293013323347077,0.002885889999999995,-8.782538845883333e-05,0.28797801416530905,0.08842009000000006,-0.0019267545545652298,0.44574518937139274,0.0002850333333333328,-4.882971788888888e-07,0.29948513039914415,0.07772565000000009,-0.006286661730668833,1.557576261756567,-0.024587696666666714,-0.003216064713252125,0.2782558463121076,0.8776331001379346,0.00312822812529098,50,385,0,0,0,0
0.00016141333333319352,-6.0595768888879056e-09,10.629132172470355,0.3733333333333335,-4.236088888888888,11.457516202387595,0.005957453333333362,-0.002766623550202227,0.011859276039690137,0.0007658766666666789,-9.222502297412226e-05,0.2064880474702619,0.06982152000000008,-0.007594932737183736,0.48864657749963114,0.00019973666666666702,-6.271056505222217e-07,0.42152684888527836,0.07069306666666664,-0.006483285513498227,0.5603097610748404,-0.09566085000000002,-0.0029747624795014964,0.5212521411110401,0.8799261853964382,0.004029213911200671,50,386,0,0,0,0
0.00016108000000009115,-6.089249599998061e-09,10.509012164509295,1.5400000000000005,-4.0404,6.161830796558617,0.005957443333333257,-0.0022798840128563924,0.019261064424220296,0.004934330000000008,-8.188142639590004e-05,0.682940763739649,0.0459793466666667,-0.009681096014995554,0.22491445601633414,0.0005344666666666667,-4.069186395555552e-07,0.8410027699487121,0.09353177333333335,-0.0055396956905979546,1.5542852232115367,-0.16401597000000007,0.004235586684112235,2.2010532662621642,0.8239373001917842,0.004977152295689925,50,387,0,1,0,0
0.00016077333333336385,-6.094812088888695e-09,10.390330475245275,2.706666666666667,-3.549155555555556,10.873895405314027,0.005957456666666638,-0.0017931497095504123,0.013824927203329495,-0.00637337666666668,-0.00025847123942452234,1.488780868466006,-0.021306676666666746,-0.010462153405779856,0.3049795512355649,-0.00033229666666666734,-1.3999404249222226e-06,2.713092272977681,-0.01356546333333336,-0.004732600446834788,0.26130134599429766,-0.07921196666666663,-0.008549353920781554,0.5226134523594157,0.8665262696137315,0.0009059674939178506,50,388,0,0,0,0
0.0001610866666666988,-6.097036488891155e-09,10.273043783690419,0.28000000000000025,5.6112,8.369519565083694,0.005957446666666644,-0.0013064119594402152,0.008138087804070462,-0.009836656666666665,-0.00016562416910052217,1.7873392923698148,-0.14667659333333327,-0.006310293933731958,4.163209085300231,-0.000994983333333334,-6.937504857222221e-07,1.647722343191013,-0.18234503666666668,-0.008956412082587592,5.351991034473559,-0.004634536666666689,-0.014074555245839993,1.6432226767518194,0.889270078439614,0.0025364711520275895,50,389,0,0,0,1
0.00016135999999999928,-6.15046400000041e-09,10.157115286519314,-2.8000000000000003,-3.2479999999999998,11.11138625762391,0.005957440000000036,-0.0008196767313125297,0.016293013323347077,-0.003387023333333322,-0.00011953164143052223,0.2939004955708248,-0.08048295333333327,-0.003295187069928228,1.4628771834326444,-0.0002709433333333341,-5.017437726555558e-07,0.2828176377599491,-0.09394524666666665,-0.006213528764591424,1.6671718259469763,0.0069473999999999925,-0.0037361662672346675,0.11387024097314519,0.8263060115862468,0.005355750942781197,50,390,0,0,0,0
0.00016102666666656384,-6.175220088890269e-09,10.042514455825009,-1.6333333333333333,-3.856222222222222,11.095806734747935,0.005957433333333262,-0.00033294202516823135,0.011859276039690137,0.0039712433333333325,9.743969791827775e-05,0.20207498065369042,0.034478276666666696,-0.008228933858533592,0.2847582523002783,0.0002369366666666664,3.5909019001111124e-07,1.384219773466513,0.05703605333333345,-0.005581515088167288,0.2824838553359443,-0.020627220000000057,0.009485491339375596,0.5520671521758451,0.9455505773211661,-0.0034546188693297176,50,391,0,0,0,0
0.0001607466666666002,-6.183239822223248e-09,9.929216931765719,-0.46666666666666634,-4.168888888888889,11.106531803743994,0.005957446666666755,0.0001537958185603011,0.019261064424220296,0.005781313333333336,7.943926566324433e-05,1.4295429980838734,0.050584663333333224,-0.006505033782573992,0.1633674724256334,0.00041817999999999977,2.4764544546666684e-07,0.5917435091869956,0.1016140333333333,-0.005041117949096223,0.6937051125159688,-0.005850839999999968,0.007362728392459203,0.3094732150021416,0.8858496383266992,-0.003177553336653683,50,392,0,0,0,0
0.00016121999999996195,-6.184723599999633e-09,12.809960305588358,0.6999999999999997,-4.185999999999998,11.14359165376915,0.0059574399999999805,0.0006405294126463901,0.013824927203329495,0.004874840000000012,0.00023446609664319997,0.189879126921369,0.07998604666666664,-0.00022107936084796512,0.40513977949591284,0.00040708666666666726,8.021130776444445e-07,0.3327433278512357,0.09305634666666662,-0.0056445325128566225,0.39947550613221594,-0.005428370000000016,0.0006317118156207724,1.478657723290796,0.9295833100561297,-0.0002677125891365262,50,393,0,0,0,0
0.0001613066666666385,-6.239843555555485e-09,9.70646559499729,1.8666666666666663,-3.9075555555555557,8.32473182397126,0.005957453333333307,0.001127270263466304,0.008138087804070462,-0.004323499999999994,-0.00015245471385,1.3525098290940814,0.05097391333333334,-0.004218597691862353,0.17827286105305895,-0.0002305600000000003,-9.688785176000005e-07,1.33145407786333,0.04940358333333322,-0.010113840762373056,0.5574786464574848,-0.04533181666666658,-0.005126566332419057,0.2382521129456831,0.914162606832069,-0.0016867037617455782,50,394,0,1,0,0
0.00016097333333325858,-6.259683022222907e-09,9.596995100834572,3.033333333333333,-3.3335555555555554,10.873895405314027,0.005957446666666533,0.0016140027454941974,0.016293013323347077,-0.009315579999999997,-0.0002441659306870667,2.7136872829936527,-0.04916444333333331,-0.004843829665283721,0.21673445404266856,-0.0006529166666666671,-1.4109723697222224e-06,3.8219116722016135,-0.07959352666666664,-0.012846000273378353,2.9047845441278053,0.08865051666666662,-0.007607283053680389,0.6196393271200006,0.8590873701394188,-0.008460448138880054,50,395,0,0,0,1
0.0001607200000001141,-6.270915199999967e-09,9.488795608532888,-1.6800000000000002,3.1808000000000014,9.20611544151117,0.0059574400000000916,0.002100734705538662,0.011859276039690137,-0.01034115666666667,-0.00017963665614132226,2.6037872083952998,-0.08933698666666667,0.004651410052516711,1.3628390223659685,-0.0008946233333333338,-1.049778558388889e-06,3.8077827580250636,-0.19598823000000004,-0.009614400795375634,5.350113017794847,0.1814516200000001,-0.013516504899464665,5.30204172303188,0.8420492113702308,0.0025695860543759547,50,396,0,0,1,0
0.00016135333333333612,-6.276215155553817e-09,9.381878111860246,-2.4733333333333336,-3.5986222222222217,11.095701503097896,0.005957453333333307,0.0025874779733817826,0.019261064424220296,-0.008563000000000001,-0.00019209353318666664,2.6472714379479667,-0.018963056666666644,0.006826566772409212,0.26683824465018846,-0.0006136666666666669,-1.0789705755555556e-06,2.724175443234409,-0.020917483333333375,-0.004720483738249723,1.7558643015234352,0.0716769266666667,-0.015151712559594618,2.857045840702145,0.7958413776719278,-0.007526004636042611,50,397,0,0,1,0
0.0027627333333334336,1.3193864924444498e-06,9.276263541507648,-1.3066666666666666,-4.124088888888889,11.772397771504203,0.005957443333333368,0.003074208523495617,0.013824927203329495,-0.00044008000000000935,-0.0003360420736277333,3.7916938965668026,0.05579945999999991,-0.004371327408880934,0.18235422835940765,-4.820333333333329e-05,-1.6811776373222225e-06,4.092627475845348,0.06884773666666666,-0.011165533059381989,1.4167968005779485,-0.008078926666666764,-0.0038490495468879588,1.8393225308796937,0.772584947674566,-0.005560796459437455,50,398,0,0,0,0
0.0028243399999999808,-1.2671152340000035e-06,9.171984940447999,-0.13999999999999968,-4.354,12.01339805129822,0.005957456666666694,0.003560954809777625,0.008138087804070462,0.0007648599999999992,-0.0002434501942428,3.3628335010070827,0.027010323333333197,-0.008782374274073454,0.20837788541323463,5.063333333333317e-05,-1.2786051215555553e-06,4.522522592925699,0.09724587333333329,-0.008607156650851424,1.751053145969038,-0.022786513333333258,-0.005791283086858893,1.3834557689437323,0.876300938773244,0.004994420321278194,50,399,0,0,0,1
0.002307946666666727,-2.230443199288891e-06,9.069090718046967,1.0266666666666664,-4.2883555555555555,11.095701503097896,0.005957446666666644,0.004047683572655766,0.016293013323347077,0.005361683333333332,-1.0309653097222474e-06,2.7764933382218886,0.04319746000000002,-0.006838866830930542,0.15095960362005584,0.00036241999999999915,-1.3345234999999992e-07,2.8947627577386523,0.06692302666666666,-0.010789425348022488,1.4285129170289523,-0.0321812233333334,-0.010752081072693053,2.6383648788710423,0.9448166041992042,-0.0001224438335888301,50,400,0,0,0,0
0.001792573333333325,-2.6133819272888882e-06,8.967649650163738,2.1933333333333334,-3.9271555555555557,8.978352595279734,0.0059574399999999805,0.004534412809295452,0.011859276039690139,0.0042499333333333306,-9.311810071422224e-05,1.5817159907198517,0.03150297666666657,-0.009354222297500655,0.1512263742412896,0.0003154999999999994,-5.0280071e-07,2.4614995562916815,0.05129809666666674,-0.012340428748782257,1.5654861930737776,-0.0397747799999999,-0.008098976460749202,0.5282520882007079,0.9221903246257237,-0.0016401424562187353,50,401,0,0,0,0
0.0012778799999999535,-2.4161922432000046e-06,12.149290417523787,3.1199999999999997,-1.888,9.027576782945536,-0.03489360666666663,0.0033523405910365622,0.019261064424220296,0.0018046899999999977,-6.373704421976666e-05,1.354646173483643,-0.06736143999999988,-0.008982555913057067,1.5200928949509116,0.0001297300000000002,-3.399138037666667e-07,1.685596950134828,-0.09000088666666672,-0.015623123469974888,4.9255701173961475,0.10383042333333337,-0.008770680069517854,3.926274309472588,0.9668262925417835,0.0006720484538541727,50,402,0,0,0,0
0.0007610866666666882,-1.6385651692888855e-06,11.426621772256846,-3.2800000000000002,-3.1968000000000005,12.622819514404366,-0.028085106666666693,0.0006057661591655217,0.015581077621694908,-0.0031038799999999964,-5.627933580559998e-05,2.56386395109054,-0.1543146466666666,-0.0021529022737636905,3.046796006227029,-0.00041235333333333344,-1.7764102235555544e-07,4.128175653892229,-0.1736051366666666,-0.00719460975095932,6.560190851556644,0.25937290000000013,-0.00601489836028467,6.793304398320681,0.8616044881008403,-0.005268467608792748,50,403,0,0,1,1
0.00024454666666667846,-2.8035049848889037e-07,11.306875227809128,-2.12,-3.8368,8.909880378198732,-0.021276603333333366,-0.0015150062405914488,0.019261064424220296,-0.0020535099999999945,-3.7817958223633335e-05,0.5140806024057579,-0.020491880000000018,-0.0012665576629279952,0.20898401589019913,-0.0002087233333333328,-1.3673382932222216e-07,2.7163970903458794,-0.0021379766666667077,-0.0068957361859709205,1.422710532325285,0.1292690333333334,-0.017755446317933552,4.167179395559894,0.8697840852696436,-0.003502073227561501,50,404,0,0,0,0
0.00016235999999997253,-6.178139200001257e-09,11.190550001874938,-0.96,-4.211199999999999,8.80933637616706,-0.01446808000000005,-0.003009992594053046,0.013824927203329495,-0.002163650000000003,-4.4387048640833325e-05,2.546226782738152,0.001580386666666822,-0.00459472949770889,0.2390890402503748,-0.0003034166666666667,-6.839613305555552e-08,3.1918390001065946,0.05721728000000004,-0.002431175101633865,0.47747461590184587,0.05804378666666654,-0.01638866774875422,2.895761039126672,0.9351744935530876,6.721795794350317e-05,50,405,0,0,0,1
0.00016173333333330264,-6.138488888890039e-09,11.078109735036216,0.20000000000000018,-4.32,12.093818543331803,-0.007659576666666612,-0.003879157389164653,0.019238238576939,-0.0017360966666666658,-2.9092442568655553e-05,2.370870732499456,0.030172060000000056,0.0003933144777177322,0.14756170621591877,-0.00017984666666666631,-2.232483835555545e-08,2.821131878588803,0.11928273333333328,0.0034436556542937757,1.8583189259355737,-0.06911843666666673,-0.006588898555822521,2.6201996603464206,0.9327576791488041,-0.002054350456538123,50,406,0,0,0,0
0.00016110666666663276,-6.065481422223265e-09,10.970672245686426,1.3600000000000003,-4.163199999999999,6.522421981896132,-0.0008510533333334069,-0.00412253201883131,0.013605272596496812,0.005291583333333322,0.00022010200079027774,1.1458604301356445,0.0823321266666669,0.0029924578218077785,1.4808429267413807,0.0002594833333333336,1.4727167862777775e-06,0.49762450621881354,0.1054772366666667,-0.0016137188107101241,1.8922023966001762,-0.10106007333333333,-0.006394688111146086,3.9034215087848114,0.8749831030501596,-0.0011157559683309796,50,407,0,0,0,1
0.0001609199999998978,-5.992777600000146e-09,10.873895405314027,2.5200000000000005,-3.7408,10.873895405314027,0.005957446666666699,-0.0037400927866018258,0.008138087804070462,0.0010064133333333447,-5.094386691662223e-05,3.5957480524295287,0.07167264666666662,0.004267404545182978,0.6680474014076347,7.772000000000074e-05,-1.2443820239999994e-07,2.3128689254454224,0.06459593999999996,-0.004988251127300402,0.4223424795868605,-0.04926607000000005,-0.004623972401701371,1.5592365854354906,0.8666186593913758,0.0028351204167617675,50,408,0,0,0,0
0.00016142666666668637,-6.036619555555072e-09,10.750740712908714,1.4,4.535999999999999,8.355427447254183,0.0059574399999999805,-0.003253354835069361,0.016293013323347077,-0.003328423333333337,-3.856611611678888e-05,0.8662113173213358,-0.06892491666666667,0.0011053123006869447,0.32148686139113986,-0.0005315266666666668,-1.0558481808888883e-07,0.8948959643669829,-0.11427184666666668,-0.012394061168724753,4.116857086356855,0.09602204666666658,-0.01327673135396022,5.390273525229145,0.9302200179985131,-0.0008259958292405634,50,409,0,0,0,0
0.00016109333333341747,-6.067521422222811e-09,10.629132172470355,-2.9866666666666664,-3.116088888888889,11.457516202387595,0.005957453333333362,-0.002766623550202227,0.011859276039690137,-0.0001802900000000135,-4.3611741837233345e-05,1.7217279027048054,-0.0005718000000000112,-0.0029572604172493286,0.04200075229734029,-0.0005284433333333331,-1.1580520212222224e-07,2.0180659780865056,-0.13687669999999996,-0.006644202741032664,3.1453166402565325,0.11062132000000013,-0.008330606444157337,4.1710015832691605,0.8761641513988973,0.0006646931794533138,50,410,0,0,0,0
0.00016078000000013803,-6.07258760000065e-09,10.509012164509295,-1.8199999999999998,-3.7716000000000007,11.324494768664668,0.005957443333333257,-0.0022798840128563924,0.019261064424220296,0.0009648833333333329,0.00010187782626427773,1.643792044196812,0.06565505666666671,-0.005729380693658921,1.327139810916365,0.0003459099999999996,1.1696077489999994e-07,1.449245639355775,0.061099416666666684,-0.006306894376903051,1.3166755285820226,-0.05182452333333332,-0.00033886194029092084,0.5598531080714131,0.8552259054882521,0.003230515689081966,50,411,0,0,0,0
0.00016105333333343852,-6.0757091555537635e-09,10.390330475245275,-0.6533333333333338,-4.131555555555555,8.558503888106952,0.005957456666666638,-0.0017931497095504123,0.013824927203329495,-0.0020913466666666602,-6.327543880808888e-05,0.960268673254254,0.04614795999999999,-0.007579996893214664,0.4117836865200453,0.00014661333333333302,-6.433401006222223e-07,1.7277503455403183,0.10171565999999999,-0.004278377768733466,1.8701781179697072,-0.11435965999999997,-2.1507452152392387e-05,0.7024060161404181,0.8909797056576881,0.0011222964186043919,50,412,0,1,0,0
0.00016137333333343662,-6.1278835555546274e-09,10.273043783690419,0.5133333333333336,-4.195955555555555,11.153804064712933,0.005957446666666644,-0.0013064119594402152,0.008138087804070462,0.0005278733333333244,6.132588416004447e-05,3.209735969758842,0.04242235999999988,-0.006350717482438394,0.1339433407611496,0.0003420099999999998,-9.620372376666665e-08,2.730435088508049,0.0773516666666666,-0.006969362548102223,1.5756482289885942,-0.1004269166666667,-0.004186782700303055,1.5419356962189101,0.9100238638012966,-0.0010750219455656338,50,413,0,0,0,0
0.0001610400000000567,-6.153868799999187e-09,10.157115286519314,1.6799999999999997,-3.9648000000000003,8.53434725575484,0.005957440000000036,-0.0008196767313125297,0.016293013323347077,0.010365530000000005,0.0007761895567613002,1.1884620091857176,0.048943776666666716,-0.006004899502598523,0.21874730983671192,0.00096743,3.152514698633333e-06,2.847431661946613,0.05585775666666659,-0.009837331718390392,1.5013660165922948,-0.0838289499999999,-0.006657868945261497,1.3527551841123633,0.9421355649308774,-0.002469487560626369,50,414,0,0,0,0
0.00016075333333320785,-6.1612034222197835e-09,10.042514455825009,2.8466666666666662,-3.438088888888889,10.873895405314027,0.005957433333333262,-0.00033294202516823135,0.011859276039690137,-0.003034780000000001,-0.0001743692663228,0.5350142294383082,-0.030944703333333434,-0.0029816445364403907,0.2275062777235176,-3.396666666666444e-06,-1.0314040109222219e-06,0.3645119013334538,-0.055553166666666765,-0.007606085816085552,1.5300525482743157,-0.04029974666666658,-0.015179249479060089,2.9174037891460927,0.9263712770520206,0.002079294230477429,50,415,0,0,0,0
0.00016118666666664616,-6.162445155556307e-09,9.929216931765719,-0.56,5.241599999999998,8.588161505339594,0.005957446666666755,0.0001537958185603011,0.019261064424220296,0.0037790466666666675,0.00035515141716964426,2.045739120088976,-0.1437325333333334,0.0008984791620337829,1.897110812430295,0.00030847000000000036,1.7112821394333329e-06,0.9236054793013676,-0.19622393666666665,-0.013112912493667054,5.444298439862203,0.0785145966666666,-0.003870566470275323,1.5097448194503904,0.9578539270586475,0.0019081193412051856,50,416,0,0,0,0
0.00016132000000013136,-6.2176399999995575e-09,12.809960305588358,-2.66,-3.3795999999999995,11.14359165376915,0.0059574399999999805,0.0006405294126463901,0.013824927203329495,0.008373879999999993,0.0006952416531293329,0.31821348662556387,-0.03453537333333334,0.0007493843772900487,0.23179320176275653,0.0003717200000000003,3.736761982133334e-06,2.6684883999847133,-0.06271878333333342,-0.006080280241987052,2.5707469512335823,0.08004234666666676,-0.009090812089416887,4.851617998732507,0.9167682223918555,0.0002841718004330978,50,417,0,0,0,0
0.0001609866666666404,-6.238708622223609e-09,9.70646559499729,-1.4933333333333327,-3.952355555555555,11.207588655548218,0.005957453333333307,0.001127270263466304,0.008138087804070462,0.01629779,0.0013786084038103661,0.6607761059503459,0.05939556333333329,-0.004129955687490923,0.22371987153960604,0.0011032300000000006,5.757640677433336e-06,1.5469645620526793,0.029600356666666716,-0.011639127882850923,0.5764828723052905,-0.007957586666666683,0.006053245746268445,0.33957284183120023,0.9269819797781521,0.000936717712823248,50,418,0,0,0,0
0.00016072666666661073,-6.249066888890705e-09,9.596995100834572,-0.32666666666666666,-4.229555555555555,11.299771632932728,0.005957446666666533,0.0016140027454941974,0.016293013323347077,0.003692296666666657,8.941194572507796e-05,0.20956848216013962,0.0593608200000002,-0.0047916926728014675,0.20813654299735196,0.00040588333333333284,4.211544336111115e-07,0.54873368343525,0.04821164333333333,-0.006766022847358522,0.35294143566582853,-0.14667832666666658,0.006439422783143512,2.983271203883008,0.9070915003552525,0.0023548952232116706,50,419,0,0,0,0
0.0001613199999998538,-6.252985600001207e-09,9.488795608532888,0.8399999999999999,-4.2112,11.42220235265313,0.0059574400000000916,0.002100734705538662,0.011859276039690137,-0.006519536666666666,-0.000536262271824522,0.751033270478631,0.017695676666666604,-0.006615218390060781,0.16773812773259555,-0.0003428733333333341,-2.5212873066222226e-06,1.5820786595950835,0.06801826333333333,-0.008127819527871595,1.5753084933711028,-0.1441929033333333,-0.00016736683854145368,2.1665711902439857,0.9515967041923541,0.0003632180485953093,50,420,0,0,0,0
0.00016126666666660405,-6.305888888890046e-09,9.381878111860246,2.0066666666666664,-3.8972888888888884,8.40078705668856,0.005957453333333307,0.0025874779733817826,0.019261064424220296,-0.01090971999999999,-0.0007457223943117333,0.501133954685017,-0.004470879999999955,-0.010437187962964532,1.2801424264684056,-0.0006289033333333328,-3.4972683342555554e-06,1.8606709581124725,0.02414296666666671,-0.008528852840597552,0.5380552532548069,-0.12637860666666667,0.001936485674529382,1.7138407584104942,0.9705731607041668,0.0006774328614133877,50,421,0,0,0,0
0.0001609333333335572,-6.322040888889556e-09,9.276263541507648,3.1733333333333333,-3.2878222222222226,10.873895405314027,0.005957443333333368,0.003074208523495617,0.013824927203329495,-0.009935653333333336,-0.0006774487702926222,0.8214590678045167,-0.0927699766666667,-0.009530501569312927,2.768057672536136,-0.0005230266666666665,-2.7817357611555563e-06,1.737104926138972,-0.14427670333333337,-0.01127144538572519,5.178300113576204,-0.10390498666666687,-0.02043610136177662,2.760575256050352,0.9856544396110408,-0.0006029437988793545,50,422,0,0,0,0
0.0001606999999999581,-6.336177999999669e-09,9.171984940447999,-2.5200000000000005,0.4592000000000014,10.036170740398314,0.005957456666666694,0.003560954809777625,0.008138087804070462,-0.013706253333333335,-0.0007727509927648889,2.1125266101222118,-0.17567292999999995,-0.003776988541481504,4.017581819968837,-0.0008845733333333328,-3.563992903555556e-06,2.0456062433831246,-0.21969096999999999,-0.009626596702015766,7.729516144767649,0.060830336666666596,-0.01369739248340199,2.7812256214962927,0.9746813735400167,0.0005158869422750911,50,423,0,0,0,0
0.00016145333333345002,-6.347330488887292e-09,9.069090718046967,-2.333333333333333,-3.795555555555555,11.095701503097896,0.005957446666666644,0.004047683572655766,0.016293013323347077,-0.00980464666666666,-0.0006426010676303554,1.5198180163525754,-0.019150526666666612,9.148276605683639e-05,0.09055224066025172,-0.0006711933333333332,-2.8889666479555565e-06,1.5024499414998158,0.018290150000000005,-0.005745738405744837,0.48888875436287804,0.07657890666666672,-0.008026027633055016,1.492645278671045,0.9703496369970592,-8.063790468657692e-05,50,424,0,0,0,0
0.00016121333333340981,-6.392630222221291e-09,8.967649650163738,-1.166666666666667,-4.285555555555556,11.095701503097896,0.0059574399999999805,0.004534412809295452,0.011859276039690139,-0.005387096666666667,-0.00028911871701252226,1.736918765198821,0.06131762333333324,-0.006082594302463058,0.30432735697841234,-0.00042211666666666604,-1.4162816110555558e-06,1.9246906111132804,0.09652761333333326,-0.010536838468280622,1.6142277892954366,0.15098245666666654,-0.011510116482548387,6.272652531964994,0.9514968940536419,-0.000981105304512536,50,425,0,0,0,0
0.0001626400000000472,-6.329523199998612e-09,12.149290417523787,0.040000000000000036,-4.4416,12.898294929050998,-0.03489360666666663,0.0033523405910365622,0.019261064424220296,0.00021581666666666,-9.130383576705554e-05,2.88663702328531,0.06605908999999999,-0.006597748810737367,0.3651655402095645,1.0466666666665222e-06,-4.504166335555555e-07,2.997757035557108,0.11674865999999995,-0.008862814365196129,2.6632897285274377,0.058498486666666794,-0.01173713853879702,3.660198937002325,0.9291224075498954,-0.0016797416877769276,50,426,0,0,0,0
0.00040645999999994187,6.999614187999965e-07,11.426621772256846,1.2000000000000002,-4.271999999999999,7.183275083034346,-0.028085106666666693,0.0006057661591655217,0.015581077621694908,0.01723421333333333,0.0004684534998903112,3.6398863882669064,0.06801245999999994,-0.005438234474805206,0.2728154881748378,0.0012316599999999999,2.2177600124000007e-06,4.559701230789882,0.08388654666666662,-0.011321057983407821,1.471304535206046,-0.13383915333333335,0.011405883873415783,0.7157480130870488,0.907864324606911,-0.0029925075984728105,50,427,0,0,0,1
0.0031749600000000044,-1.4166209600000214e-07,11.306875227809128,2.3600000000000003,-3.8368,10.873895405314027,-0.021276603333333366,-0.0015150062405914488,0.019261064424220296,0.006200680000000007,3.192078037946662e-05,5.039485910745098,0.04303923333333326,-0.00755252428959622,0.16273789329587457,0.00040216666666666656,5.75875877777779e-08,3.8549544409536787,0.05903513000000005,-0.013766121787570574,1.4547439048565944,0.01540202666666668,-0.00922948013365716,1.5218949701963902,0.9309264669776448,-0.002641390950386087,50,428,0,0,0,0
0.0026655000000000983,-1.5093148900000152e-06,11.190550001874938,2.4,1.5679999999999996,8.587530278383191,-0.01446808000000005,-0.003009992594053046,0.013824927203329495,-0.0024993933333333287,-8.991823287328892e-05,0.2795430467315582,-0.07839786333333332,-0.003572868981830117,0.4060184672310943,-0.00033674000000000074,-4.186403188000001e-07,0.7069808574909516,-0.10852582666666677,-0.016988558887089958,5.346231754011678,0.1629970633333332,-0.014475722291912258,6.444527013811479,0.9623422237600551,-0.0007426660830231469,50,429,0,0,0,0
0.0021560399999999147,-2.311267702400011e-06,11.078109735036216,-3.16,-3.1104,12.0938185433318,-0.007659576666666612,-0.003879157389164653,0.019238238576939,-0.005403713333333331,-0.00013479806207675554,1.493025293329169,-0.1387454166666665,-0.001005194129603055,2.725065903271293,-0.0008331766666666669,-5.465769893222224e-07,5.565272526547286,-0.16789314,-0.005802894616188133,5.3078157977214016,0.24910383999999997,-0.016070357027411466,7.724795411678535,0.9469133902933331,-0.0016823501364337152,50,430,0,0,0,0
0.001646973333333246,-2.548033729955559e-06,10.970672245686426,-2.0,-3.760000000000001,8.670920294271173,-0.0008510533333334069,-0.00412253201883131,0.013605272596496812,0.011973203333333321,0.0003004874450666778,1.0869161084539423,0.043956196666666725,-0.0005905165347522556,0.2732373419573517,0.0009390333333333333,1.3036901851111112e-06,3.030540166136131,0.08362770000000008,-0.004042736670116665,1.504210080812716,-0.0760044133333333,-0.009347323476610221,0.43111432951796136,0.8962482056160951,0.0006772907472715703,50,431,0,0,0,0
0.0011384000000000394,-2.219609535999992e-06,10.873895405314027,-0.8400000000000003,-4.143999999999998,8.624122013063339,0.005957446666666699,-0.0037400927866018258,0.008138087804070462,0.0005543700000000054,-9.782418549189996e-05,0.3993611372313084,0.04547810666666674,-0.0057874270411187555,0.2631228186314657,0.00015028999999999954,-7.029474017666665e-07,1.4514290914832446,0.053517216666666645,-0.005058187375561719,0.3242371056218694,-0.044600869999999904,-0.01589490917670136,1.4538486260135879,0.9510446241653344,4.850270520366911e-05,50,432,0,0,0,0
0.0006292333333333122,-1.3274830162221973e-06,10.750740712908714,0.3266666666666671,-4.255688888888889,11.627498653617387,0.0059574399999999805,-0.003253354835069361,0.016293013323347077,-0.0011304933333333295,-8.276472252168878e-05,0.3232511108187162,0.030862843333333334,-0.006634422707689727,0.2086963933463915,-4.035666666666639e-05,-5.373067173222222e-07,0.44211161823140244,0.05676763666666662,-0.0032570757387622544,0.399113438869662,0.010834863333333389,-0.013918214367921723,1.5454765742181125,0.9419864923761284,0.0024064250264179523,50,433,0,0,0,0
0.0001607866666668012,-6.050316088888496e-09,10.629132172470355,1.4933333333333336,-4.071822222222222,6.2291004572893725,0.005957453333333362,-0.002766623550202227,0.011859276039690137,-0.004645860000000002,-0.00021436434654093333,1.6062929228952463,0.016545633333333365,-0.00965995014171489,0.1923301656940798,-0.00020175333333333342,-1.192828810622222e-06,1.713950269537629,0.07664764000000002,-0.006091124220247735,1.5231856121858554,-0.10380995333333343,-0.014730937712260224,1.8029452057790154,0.965819733479819,0.0007993539575519258,50,434,0,0,0,0
0.0001610199999999562,-6.054619600002146e-09,10.509012164509295,2.66,-3.5923999999999996,10.873895405314027,0.005957443333333257,-0.0022798840128563924,0.019261064424220296,0.028063089999999992,0.0007905377538725001,4.545374194300834,0.005016840000000022,-0.006010976447156799,0.29034673875943817,0.0022437499999999997,4.434672899166666e-06,4.517278656218326,0.014855806666666638,-0.0003513970303202184,0.145137526901779,-0.3335993866666666,0.01882788538591832,4.955366019176353,0.9033747248111053,0.00037502729374258267,50,435,0,0,0,1
0.00016138666666670742,-6.105208888889408e-09,10.390330475245275,0.5600000000000005,5.5104,8.336697790323083,0.005957456666666638,-0.0017931497095504123,0.013824927203329495,-0.010852229999999997,-0.00043696128315989997,1.9768199733083955,-0.09564169333333328,-0.0023312805546878215,0.517718286749592,-0.0009492766666666665,-2.3839430378555557e-06,3.8739618355632093,-0.1644019,-0.01171383569195667,6.5331002697024845,0.15404242000000012,-0.03374741165879774,6.3710252137985846,0.9186784021783921,0.0004799837757427831,50,436,0,0,0,0
0.00016105333333327199,-6.132423288890262e-09,10.273043783690419,-2.846666666666667,-3.2103555555555556,11.153804064712933,0.005957446666666644,-0.0013064119594402152,0.008138087804070462,-0.0031639533333333233,-2.301027857942213e-05,0.500856365974397,-0.057718866666666646,0.003477146579983107,1.5327476546206187,-0.00038911000000000024,-2.3138871499999646e-08,0.6833593477535982,-0.11048330666666661,0.0011858751079079112,1.9333608882183144,0.12478504333333329,-0.009123427508824125,2.055787268235104,0.9100092196610913,-0.0009616754787030972,50,437,0,0,0,0
0.00016076000000009305,-6.139120000001049e-09,10.157115286519314,-1.6800000000000002,-3.8304,11.11138625762391,0.005957440000000036,-0.0008196767313125297,0.016293013323347077,0.001680006666666664,-0.00017848187204368892,0.42792630576231155,0.03528612666666664,-0.003982776635973819,0.26026577414561436,0.00024052666666666677,-1.1877010450222217e-06,0.692561263986775,0.09034172333333335,-0.004539187488417588,1.535270618811019,-0.1250760133333334,-0.011279359885150487,1.7394309028411608,0.8747204064773743,0.0020282444210195454,50,438,0,0,0,0
0.00016115333333338588,-6.140404488888606e-09,10.042514455825009,-0.5133333333333332,-4.154888888888888,11.095806734747933,0.005957433333333262,-0.00033294202516823135,0.011859276039690137,-0.0013828699999999874,-0.00028127526899990004,0.28264268863851,0.03446694666666661,-0.005935930964563289,0.27597406582747114,-5.669333333333318e-05,-1.8411876936888885e-06,1.636902089665612,0.05999913333333318,-0.010429897897218226,1.5443148999999878,-0.039302636666666724,-0.018179793643975994,1.8319666745083993,0.8971273053670501,0.0016153758362824663,50,439,0,0,0,0
0.00016133333333334665,-6.195342222222078e-09,9.929216931765719,0.6533333333333329,-4.183822222222221,11.106531803743994,0.005957446666666755,0.0001537958185603011,0.019261064424220296,-0.0015674433333333418,-0.0002812307585739888,0.49371943758693204,0.029074703333333285,-0.006434944080484787,0.2862883357853498,-5.3700000000000275e-05,-1.8056832726666666e-06,0.5920809758943937,0.040715549999999934,-0.012627755442225502,2.825209979097931,-0.06096203333333344,-0.024996798933273553,3.7704045179647903,0.9153230594110154,0.001894279639264977,50,440,0,0,0,0
0.00016100000000007775,-6.217640000000684e-09,12.809960305588358,1.8199999999999998,-3.9172000000000007,8.34441756178247,0.0059574399999999805,0.0006405294126463901,0.013824927203329495,-0.004873723333333337,-0.00031481185526798894,1.4503540531570203,0.025579216666666516,-0.00603242760676239,0.1671079375092792,-0.00028972333333333357,-1.973787081455556e-06,2.5697045315676075,0.027837896666666584,-0.01262889471751839,1.8288759903855054,-0.03850587333333322,-0.03279859319972955,3.8581198539937995,0.894918139500327,-0.00023315887074082405,50,441,0,0,0,0
0.0001607333333333849,-6.227171555555701e-09,9.70646559499729,2.9866666666666664,-3.355022222222223,10.873895405314027,0.005957453333333307,0.001127270263466304,0.008138087804070462,-0.010768166666666662,-0.00015657454929888885,1.849144110315129,-0.06246463000000002,-0.0022578945111021674,1.3464152437571952,-0.0009739366666666671,-6.982613123888889e-07,4.3266055322278065,-0.10700495333333332,-0.010185575249835429,2.697072764417193,0.12301177333333346,-0.01594181539527289,3.760899427908466,0.9646350912298225,0.0006524942307489807,50,442,0,0,0,0
0.00016128666666659353,-6.229993822220423e-09,9.596995100834572,-1.4,3.864000000000002,9.010114692814096,0.005957446666666533,0.0016140027454941974,0.016293013323347077,-0.015430056666666678,-0.00020114066003385558,6.209519146955138,-0.1796181433333333,-0.006107468617841456,5.396480033365567,-0.0013161333333333335,-1.1082115902222222e-06,8.39524203992148,-0.1960210599999999,-0.011797521230766803,7.595693336337641,0.21996931666666664,-0.025966928918610382,8.964806122825365,0.9648357353317106,-5.891430932357982e-05,50,443,0,0,0,1
0.0001612800000000414,-6.283967999999119e-09,9.488795608532888,-2.5200000000000005,-3.5392,11.095701503097896,0.0059574400000000916,0.002100734705538662,0.011859276039690137,-0.006053249999999996,-0.00013767990863416664,0.871455062703446,-0.053323900000000035,-0.0034184231568793293,0.42167674213358247,-0.00039902999999999987,-8.139215940333334e-07,0.8327926478599668,0.029527013333333407,-0.005787002889632086,2.6630721124222023,0.06856147999999995,-0.007048119980570672,2.5637764579322253,0.9396919252380377,-0.0015713077144340428,50,444,0,0,1,0
0.00016094666666660595,-6.30134915555454e-09,9.381878111860246,-1.3533333333333335,-4.076488888888889,11.57808087787559,0.005957453333333307,0.0025874779733817826,0.019261064424220296,-0.0011619166666666722,-0.00010887657578638887,0.5680847740154733,0.056674100000000005,-0.006118655399343333,0.26422091146885235,-2.8363333333333157e-05,-6.719379957222224e-07,0.6636327554632997,0.08474105666666676,-0.00910267493017572,1.578043891783368,0.0027850966666668198,-0.018291995146522123,4.350762255682459,0.8750914991658719,-0.0019287587820293241,50,445,0,0,0,1
0.00016070666666662126,-6.314470755553626e-09,9.276263541507648,-0.18666666666666654,-4.3182222222222215,11.772397771504203,0.005957443333333368,0.003074208523495617,0.013824927203329495,-0.0015114633333333308,-8.825397981838888e-05,2.0055464907743326,0.07244823333333333,-0.003872612241574886,0.4776466842321166,-4.118999999999998e-05,-6.045906215000001e-07,2.836385204632286,0.08001814333333318,-0.008224649960131456,1.3959259371910742,0.03310232999999985,-0.016912482145887368,4.030357016512211,0.9137605533716813,-6.279051632727277e-05,50,446,0,0,0,0
0.00016054000000004232,-6.332786000000511e-09,9.171984940447999,0.98,-4.2644,11.095701503097896,0.005957456666666694,0.003560954809777625,0.008138087804070462,-0.0003195200000000037,-5.042197429333333e-05,1.78529402871021,0.0467504233333334,-0.006916973582544922,0.24230719004141066,-9.266666666665844e-06,-4.951306008888888e-07,2.9879599142073654,0.07214138999999992,-0.010643372295820568,1.657914753794949,0.00026008666666665903,-0.013543907060859688,4.205364237527537,0.9378626604160063,-0.00035108422028877956,50,447,0,1,0,0
0.00016129333333342322,-6.329241955556743e-09,9.069090718046967,2.1466666666666665,-3.915022222222222,8.742290650228757,0.005957446666666644,0.004047683572655766,0.016293013323347077,9.022666666667206e-05,-3.470266447928888e-05,0.41328926481246964,0.034601800000000016,-0.010172311111032,0.3307618658735092,0.00014886666666666642,-2.751972942222222e-07,1.5378351988895573,0.03447951333333332,-0.012291708336241824,1.4843114069506305,-0.10593125333333331,0.00010483069912844804,1.760770331764482,0.9188554492059409,-0.0008349656359223343,50,448,0,0,0,0
0.00016105333333349403,-6.359796088890882e-09,8.967649650163738,3.3133333333333335,-3.2700888888888895,10.873895405314027,0.0059574399999999805,0.004534412809295452,0.011859276039690139,-0.002148246666666652,-3.453875253595555e-05,2.71366457390549,-0.08351881000000005,-0.009611963257980829,2.747025277462739,-5.6660000000000044e-05,-2.2800894120000005e-07,1.5644570428974314,-0.08572499333333333,-0.010341605373181286,4.089404984482306,-0.12640647333333338,-0.003606690378766087,4.0890655000631035,0.9324838079983307,-0.00020290866223395638,50,449,0,0,0,1
0.00016259999999995722,-6.317632000002034e-09,12.149290417523787,-3.3200000000000003,-3.232,12.898294929050998,-0.03489360666666663,0.0033523405910365622,0.019261064424220296,-0.0018392633333333339,1.3913616479211105e-05,0.5040096964911827,-0.0985242833333333,0.009181485027636948,1.5904498286152782,-0.00010087333333333361,3.753785497777783e-08,1.316997120966145,-0.12941659333333327,-0.005023731150562889,5.183076168249301,-0.02751608333333333,-0.003710652630343052,0.3476622318404524,0.8959415450254263,-0.0021194340943371825,50,450,0,0,1,0
0.00016221999999987968,-6.273195600001003e-09,11.426621772256846,-2.16,-3.868800000000001,9.045093713652776,-0.028085106666666693,0.0006057661591655217,0.015581077621694908,0.0037964533333333383,4.507511719271112e-05,0.41474834806844885,0.06091889333333328,0.006417436295615114,1.5078693092988642,0.0002457700000000002,1.949985631666666e-07,0.3917315038148388,0.09256173999999995,0.003752338462395862,0.8809358695299854,0.0003845033333333969,0.001179908053013606,0.27876101883540777,0.8112085920117869,-0.0006615750400745357,50,451,0,0,0,0
0.00016266666666681084,-6.228302222221383e-09,11.306875227809128,-1.0,-4.24,8.909880378198732,-0.021276603333333366,-0.0015150062405914488,0.019261064424220296,0.0030398066666666584,7.984951440444466e-07,2.8302417576016943,0.07766095,-0.0027395867868175022,0.6023773611667712,0.0001995666666666663,4.164572244444443e-08,3.9363568032520004,0.06908166666666676,-0.003791669993282223,0.7154279463131116,0.043884536666666696,-0.0017044142419882589,1.4573044949067557,0.7866747784228134,-0.0020313749428713577,50,452,0,0,0,1
0.00016203999999991892,-6.192321599999181e-09,11.190550001874938,0.16000000000000014,-4.3456,12.243753275950137,-0.01446808000000005,-0.003009992594053046,0.013824927203329495,-0.0012670900000000054,-2.8095725742433344e-05,1.6050513218021383,0.033694813333333296,-0.007233887527072089,0.2699008092575836,-0.00010742333333333331,-6.985875265555556e-08,1.2913632555165375,0.043514583333333245,-0.0026311610793763925,0.4173732971370669,0.03573101000000001,0.0034494072645315683,0.22605168570035672,0.8850454685656785,-0.0004416907802985034,50,453,0,0,0,0
0.00016141333333330454,-6.122983822220203e-09,11.078109735036216,1.3200000000000003,-4.185599999999999,6.639983542403655,-0.007659576666666612,-0.003879157389164653,0.019238238576939,-0.002387506666666671,-2.052729624888889e-05,2.6557877975697504,0.017475956666666626,-0.00702624379270372,0.34385449504865084,-0.00015502333333333338,-8.243848238888888e-08,1.6398975873083694,0.017503850000000043,-0.0052642318564908325,1.5438542352018105,0.05301898999999999,-0.0029551639556961665,1.5967650933111737,0.8988639838725114,0.00024740982349255537,50,454,0,0,1,0
0.000161179999999983,-6.052875599999852e-09,10.970672245686426,2.4800000000000004,-3.7600000000000002,10.873895405314027,-0.0008510533333334069,-0.00412253201883131,0.013605272596496812,-0.002520406666666662,-3.4036059124488885e-05,1.9362292643363217,-0.023172163333333384,-0.008026300315867992,1.4555734992949159,-0.00031563333333333365,3.39712797777778e-08,1.6154965151424343,-0.044370733333333356,-0.0061474186784288894,2.5539135550425436,0.04400725333333333,-0.00756512227758702,2.713080752225843,0.8996149673828723,-4.144775570886285e-05,50,455,0,0,0,0
0.00016143999999990166,-6.013568000000812e-09,10.873895405314027,1.6800000000000002,3.9871999999999996,8.402315915279468,0.005957446666666699,-0.0037400927866018258,0.008138087804070462,-0.007182696666666665,-2.9370162137722226e-05,6.397900911123585,-0.1588704133333333,-0.00803294245625102,5.120545303125819,-0.0005367266666666663,1.0583723577777782e-07,4.950826146254246,-0.16289588333333338,-0.009174870956773053,6.635873593534338,0.12362433666666661,-0.002702073981441455,4.317363130819601,0.8963080090040336,-9.688948765080916e-06,50,456,0,0,0,0
0.0011380666666665484,2.0806236257778e-06,10.750740712908714,-3.033333333333333,-3.090888888888889,11.627498653617387,0.0059574399999999805,-0.003253354835069361,0.016293013323347077,-0.004426626666666666,-3.405783615688889e-05,4.220830828916528,-0.15136860000000002,-0.013839338104651999,6.252587190686199,-0.0004718633333333337,-1.4711954932222225e-07,3.1971794821760877,-0.18980063999999996,-0.011723258753681865,6.8037410589474705,0.14171051000000012,-0.009098994924020701,5.7274281582654165,0.8897515990920546,-0.0002974287462854879,50,457,0,0,1,1
0.0030509600000001025,-5.238499711999985e-07,10.629132172470355,-1.8666666666666667,-3.7582222222222215,11.457516202387595,0.005957453333333362,-0.002766623550202227,0.011859276039690137,0.034118963333333335,0.005114777917821076,5.192475501276086,0.032386240000000066,-0.007456559402329602,0.4267125238002652,0.002429759999999999,2.3418867196e-05,5.841462335109286,0.019259473333333332,-0.008628833458778353,1.6594784045494761,-0.15776016999999992,-0.0011549252520341637,6.353031289582046,0.8592225054904401,-0.0023500302333997296,50,458,0,0,0,0
0.0025423600000000768,-1.7546408303999952e-06,10.509012164509295,-0.6999999999999997,-4.13,8.54509097073445,0.005957443333333257,-0.0022798840128563924,0.019261064424220296,0.027542253333333336,0.0005237891355511109,4.099121105411311,0.049006796666666685,-0.005251110938776522,0.3242371056218694,0.0020182366666666673,2.148156954811108e-06,5.123611532674829,0.043850436666666714,-0.006331359871670926,0.5760333014625837,-0.2820160800000001,-0.006057047109966138,8.62589926732523,0.8762252765525944,-0.0029856262817003995,50,459,0,0,0,0
0.0020338933333333697,-2.4209972718222146e-06,10.390330475245275,0.46666666666666723,-4.206222222222222,11.224210116342825,0.005957456666666638,-0.0017931497095504123,0.013824927203329495,-0.007486670000000008,-0.0013004383154103002,5.117837757699299,0.016275856666666644,-0.00890052157817866,0.46019176080767943,-0.00040052333333333344,-6.232136998922221e-06,5.440750306562759,0.025501506666666618,-0.005495220757117957,1.3929565534559472,-0.23747369666666673,-0.014342893014432655,6.661852859467495,0.8748014929819397,0.0006404428961756448,50,460,0,0,0,0
0.0015247266666668091,-2.522737013022215e-06,10.273043783690419,1.6333333333333337,-3.9868888888888883,8.643666598132045,0.005957446666666644,-0.0013064119594402152,0.008138087804070462,-0.011418146666666667,-0.0014093511142278222,5.523164405527022,0.028023383333333374,-0.0064279175150450535,0.2255446462396505,-0.0007097500000000003,-6.771311984166666e-06,6.463188851966846,0.07725704333333322,-0.004846663241997189,1.6278400830192246,-0.17738009333333327,-0.022240562695377962,5.3042437468080195,0.8843827861337706,-2.7118424699458307e-05,50,461,0,0,0,0
0.001015600000000061,-2.0595624960000077e-06,10.157115286519314,2.7999999999999994,-3.471999999999999,10.873895405314027,0.005957440000000036,-0.0008196767313125297,0.016293013323347077,-0.012557546666666669,-0.0014115236257374222,3.7913491559869397,-0.008114629999999956,-0.0044145446072788325,0.3925796479167402,-0.0008269166666666668,-6.709366533055555e-06,5.189215608952104,-0.024044539999999948,-0.005002553376494533,1.5629454427514604,0.005423933333333186,-0.03242633943949823,5.496408822845329,0.8816761355483813,-7.403030153921198e-05,50,462,0,0,0,0
0.000507160000000062,-1.0320801584000097e-06,10.042514455825009,-0.2799999999999998,5.476800000000001,8.494560462508344,0.005957433333333262,-0.00033294202516823135,0.011859276039690137,-0.015271890000000003,-0.0013892286700037668,3.9434320579750435,-0.0947084399999999,4.171960644666281e-05,2.0615277934019725,-0.0010296566666666662,-6.5325343666555544e-06,5.851230106105173,-0.1602054233333333,-0.006920454270611724,7.505542926158372,0.16662718666666676,-0.022478427843114226,5.494624507473438,0.8718931804590473,0.0002755716161860327,50,463,0,0,0,0
0.00016133333333340216,-6.195342222221759e-09,9.929216931765719,-2.7066666666666666,-3.3326222222222226,11.106531803743994,0.005957446666666755,0.0001537958185603011,0.019261064424220296,-0.008796689999999996,-0.0013463608197392333,3.6324388690099645,-0.0522875366666668,-0.0006301286139337205,0.4089157912961182,-0.0005967833333333336,-6.216308129055557e-06,3.7868671994013603,-0.025081183333333368,0.002152621501928945,2.788146956550602,0.026236856666666752,0.0021190370521285487,1.5424338124269108,0.8525511999064974,-0.002035719159866863,50,464,0,0,1,1
0.00016100000000007775,-6.21764000000137e-09,12.809960305588358,-1.5399999999999996,-3.917199999999999,11.14359165376915,0.0059574399999999805,0.0006405294126463901,0.013824927203329495,0.008578286666666664,-9.898814706582224e-05,4.446226001225575,0.038955143333333386,-0.004532694816129189,0.2965127183338494,0.0006347699999999993,-4.887373595000003e-07,6.466286244913838,0.07714740000000003,-0.005350460278185332,1.4026809269016092,-0.10978070000000006,-0.014471428857041998,2.7839375937437625,0.8224168546721148,0.0007250546106695985,50,465,0,0,0,0
0.0001607333333333294,-6.227171555557361e-09,9.70646559499729,-0.3733333333333335,-4.206222222222222,11.207588655548218,0.005957453333333307,0.001127270263466304,0.008138087804070462,0.005478109999999994,-5.398606717683329e-05,3.753022441986303,0.034995026666666706,-0.004413324324045689,0.45305363442400076,0.00044321000000000074,-2.1416407950000014e-07,3.6484326653421797,0.06753751333333341,-0.0062612224101103574,0.5351495052991546,-0.08444155999999997,-0.011308152372875736,1.6157059238705864,0.7737184290425538,-0.004154518477335126,50,466,0,0,1,0
0.00016128666666653801,-6.2299938222234255e-09,9.596995100834572,0.793333333333333,-4.199688888888889,11.299771632932728,0.005957446666666533,0.0016140027454941974,0.016293013323347077,0.024103433333333348,0.0013870331849184447,3.1747275406797657,0.04123670666666662,-0.0038087207927750225,0.33914188315573746,0.0017202199999999997,6.470831298533332e-06,4.229799955926109,0.08568362666666668,-0.005240372838597688,1.5171632613553847,-0.13378801,-0.002360226833189906,1.7499114309178174,0.8466707866132803,0.0012424984634932057,50,467,0,0,0,1
0.00016127999999993037,-6.283968000001218e-09,9.488795608532888,1.96,-3.8976,8.35164764467192,0.0059574400000000916,0.002100734705538662,0.011859276039690137,0.011671713333333333,0.002688553915271778,1.5009563503079872,0.03749528000000013,-0.0030063090038424008,0.22017752463676415,0.0008210933333333338,1.2572912122844445e-05,2.4775977057618714,0.05488427000000001,-0.008712103000180304,1.5293162834556593,-0.0861476799999999,-0.01962345677922213,4.235091944487276,0.8415087397246785,-0.00012853046853674875,50,468,0,0,0,0
0.00016094666666666146,-6.301349155556231e-09,9.381878111860246,3.1266666666666665,-3.2999555555555555,10.873895405314027,0.005957453333333307,0.0025874779733817826,0.019261064424220296,-0.013233076666666663,-0.0009551508344774553,4.960669054033041,-0.05886290333333327,-0.0029714196912413258,1.5124649097464031,-0.0009235200000000002,-4.529404879733333e-06,4.975730511135782,-0.10583801000000004,-0.010160233819266434,3.953617602600019,0.13058046000000012,-0.013112916288590796,4.014173537197023,0.8718929342119789,-3.0124859487895688e-06,50,469,0,1,0,0
0.00016070666666656575,-6.314470755555328e-09,9.276263541507648,-2.24,1.4784000000000024,9.709277872157497,0.005957443333333368,0.003074208523495617,0.013824927203329495,-0.017575236666666664,-0.0009511732424747891,9.417898986643264,-0.14332389666666678,-0.0032405007447097265,6.467330538708289,-0.0012721,-4.478281259333333e-06,9.433197797208503,-0.15256861999999993,-0.00741587626986067,5.501820058682902,0.2903990366666666,-0.0037217361009495888,6.670516582289835,0.8709321824635475,-5.663641404310365e-05,50,470,0,0,1,0
0.0001614199999999677,-6.323387599998347e-09,9.171984940447999,-2.38,-3.726800000000001,11.095701503097896,0.005957456666666694,0.003560954809777625,0.008138087804070462,-0.014553743333333338,-0.0009763885634203889,7.608988896604432,-0.02424376333333328,0.0028120053664694757,0.22420556921761983,-0.0010533033333333334,-4.6385582169222215e-06,7.714953199985899,0.03251590999999998,-3.442631973856261e-05,0.3357516367778793,0.14642100333333335,-0.01633054549155119,6.440491346022128,0.8648038559988488,-0.00019105491773509898,50,471,0,0,1,1
0.0001612266666666251,-6.371086222221307e-09,9.069090718046967,-1.2133333333333338,-4.228622222222223,11.095701503097896,0.005957446666666644,0.004047683572655766,0.016293013323347077,-0.010530696666666662,-0.0009400533827234555,4.1839866806693715,0.025166596666666707,-0.004489160835759986,0.28048952721041337,-0.0007693233333333331,-4.492308900922223e-06,5.187606469000727,0.06275506333333336,-0.007001844007627454,1.5028441178762966,0.11398541333333334,-0.021215498428039825,4.908615966848943,0.8548269077353673,-0.00019327924076632336,50,472,0,0,0,0
0.00016089333333341171,-6.383550755554365e-09,8.967649650163738,-0.046666666666666856,-4.434888888888889,12.722255141242321,0.0059574399999999805,0.004534412809295452,0.011859276039690139,-0.003822933333333327,-0.000890471797254222,2.3271236121296237,0.056023023333333366,-0.002543957169433321,0.3831078662381791,-0.0002877700000000001,-4.263181714966667e-06,1.2988497394179346,0.05501974666666665,-0.009595317121222222,1.7542948376086034,0.06887571333333331,-0.02159941769154849,2.640062698946938,0.8022892732017438,-0.0037035963190034586,50,473,0,1,0,0
0.00016248000000002039,-6.323257599998807e-09,12.149290417523787,1.1600000000000001,-4.307199999999999,7.526191561261049,-0.03489360666666663,0.0033523405910365622,0.019261064424220296,0.02023033333333333,0.0010953440455577783,4.506504006221863,0.0676679633333333,-0.0036185781026070556,0.5531077677967158,0.0013603133333333333,4.799491309911111e-06,3.4604486255325786,0.05006731000000003,-0.008602269587314703,1.4687215393443551,-0.04649988000000005,-0.009984607912515202,0.396027305210064,0.8480164514827746,0.00042809086831028923,50,474,0,0,0,1
0.0001629733333333161,-6.276118222222896e-09,11.426621772256846,2.3200000000000003,-3.8688000000000002,10.873895405314027,-0.028085106666666693,0.0006057661591655217,0.015581077621694908,0.08083446,0.006049709817377199,6.182938042582448,0.0761647966666667,-0.0005450113932273237,0.7372560600380201,0.00554461,2.8056329633966658e-05,6.147451754576181,0.04023565666666662,-0.003984315124802521,0.6641553091502931,-0.25563162,-0.002553995080545199,4.743581041632558,0.8871223360600966,-0.002222427159116128,50,475,0,0,0,0
0.0001623466666665907,-6.243807288888737e-09,11.306875227809128,2.64,0.5311999999999992,8.688074280414863,-0.021276603333333366,-0.0015150062405914488,0.019261064424220296,-0.011256239999999994,-0.0022925015560725332,5.402109397581734,-0.07982851999999996,-0.007340414852952266,2.7910137811665674,-0.0006997966666666667,-1.0653491929722224e-05,6.4154209064290555,-0.1647410766666667,-0.010690489100871056,7.751225852235365,-0.21133185333333337,-0.022267592473267827,9.483907426591285,0.8336836630897533,-0.0001227141697080284,50,476,0,0,0,0
0.0001617199999998653,-6.178139199999503e-09,11.190550001874938,-3.2,-3.1360000000000006,12.243753275950137,-0.01446808000000005,-0.003009992594053046,0.013824927203329495,-0.016296143333333332,-0.0022879255346191893,2.86808059813103,-0.1120861866666667,-5.345778872888757e-05,2.002115798117706,-0.0010729899999999994,-1.0616064129366666e-05,3.959523606637342,-0.21710592000000004,-0.008991343874753335,9.08297387743857,-0.08278659333333338,-0.017429372853069554,3.911857091861843,0.8403777605105822,-0.0001968701558025214,50,477,0,0,0,0
0.00016143999999995717,-6.11096640000036e-09,11.078109735036216,-2.04,-3.782400000000001,8.731584776801402,-0.007659576666666612,-0.003879157389164653,0.019238238576939,-0.007544593333333335,-0.001947649525877822,2.7358298130999756,0.03687057333333332,0.001078370848126578,0.32296973624972714,-0.00047121666666666675,-8.98105590038889e-06,2.8096994321864646,0.012719673333333403,-0.008474499810575156,1.7877676708605708,-0.1553070066666667,-0.01446662987156156,5.1250978007368335,0.8017544351356207,0.0007845766600441578,50,478,0,0,0,0
0.00016174666666662896,-6.070772088890085e-09,10.970672245686426,-0.8799999999999999,-4.163199999999999,8.670920294271173,-0.0008510533333334069,-0.00412253201883131,0.013605272596496812,0.038700683333333326,0.0019975371837729445,1.8801597095342988,0.0710146066666667,0.0003216144499917778,2.8663252414124503,0.002673483333333334,9.346492606277777e-06,3.3007286848513955,0.02837728999999989,-0.0105221007737599,2.6643193493642308,-0.049422509999999975,-0.012433482667112434,1.7598537692670349,0.8777685304839966,-0.0006376447520150587,50,479,0,0,0,0
0.00016111999999984805,-6.023782400001038e-09,10.873895405314027,0.28000000000000025,-4.2784,11.84074468629195,0.005957446666666699,-0.0037400927866018258,0.008138087804070462,0.02857896,0.0012147998713757336,1.5572961646820562,0.12473960666666661,0.0033282157990880447,2.2014905039964665,0.0019013899999999985,5.4361136003666625e-06,1.5376161540570328,0.03992326666666668,-0.010672456545579554,2.7300495171873473,0.15791522000000002,-0.004595254036113999,5.809270316667843,0.8841999145795828,-0.001339200726824214,50,480,0,0,0,0
0.0001607933333331868,-6.0279975555576325e-09,10.750740712908714,1.4466666666666668,-4.106355555555554,6.315680914758144,0.0059574399999999805,-0.003253354835069361,0.016293013323347077,-0.02531895666666667,-0.0034165180264118557,3.8059069230478544,0.04674117333333333,-0.011411307975026758,0.48685100437511863,-0.0017315733333333337,-1.5758221660355558e-05,2.7227235116688338,0.053020080000000025,-0.007999657808601068,1.538581062407266,0.10598541333333339,-0.005508060176158224,5.272630858421935,0.8173530366791814,0.00201535332202755,50,481,0,0,0,0
0.0001609866666666404,-6.033767822222451e-09,10.629132172470355,2.6133333333333337,-3.6387555555555555,10.873895405314027,0.005957453333333362,-0.002766623550202227,0.011859276039690137,-0.023349316666666675,-0.002121577081281722,5.125149151890863,-0.03532380333333335,-0.00866323848143559,1.8096950946429935,-0.0015999299999999998,-9.789708386833334e-06,5.22615724758749,0.011948053333333264,0.0008321427350047091,0.20849302323023,0.02801899999999996,-0.006600627914199996,2.5882898271132797,0.8474279260635246,6.980928619369076e-06,50,482,0,0,0,0
0.00016140000000020027,-6.082439999999038e-09,10.509012164509295,0.8399999999999999,5.297599999999997,8.323284872950579,0.005957443333333257,-0.0022798840128563924,0.019261064424220296,-0.024781593333333327,-0.0021362322734415555,6.359994303418766,-0.16439502999999994,-0.010888358160544832,6.394604921128734,-0.0016905200000000005,-9.862293174133334e-06,6.372284705202532,-0.13377087999999998,-0.007603263719971735,7.505114945613937,0.06424554666666665,-0.003386974213445422,2.5825626781977182,0.8428010111707568,-0.0003987427856417506,50,483,0,0,0,0
0.0001610666666665428,-6.110883555554777e-09,10.390330475245275,-2.893333333333333,-3.1758222222222225,11.224210116342825,0.005957456666666638,-0.0017931497095504123,0.013824927203329495,-0.020684839999999996,-0.002121471957413334,2.655512946242437,-0.11707180333333334,-0.012052446385416388,2.8460237442038396,-0.0014101600000000006,-9.786519624533334e-06,2.652018929007535,-0.07111943999999998,-0.0008426241470858662,3.870248625349013,0.011102306666666617,-0.0014598487901174208,1.732129381979015,0.8704639509273164,-0.001209225605733468,50,484,0,0,0,0
0.0001607666666667007,-6.116989555554316e-09,10.273043783690419,-1.726666666666667,-3.8076888888888893,11.153804064712933,0.005957446666666644,-0.0013064119594402152,0.008138087804070462,-0.021434396666666668,-0.0021558663159318555,7.092467228566836,0.006472226666666692,-0.01566025037053395,2.9545011899573,-0.0014881,-9.967417752666665e-06,7.986550932879345,0.07607974999999989,-0.007058541216314166,2.5932967194725793,-0.0531184566666667,0.0012843554058373455,0.2737615963945474,0.7519414977741296,0.0018313433803285393,50,485,0,0,0,1
0.0017715600000000609,2.457468092800054e-06,10.157115286519314,-0.56,-4.144,8.643771804833492,0.005957440000000036,-0.0008196767313125297,0.016293013323347077,-0.013098556666666667,-0.0011932984104310556,8.480792176999106,-0.0051616433333333545,-0.013219179928471589,1.8194432312103466,-0.0009155733333333334,-5.469749236355555e-06,8.015628604062194,0.06782844666666671,-0.007233781491900222,1.558290239336447,-0.02420174333333347,-0.0026893119587402536,1.2900685245908607,0.8014460900192126,0.005424506015642653,50,486,0,0,0,0
0.0029899400000001353,-8.387722196000071e-07,10.042514455825009,0.6066666666666665,-4.1847555555555545,11.095806734747933,0.005957433333333262,-0.00033294202516823135,0.011859276039690137,-0.004041713333333332,-4.5408313392222224e-05,3.543457575816489,-0.005986836666666773,-0.004931093529684254,1.7624364117175197,-0.0002731700000000001,-2.1823470656666667e-07,2.7834552758730426,0.04077679000000006,-0.005007014054396831,1.642996750997581,0.038890346666666686,0.0024906225448588434,0.24241422641849328,0.9392351345175267,-3.9198671752588674e-05,50,487,0,0,0,0
0.0024734399999998824,-1.988087078400014e-06,9.929216931765719,1.773333333333333,-3.929955555555555,8.385673563550386,0.005957446666666755,0.0001537958185603011,0.019261064424220296,0.01549001333333333,0.000813077281770578,0.7690725279426934,0.029525363333333332,-0.0011024198534375883,0.35536161128248595,0.001052993333333334,3.716615773644444e-06,0.2154744253731803,0.05827123000000006,-0.004332130502908432,1.4905027486634044,-0.029486813333333417,-0.004895176721065157,0.4338243694691327,0.9505407676822911,-0.0008748721971606721,50,488,0,0,0,0
0.0019570000000000976,-2.556759400000011e-06,12.809960305588358,2.9399999999999995,-3.3796,10.92178555598528,0.0059574399999999805,0.0006405294126463901,0.013824927203329495,0.0013280399999999956,6.240196308666664e-05,0.6786676464434465,-0.04955525333333344,-0.0026394564929014246,1.566306275110498,8.587999999999955e-05,3.428786103999998e-07,1.9759062219528154,-0.024608153333333327,-0.003666740347815955,0.3289814048775734,0.04471060666666665,0.004522463536574976,0.6003491512204391,0.928847562233471,0.0008440284692645912,50,489,0,0,0,0
0.0014413466666668984,-2.545152615822252e-06,9.70646559499729,-1.12,4.435199999999998,8.843867397464514,0.005957453333333307,0.001127270263466304,0.008138087804070462,-0.004834139999999997,-0.00018938659761586664,1.0525317469658115,-0.1294098766666667,-0.0031572989077970556,4.339494145830175,-0.00034606333333333334,-8.797312021222226e-07,3.059305616954927,-0.14377705000000005,-0.0047914974514848335,6.472337724170028,0.17058189999999984,-0.0036193893408446674,4.5432708967675595,0.9526746860096483,0.0029876290676016095,50,490,0,0,0,0
0.0009252200000000044,-1.9533319508000295e-06,9.596995100834572,-2.5666666666666673,-3.482888888888888,11.095701503097896,0.005957446666666533,0.0016140027454941974,0.016293013323347077,0.012309999999999995,0.00040362197068,0.766282372089413,-0.10672917333333332,-0.0036320606059870204,5.205633455612235,0.0008064266666666662,1.6549635089777776e-06,0.8018299647365316,0.0046841066666666875,-0.003071993895894222,1.3222203003702717,0.04988014666666668,-0.010483557060988889,3.0491926502423117,0.9294782216525524,-0.00016143499025572926,50,491,0,0,0,0
0.00040871999999997355,-7.808278752000106e-07,9.488795608532888,-1.4000000000000004,-4.032,11.42220235265313,0.0059574400000000916,0.002100734705538662,0.011859276039690137,0.04340092666666668,0.0009989771725955115,4.9977526651848105,0.08487456000000004,0.008714271942770139,0.36743135909092833,0.002908503333333334,4.472377484811112e-06,4.973226562531078,0.06511216999999997,-0.004356465797483368,1.5339693494587523,0.04682020000000009,-0.009524219829869333,2.04760363528298,0.921745969870259,0.0002282714312153922,50,492,0,0,0,0
0.00016071333333339544,-6.292716488889258e-09,9.381878111860246,-0.2333333333333334,-4.285555555555555,11.57808087787559,0.005957453333333307,0.0025874779733817826,0.019261064424220296,0.018004236666666666,-0.0003704182030833222,2.615055116429733,0.07889470333333337,-0.006539253155098523,1.8864272324646996,0.0013002133333333329,-1.5649291224888888e-06,3.538727932122033,0.04811842333333338,-0.0026682849697862547,0.37667464791998534,-0.14998976000000003,-0.003491470859437868,4.070018232104477,0.8138731967371625,-0.0022020522100699787,50,493,0,0,0,0
0.00016138666666670742,-6.299682488889485e-09,9.276263541507648,0.9333333333333331,-4.243555555555555,11.095701503097896,0.005957443333333368,0.003074208523495617,0.013824927203329495,0.006983323333333347,-0.00029761468421958895,1.8594284966505503,0.051790586666666694,-0.00836017896557049,0.7513889486946568,0.0005503633333333335,-1.2592495778555548e-06,1.9269038560747154,0.03936127666666667,-0.004988431049572523,0.5447806803615246,-0.17685383,-0.0056488370371291004,3.909170951252312,0.8477360748721161,0.0006094955234902904,50,494,0,0,0,0
0.00016124000000006244,-6.3494480000012085e-09,9.171984940447999,2.1,-3.9060000000000006,8.587113638418442,0.005957456666666694,0.003560954809777625,0.008138087804070462,-0.014056096666666663,-0.0007004701914469222,2.785062457111572,0.0372498466666667,-0.007703632822591155,0.49027272542150335,-0.000929256666666667,-3.1956861367888886e-06,2.7641207446681575,0.02810637666666671,-0.0030817260121515904,0.1977489641773768,-0.06926465999999998,-0.004441621977422004,0.7696063953306772,0.7789876074522409,-0.0029223400180739337,50,495,0,0,0,0
0.0001609066666665715,-6.363141688890538e-09,9.069090718046967,3.2666666666666666,-3.2728888888888887,10.873895405314027,0.005957446666666644,0.004047683572655766,0.016293013323347077,-0.023387156666666672,-0.0007907405810841222,6.968082062903884,-0.036126150000000024,-0.008369934041016165,3.9019022765532814,-0.0016145633333333328,-3.606472491722222e-06,6.9212409960501216,-0.1121707033333334,-0.00858127087620919,5.408314972838632,0.13812573333333328,-0.013428656200824889,4.121946094560185,0.9346129537868559,0.002348742478262692,50,496,0,0,0,0
0.008571246666666643,2.9706223661777812e-06,8.967649650163738,-3.08,-1.9152000000000002,10.993511673233654,0.0059574399999999805,0.004534412809295452,0.011859276039690139,-0.023099833333333326,-0.0007808367733655555,5.242070531908215,-0.11745114333333326,-0.006676212482945988,5.251527499882241,-0.0015879366666666668,-3.5579302169222226e-06,5.229103667030142,-0.17542810999999997,-0.004341253524674432,7.649874960063671,0.1258654666666667,-0.009037567246050225,3.896399721013769,0.9428693519019391,-2.056165240860561e-05,50,497,0,0,0,0
0.01207772000000007,-9.897394143999999e-06,12.149290417523787,-2.2,-3.904000000000001,9.249382880729407,-0.03489360666666663,0.0033523405910365622,0.019261064424220296,-0.009129023333333326,-0.0006342907198038555,1.844456354212246,0.013105750000000083,0.0015377895395558352,0.5151485629381847,-0.0005819866666666664,-2.875310121155556e-06,1.9545146701169422,0.010143353333333271,-0.005518570088603424,3.141892959508966,-0.13442396666666662,-0.007850464815713554,2.8653576425692004,0.9074609072395736,0.0004265087825530343,50,498,0,0,0,0
0.014413006666666672,-2.812781837995557e-05,11.426621772256846,-1.04,-4.272,9.045093713652776,-0.028085106666666693,0.0006057661591655217,0.015581077621694908,0.01300486,0.00013113384212866657,1.8697647040813434,0.04531484999999996,-0.003912107573644165,0.4758483885793288,0.000923603333333333,6.366398782777779e-07,2.8471503745729727,0.0744087366666667,-0.0034374145917029225,0.8598873503258878,-0.1222808133333334,-0.012954453175935295,2.9842259121198187,0.9193910055878781,0.00021518225237328342,50,499,0,0,0,0
0.015989920000000102,-5.08870763328e-05,11.306875227809128,0.1200000000000001,-4.3744000000000005,12.416117188334756,-0.021276603333333366,-0.0015150062405914488,0.019261064424220296,0.01803698666666665,9.783333072204445e-05,2.035780188732482,0.045088253333333383,-0.0021564746739440883,1.5276498199157842,0.0012714500000000004,4.4310477249999994e-07,2.0555585385594677,0.07925769333333338,-0.0057200461667224894,1.6869929786445788,-0.12222217999999996,-0.02158157067524013,3.841458282688265,0.8377623023839434,-0.0033366544768717245,50,500,0,0,0,0
0.016806859999999868,-7.144398080040002e-05,11.190550001874938,1.2800000000000002,-4.211199999999999,6.781163672203697,-0.01446808000000005,-0.003009992594053046,0.013824927203329495,0.004326929999999993,-0.0001730643755481667,1.6765030792818272,0.038504410000000044,-0.0013148157818943015,1.4231374711764475,0.0003328000000000003,-8.699378546666668e-07,1.6354819468888926,0.06642584666666673,-0.004538367553325023,1.4977774148820657,-0.1276695933333334,-0.01680784531735702,2.8216194480857957,0.8674742582939575,-0.00018708791028838412,50,501,0,0,0,0
0.016865479999999988,-7.960507912960007e-05,11.078109735036216,2.4400000000000004,-3.782400000000001,10.873895405314027,-0.007659576666666612,-0.003879157389164653,0.019238238576939,0.001985363333333323,-0.0001810863510077222,1.6081252525000618,0.019310273333333294,-0.0009107649178028889,0.2857995723786116,0.00016366000000000037,-9.148173521333333e-07,2.7113799537328402,0.052030053333333326,-0.00596450328364276,1.5291098871078899,-0.13265348666666665,-0.02034863943137862,3.8434167773514423,0.8798691000784089,-0.0008541894366165088,50,502,0,0,0,0
0.006702966666666754,0.00015813451662377717,11.19817796752636,1.9199999999999995,3.2959999999999985,8.449114196487303,-0.0008510533333334069,-0.00412253201883131,0.013605272596496812,0.0029362466666666767,-0.00012090793521328888,0.7018162063291192,-0.08889712333333333,-0.0035962772990301255,4.96708307618014,0.000139583333333334,-6.426704663888887e-07,0.6575838231603846,-0.10075006999999997,-0.010113188699181633,6.233218301330894,0.059385940000000026,-0.010978550574601726,2.3282565736996865,0.848195531789004,0.00045196720980141165,50,503,0,0,0,0
-0.022967359999999937,-7.68181854399998e-05,14.815521780385431,-3.08,-3.0688,11.840744686291952,0.005957446666666699,-0.0037400927866018258,0.008138087804070462,-0.01765108666666667,-0.0002800563500407556,4.61360292558071,-0.1042149733333334,-0.007373650314147825,5.130440577983104,-0.0012502400000000001,-1.3423715298666665e-06,3.713817629013974,-0.1312488966666667,-0.005960971423592255,6.302069852321334,0.20427780666666673,0.0004977029339851124,7.024938482199643,0.7962416403974123,0.00394910003523233,50,504,0,0,0,1
-0.020747839999999906,-0.00014346240858239973,14.56069718995932,-1.9133333333333336,-3.747955555555555,11.627498653617387,0.0059574399999999805,-0.003253354835069361,0.016293013323347077,0.005936426666666668,-0.00016360562073555556,1.5710868471175143,0.07051421333333341,-0.004397897160505692,1.5437501769540423,0.0004289300000000001,-8.004747884333336e-07,1.4939640583216929,0.08522615999999994,-0.0036395775436533356,1.4589698711972172,-0.14253211333333335,-0.006691925533743155,4.109644186160964,0.7512423267416763,-0.0006956799878062267,50,505,0,0,0,0
-0.017768800000000196,-0.00020471151945599975,10.850938270254225,-0.7466666666666666,-4.131555555555556,8.551184639174025,0.005957453333333362,-0.002766623550202227,0.011859276039690137,0.009106839999999998,-5.131145323119992e-05,0.509371619387336,0.06709409333333338,-0.004795641449829689,1.5985410013427042,0.0006428400000000004,-2.4657561973333346e-07,0.5221126128754717,0.06489554000000008,-0.003946590177012399,0.5581989157439018,-0.07719886333333331,-0.011729856548645853,1.641927907852594,0.7893456341549734,-0.001261196156722405,50,506,0,0,0,0
-0.014031200000000188,-0.0002401584670399998,14.111662398578098,0.4200000000000004,-4.2196,11.32449476866467,0.005957443333333257,-0.0022798840128563924,0.019261064424220296,0.0013295600000000143,-9.181101187280002e-05,0.33729701108060445,0.053801450000000084,-0.005077369080586834,0.31918581247471256,0.0001194966666666665,-4.402322943888889e-07,0.5645439619091791,0.051750390000000035,-0.005440337597014431,0.44999452931919287,-0.0739035333333333,-0.010235890392584884,1.5215766710109313,0.7414666866624678,0.003416984314773487,50,507,0,0,0,0
-0.009534373333333235,-0.00022594357801848867,13.889372444767915,1.586666666666667,-4.012088888888888,8.778467792034789,0.005957456666666638,-0.0017931497095504123,0.013824927203329495,0.0010466566666666732,4.530733465747783e-05,0.35269339163776875,0.051759410000000006,-0.0024804385124342996,0.5023192506172862,6.744999999999972e-05,2.25382157833333e-07,0.37331632761044153,0.04494469666666667,-0.005129603264880657,0.3642503028640571,0.03599120666666672,0.0015121501155376423,1.530699791112593,0.80661692233147,0.000386327634735652,50,508,0,0,0,0
-0.004277693333333332,-0.00013473724454062192,10.873895405314027,2.753333333333334,-3.509022222222222,10.873895405314027,0.005957446666666644,-0.0013064119594402152,0.008138087804070462,-0.006565446666666669,0.0001499278042808444,3.0335968058009373,0.0037696866666666606,0.002192031580318981,0.2533401789081322,-0.0004987900000000003,7.814738771666667e-07,2.091951515907953,-0.0027153066666666392,0.001152440040367908,0.44674604908754334,0.16460677333333334,0.016316202313064982,2.739362102022648,0.8546334492960799,0.002092217535359686,50,509,0,0,0,0
0.00016135999999988826,-6.150463999999773e-09,10.157115286519314,0.0,5.6,8.42196570704962,0.005957440000000036,-0.0008196767313125297,0.016293013323347077,-0.018448723333333337,-0.00027204328447732226,7.552626181762257,-0.11091042666666662,-0.003713525653271021,6.411960642199054,-0.0013941966666666666,-1.2976158166555553e-06,7.660045666857651,-0.12469358666666669,-0.008075611753825953,6.608759909236644,0.31303368666666664,-0.02879493924006876,10.619714738865328,0.8787604430220033,-0.0003629631034758713,50,510,0,0,0,0
0.00016102666666667487,-6.175220088889559e-09,10.042514455825009,-2.7533333333333334,-3.2887555555555554,11.095806734747933,0.005957433333333262,-0.00033294202516823135,0.011859276039690137,-0.005662466666666671,1.3469677104444456e-05,0.4743481426848102,-0.034792196666666664,0.008033997142636811,4.035783170406863,-0.00041560666666666567,-4.5058757288888844e-08,0.5691401488599165,-0.054405309999999985,-0.0007559176272382961,4.0661814627410156,0.19043563000000002,-0.0293964728582723,5.347770774504028,0.8507203022881211,0.0023284504134732224,50,511,0,0,0,0
0.0001607466666666557,-6.183239822222532e-09,9.929216931765719,-1.5866666666666664,-3.8851555555555555,11.106531803743994,0.005957446666666755,0.0001537958185603011,0.019261064424220296,0.0007364733333333415,-9.817455346742226e-05,0.17219974574438013,0.043884743333333254,-0.00029059620563838887,0.45166887089264784,6.181000000000025e-05,-5.62879501233333e-07,1.3778863485536506,0.030921803333333275,-0.004023519462367061,0.31959694232972946,0.015925440000000013,-0.030228430995418394,5.335554597837882,0.7192687699338625,0.0020392822947509727,50,512,0,0,0,0
0.00016121999999985093,-6.184723599998169e-09,12.809960305588358,-0.4199999999999995,-4.186,11.14359165376915,0.0059574399999999805,0.0006405294126463901,0.013824927203329495,0.00893623000000001,0.004778728004118899,1.8224173773738126,0.03387429666666664,-0.00410396984906892,0.31352512627184276,0.000741330000000001,2.5158664279033332e-05,1.816902293976941,-0.01676334333333329,-0.00610956895820199,1.0862348197787004,0.021412260000000016,-0.018460789223706534,2.6848980356474392,0.748577079715321,0.0014429507209831893,50,513,0,0,0,0
0.0001613066666666385,-6.239843555554676e-09,9.70646559499729,0.7466666666666666,-4.191288888888888,11.207588655548218,0.005957453333333307,0.001127270263466304,0.008138087804070462,-0.0023281233333333345,-0.0009458028455386557,1.5338170663770367,0.045449766666666724,-0.003470623043618887,0.41719527416559005,-0.0001402566666666668,-4.955494669055556e-06,1.4277284936039063,0.011757289999999976,0.002366282170307569,1.4809051985386639,-0.011896230000000008,-0.006706010970457629,1.5486807371489753,0.806631111655816,0.0018856405021269874,50,514,0,0,0,0
0.0001609733333333141,-6.2596830222212776e-09,9.596995100834572,1.913333333333333,-3.901022222222222,8.32686016465798,0.005957446666666533,0.0016140027454941974,0.016293013323347077,0.010365266666666664,-0.0006253173066982222,0.6293602482908436,0.07754737,0.002343466715228896,2.659620967856173,0.0007274066666666666,-3.5108022562222234e-06,0.6830144314384721,0.06566203333333348,-0.000954391795768221,0.4943496278102484,-0.0695746066666666,-0.015225280244215683,3.8957487210501602,0.8367286976802482,0.0005341724884399639,50,515,0,0,0,0
0.002481000000000011,1.74284896000002e-06,9.488795608532888,3.0799999999999996,-3.315200000000001,10.873895405314027,0.0059574400000000916,0.002100734705538662,0.011859276039690137,-0.009853556666666659,-0.0010535892199551886,2.7215388545795127,-0.06145348999999989,-0.009115218677905764,3.7861355380828154,-0.0007164766666666669,-5.482874434922222e-06,2.873587199850556,-0.08127483333333335,-0.009515040977378889,3.919003409404363,0.11028808000000012,-0.0083309571536744,2.831588225251984,0.8194268006503058,-0.0005786102346397117,50,516,0,0,0,0
0.0028276400000000756,-1.1343164304000015e-06,9.381878111860246,-1.96,2.3855999999999993,9.436709827058797,0.005957453333333307,0.0025874779733817826,0.019261064424220296,-0.013020076666666665,-0.0010687887182189223,5.2515768003752905,-0.14219078666666668,-0.009826222845737422,7.622654133646563,-0.0009887133333333338,-5.535484528488889e-06,6.487770166361845,-0.17113848333333334,-0.009285998878366392,7.956552549337841,0.12845176999999997,-0.0107554354115935,5.045702598218563,0.82553538877943,0.0015202838880859794,50,517,0,0,0,0
0.00231870666666667,-2.11708561742224e-06,9.276263541507648,-2.4266666666666667,-3.661155555555556,11.095701503097896,0.005957443333333368,0.003074208523495617,0.013824927203329495,-0.008481586666666666,-0.0010052627625720888,1.5671362183509365,-0.013024979999999964,-0.002624381960069467,1.3940983821526105,-0.0006327233333333336,-5.2674799949222215e-06,1.5540611984475514,-0.06211118333333332,-0.010896553107915725,3.928314963254481,-0.032730959999999976,-0.012917870973509334,1.9705691343358565,0.8044625651054288,-0.006457081085064457,50,518,0,0,0,0
0.0018095399999998873,-2.5349263860000206e-06,9.171984940447999,-1.2599999999999998,-4.1748,12.01339805129822,0.005957456666666694,0.003560954809777625,0.008138087804070462,-0.007946699999999998,-0.0009893305415846663,1.6989054440602376,0.025177983333333376,-0.0070301844434910565,0.3360281209898253,-0.000587576666666667,-5.195404654255555e-06,1.7458776076785494,-0.10948551333333331,-0.01164113727510049,6.371655657347364,0.10338744333333327,-0.006459366108100656,1.7928803341978468,0.761377503713519,-0.002254675017017455,50,519,0,0,0,0
0.0013004799999999372,-2.3881059904000185e-06,9.069090718046967,-0.09333333333333371,-4.392888888888889,12.316651597789352,0.005957446666666644,0.004047683572655766,0.016293013323347077,0.002723840000000012,-7.48148281224e-05,0.8011195763627841,0.03440394999999996,-0.00568973456921483,0.4304289291375592,0.00019882000000000016,-3.7007140013333334e-07,0.6940248387794885,0.08115132666666663,-3.3719893567952033e-05,0.9787751675180303,-0.1567485566666666,0.008296605979129611,3.9277746116610657,0.7623783629666563,-0.0026431577090442215,50,520,0,0,0,1
0.0007924400000000609,-1.6767222224000138e-06,8.967649650163738,1.0733333333333333,-4.315422222222223,11.095701503097896,0.0059574399999999805,0.004534412809295452,0.011859276039690139,0.004842313333333334,-2.5485485015955544e-05,0.601238876191089,0.041034906666666704,-0.004668962440077421,0.5417881111196082,0.00034728333333333304,-1.3218935372222233e-07,0.7769157862860148,0.13714653333333343,0.004842534524017778,1.5216724430428916,-0.17988009999999993,0.0008978091809873322,4.150030607606733,0.8511338103262459,-0.002790057085696555,50,521,0,0,0,0
0.00028508000000004863,-4.0060171520000317e-07,12.149290417523787,2.2800000000000002,-3.904,10.873895405314027,-0.03489360666666663,0.0033523405910365622,0.019261064424220296,0.009805240000000007,2.843200212373332e-05,0.9527235793826094,0.051728716666666785,-0.0003709041142110573,0.28134159988508334,0.00065379,9.97382202333334e-08,2.021635796430328,0.09505864000000008,-0.002157520606739731,1.8280677250554342,-0.08085821000000004,-0.015323138258232704,2.9303144505970726,0.7941214922608845,-0.0019870392228683487,50,522,0,0,0,0
0.0001623333333333199,-6.281408888887798e-09,11.426621772256846,2.8799999999999994,-0.6208,8.823287615868907,-0.028085106666666693,0.0006057661591655217,0.015581077621694908,0.0008007166666666593,-5.363643301505556e-05,1.8381276919297453,-0.0886267733333333,-0.0070420342815664914,3.973943869679175,1.2300000000000245e-05,-2.7593691133333334e-07,1.98651461423905,-0.046378273333333386,-0.015145636621734892,4.181506885893993,0.11036403666666672,-0.021676072007061453,5.584523474211958,0.882828578253108,-0.0030653093901303165,50,523,0,0,0,0
0.00016196000000007205,-6.2211264000012595e-09,11.306875227809128,-3.24,-3.1648000000000005,12.416117188334756,-0.021276603333333366,-0.0015150062405914488,0.019261064424220296,-0.006057053333333329,-7.079915982542221e-05,2.462649580436438,-0.14041895333333335,-0.005906119793939955,7.655981723950506,-0.0004528800000000001,-3.426134901333334e-07,2.6198392662899184,-0.10873553666666666,-0.011692421440840789,5.038013824665465,0.17825431999999997,-0.018836683170092797,7.817285092289624,0.8643767668234362,-0.0017483968848736229,50,524,0,0,0,0
0.00016236000000002804,-6.178139200001257e-09,11.190550001874938,-2.08,-3.808000000000001,8.80933637616706,-0.01446808000000005,-0.003009992594053046,0.013824927203329495,0.010017696666666673,0.0001832046632490778,1.2537373044815026,0.04128232000000004,0.0035895731530056,0.7079546427488729,0.0006230166666666677,7.324353602777778e-07,1.4631368361187922,0.10239077000000002,0.0019140090686876991,0.8633722855151421,0.019694363333333298,-0.013730597077885985,1.7859587936043988,0.7610691020878403,1.1598521764738933e-05,50,525,0,0,0,0
0.00016173333333335815,-6.138488888890039e-09,11.078109735036216,-0.9199999999999999,-4.185599999999998,8.731584776801402,-0.007659576666666612,-0.003879157389164653,0.019238238576939,0.021465386666666662,0.0005023776308369777,3.658747078718138,0.08560741333333338,0.005532762585983113,1.5974431361946062,0.0013470866666666667,2.040805415777778e-06,2.5292823237069326,0.06420943000000001,-0.004222911974122964,1.9502899131209435,0.08157019000000004,-0.016670046602594565,2.673777983927853,0.8114726325938751,-0.0017313121932065012,50,526,0,0,0,0
0.00016110666666663276,-6.065481422223263e-09,10.970672245686426,0.2400000000000002,-4.2976,11.960570427716501,-0.0008510533333334069,-0.00412253201883131,0.013605272596496812,0.0022517833333333265,-0.00013469533157905555,1.3981139460834107,0.05679108999999999,-0.003532779339373633,0.32051994729902983,0.00013387666666666697,-6.002120743888887e-07,1.5094743195549376,0.03269972666666665,-0.00948802845803169,3.0572723823430445,0.006856703333333325,-0.01510981915740399,1.8993882943373541,0.7694867432959633,0.002437044008174164,50,527,0,0,0,1
0.00016091999999995332,-5.992777600000146e-09,10.873895405314027,1.4000000000000004,-4.143999999999999,6.423233924930679,0.005957446666666699,-0.0037400927866018258,0.008138087804070462,0.004379799999999989,-0.00019369897688666668,1.9330630916775737,0.07403995666666674,-0.002879580753528118,0.544847461909584,0.00028108666666666615,-8.264797962222221e-07,1.2033428651798652,0.07395906000000002,-0.005116232358163867,1.661543687347365,-0.0836490866666667,-0.00606287470167889,3.0882262801840445,0.7632062000232469,0.0055025942423387085,50,528,0,0,0,0
0.00016142666666663086,-6.036619555555072e-09,10.750740712908714,2.566666666666667,-3.6882222222222216,10.873895405314027,0.0059574399999999805,-0.003253354835069361,0.016293013323347077,0.0029581500000000066,8.967442987833397e-06,0.2817219655385562,0.047772543333333306,0.005584955870741752,0.4694026427938545,0.00020494666666666687,2.5096053777777584e-08,0.25825534504406567,0.038693276666666665,-0.001583948590831056,0.19432316375188566,-0.06076605333333329,-0.0029564381219590215,1.5698997768700924,0.8499783937073605,0.005809665448123867,50,529,0,0,0,0
0.00016109333333325093,-6.067521422222811e-09,10.629132172470355,1.1199999999999997,4.972800000000002,8.329378541390154,0.005957453333333362,-0.002766623550202227,0.011859276039690137,-0.01478499333333333,-0.0002746361815738222,4.020579283114856,-0.11536548000000008,-0.012051687101668802,5.41180923311354,-0.0009520833333333334,-1.1424188730555554e-06,4.081412869289366,-0.12394182333333331,-0.012220288666621722,6.250137989193165,0.07748401333333343,-0.005240721408140353,3.9036890351210793,0.8405314157575163,0.003399125662831328,50,530,0,0,0,0
0.000160779999999916,-6.072587600000649e-09,10.509012164509295,-2.94,-3.144400000000001,11.324494768664668,0.005957443333333257,-0.0022798840128563924,0.019261064424220296,-0.009206983333333335,-0.00016759082693572222,1.547028592534819,-0.0874402033333333,-0.013372290708283056,3.286702898342403,-0.0005879933333333329,-6.54006409288889e-07,1.5708685272274638,-0.08475144666666673,-0.001759012709504756,3.1726702137942606,0.026118459999999954,0.012150599777313467,0.5113856691602944,0.8411385489401536,0.002675416867576691,50,531,0,0,0,0
0.00016105333333343852,-6.0757091555537635e-09,10.390330475245275,-1.773333333333333,-3.7880888888888893,11.224210116342825,0.005957456666666638,-0.0017931497095504123,0.013824927203329495,-0.006346856666666671,-0.00023939227441932223,2.8066999795850602,0.01663442333333337,-0.00970878111132906,2.7593436811517336,-0.0003840433333333333,-9.676537401222224e-07,1.7696714655006371,0.05332641333333332,-0.004460500452250757,1.4653420811579383,-0.03581578666666663,-0.0020542420741958226,0.31848213756577415,0.7370321970088897,0.001034058024831002,50,532,0,0,0,0
0.00016137333333327009,-6.1278835555546316e-09,10.273043783690419,-0.6066666666666669,-4.136222222222222,8.591325662867565,0.005957446666666644,-0.0013064119594402152,0.008138087804070462,-0.001472549999999996,-0.00010599558533616668,1.5346927284196903,0.036577833333333365,-0.008079392113138888,2.7359868810045542,-7.984000000000029e-05,-4.3833195493333325e-07,1.5543083690888826,0.040941639999999946,-0.0048885415874458694,0.7875550029448155,0.004586206666666759,-0.0019206725815607596,0.36791027094846107,0.7418089958306033,0.001358737025451953,50,533,0,0,0,1
0.00016104000000000118,-6.153868799997968e-09,10.157115286519314,0.5599999999999996,-4.1888,11.11138625762391,0.005957440000000036,-0.0008196767313125297,0.016293013323347077,0.0009566133333333351,-6.97557194464889e-05,2.639528146872227,0.04784878333333331,-0.0036459590204757225,1.7060060702047746,7.661333333333284e-05,-2.918880694222222e-07,1.5097255955868505,0.03399104666666675,-0.003673225306820226,0.47178222529716163,-0.01680408000000011,-0.005903142648401597,0.5115800351911026,0.783525239530039,0.0012604191249567394,50,534,0,0,0,0
0.0001607533333334299,-6.161203422222297e-09,10.042514455825009,1.7266666666666661,-3.945822222222223,8.448747535300729,0.005957433333333262,-0.00033294202516823135,0.011859276039690137,0.01239616666666668,-1.962902911222222e-05,3.2198274245687752,0.04793908000000002,-0.004041443351619201,1.4728347708538048,0.0008771033333333329,-5.2543903988888774e-08,3.297780685691852,0.057463333333333366,-0.0013396699827422226,1.6187213878473181,-0.11161260000000012,-0.0019610746697920015,2.373831612354101,0.7774559318045617,0.0031140504772031595,50,535,0,0,0,0
0.00016058666666673993,-6.183805155557328e-09,9.929216931765719,2.893333333333333,-3.4072888888888895,10.873895405314027,0.005957446666666755,0.0001537958185603011,0.019261064424220296,0.0027138066666666655,-5.565554181488889e-05,0.7241226911339045,-0.02775860666666663,-0.005189861059064493,2.6657344514263723,0.00021485333333333325,-2.429784342222222e-07,0.7794882489274677,-0.007744583333333277,-0.0038723682514630545,1.5785391559188846,-0.0429898233333334,0.011683703258446141,2.8616404099999384,0.8111921608603053,-0.001074644976632847,50,536,0,0,0,0
0.00016106000000004617,-6.170592400001588e-09,12.809960305588358,-0.8399999999999999,4.894399999999997,10.92178555598528,0.0059574399999999805,0.0006405294126463901,0.013824927203329495,-0.002727063333333328,-6.595554835852222e-05,4.263874817076459,-0.1005044166666666,-0.0037240267428263873,6.333595901830677,-0.00019516666666666727,-3.1078979888888887e-07,5.250551332494181,-0.08467807,-0.005644793210221232,3.8599936993914463,0.12048241666666681,-0.005273402207616388,2.9557414927426557,0.7700367227950841,0.0023700188172782626,50,537,0,0,0,1
0.0001611466666666117,-6.210981688890986e-09,9.70646559499729,-2.6133333333333333,-3.4296888888888897,11.095701503097896,0.005957453333333307,0.001127270263466304,0.008138087804070462,0.005965646666666664,0.0001932678342584445,0.8336242760065069,0.03863736666666656,0.011460899719666441,1.670293858792827,0.0004392666666666661,9.425192991111111e-07,1.8642975751434392,0.015214919999999965,0.012371564977859998,3.906523571555885,0.006542423333333436,0.011236289905806943,5.094723101976184,0.8462472696011024,0.0010151326360633194,50,538,0,0,0,0
0.00016088666666669305,-6.236066355556872e-09,9.596995100834572,-1.4466666666666668,-3.990622222222222,11.299771632932728,0.005957446666666533,0.0016140027454941974,0.016293013323347077,0.11136537333333335,0.028159699748420978,3.1378204009397512,0.10242436999999993,0.014115661587424628,0.20934569181955853,0.08483500666666667,0.06627621889394324,3.0687024077017324,0.13582591999999993,0.027214744095032013,0.2249099361461694,-0.1612280166666667,-0.006668580955733054,5.297000401495471,0.8313123593165274,0.008492012837192827,50,539,0,0,0,0
0.0001607200000000586,-6.270915199999967e-09,9.488795608532888,-0.28000000000000025,-4.255999999999999,11.42220235265313,0.0059574400000000916,0.002100734705538662,0.011859276039690137,0.2892246366666667,0.14116269767706027,0.9121667043095876,0.14843607000000003,0.01501191844924877,2.6590854533921533,0.02178576666666666,-0.00546125942902289,3.512120055873444,0.22184104,0.02426195392383653,1.9896283112076043,-0.1684020566666667,0.005940084768537211,3.4862465157925424,0.8842634458198333,0.0056615049659780765,50,540,0,0,0,1
0.00016135333333333612,-6.276215155553816e-09,9.381878111860246,0.8866666666666663,-4.225822222222223,11.095701503097896,0.005957453333333307,0.0025874779733817826,0.019261064424220296,-0.04369097666666667,-0.040685366655601324,1.8109606192213683,0.1495348866666667,0.009366137755480852,2.8810483744792537,-0.01822142,-0.013142986522253203,1.830707258128151,0.06146811666666674,-0.015246963545551728,2.9115547008990488,-0.042135933333333375,-0.01903250686683422,1.697142953553565,0.855848136131684,0.0003100535818465613,50,541,0,0,0,0
0.00016125333333338876,-6.327715555554662e-09,9.276263541507648,2.0533333333333332,-3.9000888888888894,8.477356967248024,0.005957443333333368,0.003074208523495617,0.013824927203329495,-0.08074073000000001,-0.042021616600652685,2.562724339028231,0.058085883333333366,-0.014623899724748389,3.793942405930717,-0.02072065,-0.013141583013128833,2.2648491180986654,-0.03837826999999999,-0.0266804409146559,4.085408457371332,-0.05985090666666659,-0.0003786987283686226,0.36417422796494814,0.7715879573984518,-0.0017764890596717812,50,542,0,0,0,1
0.0001609199999998423,-6.342638399998902e-09,9.171984940447999,3.2199999999999998,-3.278800000000001,10.873895405314027,0.005957456666666694,0.003560954809777625,0.008138087804070462,-0.08571588999999999,-0.04235888417608456,7.784583684010512,-0.10949017,-0.02555577475285803,6.70659361187258,-0.021209753333333338,-0.013143894329247155,6.829228721484128,-0.17453479333333338,-0.032852347853021026,7.4822568821120345,0.09086252333333333,-0.02659782297633159,7.735095942949975,0.8091265610509554,-0.0035041971050069763,50,543,0,0,0,0
0.00016069333333323943,-6.357838222220566e-09,9.069090718046967,-2.8000000000000003,-0.6720000000000006,10.441744951879437,0.005957446666666644,0.004047683572655766,0.016293013323347077,-0.08837755,-0.0425721395389515,9.742787781214346,-0.20706739000000002,-0.02612440931294363,9.128836003578272,-0.02141968,-0.013147104516382666,9.826785614573343,-0.24436566999999998,-0.03282361541688563,9.527539418613118,0.1694020833333333,-0.021332507577213056,7.527291463935489,0.848426383707209,-0.0009922035780316298,50,544,0,0,0,0
0.0031346066666667616,3.726418264444387e-07,8.967649650163738,-2.286666666666667,-3.8674222222222228,11.095701503097896,0.0059574399999999805,0.004534412809295452,0.011859276039690139,-0.07377445666666668,-0.04274981539945759,2.0365862126207626,-0.015377846666666639,-0.008515635166737017,2.9190206038190833,-0.02046519,-0.013155201920110568,1.8097006844549286,-0.014734183333333317,-0.024210879305963055,2.8222555908478366,0.01566962333333327,-0.011499325069994256,1.4256563147363732,0.7959481660426995,-0.006734784877284788,50,545,0,0,0,0
0.0027644399999999236,-1.4115749952000052e-06,12.149290417523787,-1.08,-4.307200000000001,9.249382880729407,-0.03489360666666663,0.0033523405910365622,0.019261064424220296,-0.029566899999999993,-0.035032204566591334,2.247833560330815,0.05615247666666662,-0.0011366848531366505,0.2471982590800728,-0.004240970000000001,-0.0012647746420346997,2.8307832875702967,0.000683583333333404,-0.021289575547443054,3.954256894636398,0.01901906666666653,-0.012696642686579553,2.7946605301557064,0.7573083629176908,-0.0054657117819099325,50,546,0,0,0,0
0.0022477266666666718,-2.3064799372888855e-06,11.426621772256846,0.08000000000000007,-4.4064000000000005,12.622819514404366,-0.028085106666666693,0.0006057661591655217,0.015581077621694908,-0.014262949999999996,-0.0011638758344961666,1.8506046846203157,-0.012213609999999986,-0.01498915800581897,2.727575411289097,-0.0009048133333333331,-5.376582168088889e-06,3.2432465906554926,0.001322359999999967,-0.01058161573802293,2.8122056714598838,-0.014675476666666742,0.0002876511248192104,1.604323844285029,0.7918820155962826,-0.0012070304837501732,50,547,0,0,0,0
0.0017319733333333587,-2.6204693976888762e-06,11.306875227809128,1.2400000000000002,-4.239999999999999,6.955462234719734,-0.021276603333333366,-0.0015150062405914488,0.019261064424220296,-0.004169930000000002,-0.00026970035017189994,0.2592539699206727,0.014189760000000051,-0.006621647716486663,1.4194684003303268,-0.0003795000000000005,-1.1428468433333334e-06,0.4193013886946461,0.06461508999999993,-0.0023442979688101644,1.5435220812931154,-0.036820156666666604,-0.006892036103781054,1.951398124579515,0.8161576591761023,8.309845860681489e-05,50,548,0,0,1,1
0.001215180000000149,-2.3537953219999864e-06,11.190550001874938,2.4000000000000004,-3.8080000000000003,10.873895405314027,-0.01446808000000005,-0.003009992594053046,0.013824927203329495,0.00428427,-0.0005525512900664332,1.8685114353833328,0.015507800000000016,-0.0030367834252146633,1.5930518363926498,0.00026212999999999974,-2.547400790833333e-06,1.56030182298019,0.06397717333333336,-0.0004297821774867528,0.40110935251797303,-0.23314904666666664,0.01485111576660538,3.8901982944098688,0.830822518579463,0.00020921271980533997,50,549,0,0,0,0
0.0006983866666667171,-1.5056984024888593e-06,11.078109735036216,2.1599999999999997,2.489600000000001,8.509778679017533,-0.007659576666666612,-0.003879157389164653,0.019238238576939,-0.0018647633333333385,-0.0008425793553813223,1.4589659222219846,-0.07573237333333338,-0.009308964270710488,4.049052073041553,-0.00020770666666666653,-3.958355723822223e-06,1.6068576769821057,-0.08613064666666664,-0.01223390618653862,4.92369010157934,0.08249122000000003,-0.017886689714904133,4.040315416158666,0.8236346325315205,0.0020559532338366047,50,550,0,0,1,0
0.00018183333333338103,-7.616240555555399e-08,10.970672245686426,-3.12,-3.0880000000000005,11.960570427716501,-0.0008510533333334069,-0.00412253201883131,0.013605272596496812,-0.008888893333333328,-0.0008662243888854221,0.4607532947968135,-0.13579988000000004,-0.018140201122002667,7.732383483255657,-0.000758376666666667,-4.0850718199888885e-06,0.6700930785258635,-0.12825909333333338,-0.010820569191446488,6.526039329666704,0.19463013000000007,-0.014662033192401766,7.097396041754946,0.8485920486211944,0.004254938022877008,50,551,0,0,1,0
0.00016144000000001268,-6.013567999999827e-09,10.873895405314027,-1.9600000000000004,-3.7408,8.624122013063339,0.005957446666666699,-0.0037400927866018258,0.008138087804070462,-0.010420200000000001,-0.0008856876456039998,3.3827951540491012,0.041337356666666714,-0.006704322095312923,0.45069626416470093,-0.0007737433333333335,-4.149675747188889e-06,3.5208547344302117,0.0887364366666667,-0.0005396351949937209,1.6824454197577128,0.015187073333333412,-0.008847588436213295,0.42605888492415456,0.7661372820708806,0.0038969526657225877,50,552,0,0,0,0
0.00016110666666663276,-6.045699022223265e-09,10.750740712908714,-0.7933333333333334,-4.136222222222223,8.577233545038052,0.0059574399999999805,-0.003253354835069361,0.016293013323347077,-0.006860783333333332,-0.00019755555072038886,2.8662146319155686,0.04008477666666671,-0.0018288121235443856,0.41212818467774465,-0.0005065066666666666,-9.372715776888889e-07,1.87599696745974,0.07606338333333329,-0.0017139742517357226,1.8058863034879438,0.038130116666666714,-0.010199932729538386,1.5111402385866008,0.7881738013544483,0.003130757472047986,50,553,0,0,0,0
0.00016078666666669017,-6.050316088890502e-09,10.629132172470355,0.3733333333333335,-4.236088888888888,11.457516202387595,0.005957453333333362,-0.002766623550202227,0.011859276039690137,-0.005992606666666667,-0.00019532804573968885,1.6966396643364519,0.01215020333333322,-0.005793203223507588,2.9481457688334824,-0.00041386000000000005,-9.334549241333334e-07,1.660593030026901,0.08258414000000003,-0.0003848700533803963,1.6467479262776452,-0.020326083333333356,-0.008358945135303053,1.9601478410728552,0.7891812591316648,0.0027529371244672156,50,554,0,0,1,0
0.0001610200000000117,-6.054619600001322e-09,10.509012164509295,1.5400000000000005,-4.0404,6.161830796558617,0.005957443333333257,-0.0022798840128563924,0.019261064424220296,0.0005240166666666615,4.130020099161105e-05,0.4248136128938514,0.04548053666666663,-0.0024676404254366513,0.35667720188620444,3.8106666666666306e-05,2.2927570257777782e-07,1.5242825391156472,0.1653710799999999,0.00488216944402586,2.797263513249363,-0.06433917333333333,0.02192113587318604,0.7316127424210134,0.8222276009607125,0.0007909651919946506,50,555,0,0,0,1
0.0001613866666666519,-6.105208888890402e-09,10.390330475245275,2.706666666666667,-3.549155555555556,10.873895405314027,0.005957456666666638,-0.0017931497095504123,0.013824927203329495,0.00021772333333332922,-2.458617104825554e-05,1.5581893418779456,0.02916192666666667,0.007436858170683517,0.35020801189004397,-6.832333333333263e-05,-5.1693711455555624e-08,0.19426596315641312,0.04856899333333331,0.0006158017351848497,1.878529479093107,0.08746928333333337,0.00708940821148895,0.4802245944023527,0.8217085443749119,0.004795248146153664,50,556,0,0,0,0
0.0001610533333333275,-6.132423288889533e-09,10.273043783690419,0.28000000000000025,5.6112,8.369519565083694,0.005957446666666644,-0.0013064119594402152,0.008138087804070462,0.005994416666666672,5.929211163694447e-05,0.7756921931348247,-0.07574485666666664,-0.0012531043587526575,3.725909210803869,0.00022193333333333327,2.1215133511111106e-07,0.8492976776867177,-0.1325211666666667,-0.014817293955865552,4.866747162660673,0.27940062333333326,-0.02383863931292012,11.288818039834972,0.8365151582670163,0.004352985648781582,50,557,0,0,0,0
0.000160759999999871,-6.139120000000458e-09,10.157115286519314,-2.8000000000000003,-3.2479999999999998,11.11138625762391,0.005957440000000036,-0.0008196767313125297,0.016293013323347077,6.637333333333814e-05,-5.573900481848887e-05,1.574584747840512,-0.03829513999999995,0.0004261505736897313,2.179238108603755,-0.00010993999999999978,-2.5080141533333335e-07,1.7838556883623273,-0.09378381666666669,-0.006386099606477718,4.286331558414565,0.1495116866666667,-0.018310579335131687,2.954932514522044,0.7959477095661006,-0.0003645429291797673,50,558,0,0,0,0
0.00016115333333310833,-6.140404488887053e-09,10.042514455825009,-1.6333333333333333,-3.856222222222222,11.095806734747935,0.005957433333333262,-0.00033294202516823135,0.011859276039690137,-0.0017434899999999934,-6.772469455376668e-05,2.62978228626774,0.06254389333333332,0.0026692131676561807,0.4205467127961562,-9.563999999999992e-05,-3.021190746666667e-07,0.5105876394460931,0.01926378333333334,-0.010664440749794385,2.556899628197323,0.0703494899999999,-0.03223191602218497,5.144988234411703,0.7823676944866113,0.0004705747341598527,50,559,0,0,0,0
0.00016133333333323563,-6.195342222221334e-09,9.929216931765719,-0.46666666666666634,-4.168888888888889,11.106531803743994,0.005957446666666755,0.0001537958185603011,0.019261064424220296,0.002807993333333335,3.134434769711108e-05,0.4598403248645725,0.06829959999999996,0.003510373049383994,0.47121448999080107,0.0001968366666666669,1.6853229001111115e-07,0.34288543476819155,0.02342053000000005,-0.009161655785498693,1.4958485438635638,0.05528358999999983,-0.024769716920854966,2.726578532079518,0.7926228522066389,0.0012403503549368708,50,560,0,0,1,1
0.00016100000000002224,-6.2176399999991174e-09,12.809960305588358,0.6999999999999997,-4.185999999999998,11.14359165376915,0.0059574399999999805,0.0006405294126463901,0.013824927203329495,0.0008342633333333418,-6.1521978315888704e-06,0.3502492669942638,0.07473019000000009,0.0013473331028052982,0.5287949289190983,0.00013431999999999984,-4.559312773333337e-08,2.5584639212167324,0.017023143333333268,-0.010765482064218785,1.475716714947098,-0.009483923333333255,-0.01874523376914652,0.5523011059840492,0.7778061687051349,-5.738658033253194e-05,50,561,0,0,0,0
0.0001607333333333849,-6.2271715555532475e-09,9.70646559499729,1.8666666666666663,-3.9075555555555557,8.32473182397126,0.005957453333333307,0.001127270263466304,0.008138087804070462,-0.0027173699999999967,-4.7288266883366655e-05,1.2864051217582098,0.04374687666666671,-0.0012464928738609195,0.3851244429526063,-0.0001391333333333332,-2.0013824622222217e-07,1.5176631625011263,0.0001389099999999921,-0.0090804231120135,5.3666729257589525,-0.005124279999999981,-0.009054946797490936,2.9467151926549726,0.7878832418336894,-0.0007558116023569488,50,562,0,0,0,0
0.00016128666666653801,-6.229993822223052e-09,9.596995100834572,3.033333333333333,-3.3335555555555554,10.873895405314027,0.005957446666666533,0.0016140027454941974,0.016293013323347077,-0.0040466299999999955,-5.6224117735100006e-05,1.8019068584894027,-0.09435834333333343,-0.013831567290826121,4.27258594751312,-0.00020504000000000052,-2.4891112266666667e-07,1.6027319660140695,-0.08435956666666666,-0.010396018859606887,5.27998462606654,0.059194406666666644,-0.009509503963623956,3.595166584877446,0.8174014209780467,-0.0013888616324690037,50,563,0,0,1,1
0.00016127999999993037,-6.2839679999997e-09,9.488795608532888,-1.6800000000000002,3.1808000000000014,9.20611544151117,0.0059574400000000916,0.002100734705538662,0.011859276039690137,0.004916986666666661,3.970502036471111e-05,2.3707691000056155,-0.08423293999999998,-0.002431315334159599,3.805156313101029,0.0003725233333333332,1.536879617444444e-07,2.262531799768575,-0.10103922333333332,-0.0064017175273127875,3.6767860819290368,0.057103713333333306,-0.008454225041270889,3.604629873868579,0.8731726108478302,0.002835816637940471,50,564,0,0,0,0
0.00016094666666671698,-6.30134915555696e-09,9.381878111860246,-2.4733333333333336,-3.5986222222222217,11.095701503097896,0.005957453333333307,0.0025874779733817826,0.019261064424220296,0.009147059999999992,0.00017185647229880002,1.3794414007401066,0.04514679000000005,0.012287814650252894,0.4585710276817504,0.000622366666666666,8.379153211111109e-07,0.46285032911931706,-0.03611424666666663,-0.004128572933086624,4.205233299791395,0.0143845199999999,-0.000451650689144531,0.30729367329361656,0.827248484771793,-0.00422144937975752,50,565,0,0,0,0
0.00016070666666656575,-6.314470755557365e-09,9.276263541507648,-1.3066666666666666,-4.124088888888889,11.772397771504203,0.005957443333333368,0.003074208523495617,0.013824927203329495,-0.004883420000000003,-9.330607251133334e-05,1.956350301983293,-0.028773680000000024,-0.01457959490173227,2.5335645810418406,-0.0003214800000000003,-4.3432742186666666e-07,1.9736033102625359,-0.03925598666666669,-0.0069943165467379565,3.9342986530973496,0.019748610000000055,-0.002434813364076702,1.4656692278395358,0.7936748059907718,-0.002898240034851802,50,566,0,0,0,0
0.0001614199999999677,-6.323387600001245e-09,9.171984940447999,-0.13999999999999968,-4.354,12.01339805129822,0.005957456666666694,0.003560954809777625,0.008138087804070462,-0.003534510000000008,-7.743844149136667e-05,2.5139562042025174,-0.05595557000000001,-0.010370523049913236,2.669403522272493,-0.0002497299999999999,-3.4022793363333335e-07,2.664205195936229,-0.09299674999999996,-0.0055860600655408335,6.15551419553841,0.06049707999999998,-0.003689576144730134,1.651320331551222,0.8117336129329451,-0.003123905266134025,50,567,0,0,1,1
0.00016122666666668062,-6.3710862222231665e-09,9.069090718046967,1.0266666666666664,-4.2883555555555555,11.095701503097896,0.005957446666666644,0.004047683572655766,0.016293013323347077,-0.006717253333333329,-7.881790402115556e-05,4.600167565607593,-0.2062937200000001,-0.018199061824220267,8.1242348696324,-0.0005125833333333336,-3.618178497222222e-07,5.269874292203828,-0.20276542999999997,-0.005292591174168167,9.199188868527001,0.12608478000000012,-0.005331612745993465,6.855150484499473,0.9748137336293858,0.0018121651582129032,50,568,0,0,0,0
0.00016089333333341171,-6.383550755556183e-09,8.967649650163738,2.1933333333333334,-3.9271555555555557,8.978352595279734,0.0059574399999999805,0.004534412809295452,0.011859276039690139,-0.003706209999999998,-6.886732535990001e-05,3.6208600819860033,-0.10842953333333333,-0.010829031691290224,6.548824712172681,-0.0004776800000000003,-2.8033205360000003e-07,2.8711851708620886,-0.16110999666666664,-0.008681344209795591,9.110231255143109,0.11335826000000004,-0.005494197137618799,6.928555519405545,0.8356875346815413,-0.006675960407435931,50,569,0,0,1,1
0.00016247999999990936,-6.3232575999992746e-09,12.149290417523787,3.1199999999999997,-1.888,9.027576782945536,-0.03489360666666663,0.0033523405910365622,0.019261064424220296,-0.005927403333333338,-8.709704706905556e-05,6.542841311081003,-0.13307696,-0.02157877431329973,6.3824521980096245,-0.0003810500000000002,-4.516732841666666e-07,5.302322633720445,-0.08243399333333334,-0.011918127030944758,6.594643287273485,0.0521725466666666,-0.007445476851657423,2.745973483515377,0.9480702568854678,-0.0033641354967454636,50,570,0,0,0,0
0.00016297333333342712,-6.276118222220862e-09,11.426621772256846,-3.2800000000000002,-3.1968000000000005,12.622819514404366,-0.028085106666666693,0.0006057661591655217,0.015581077621694908,-0.0042796533333333345,-7.031077352942223e-05,5.021993832925247,-0.12477182666666661,-0.019977477673435818,6.422971380477334,-0.00023238666666666632,-3.742081870222222e-07,3.665427087142133,-0.06003887666666671,-0.009983136234903723,5.257236498499671,0.04712130333333353,-0.004452555173286788,0.43372742025705724,0.8347474377426384,-0.002842243256053843,50,571,0,0,0,0
0.0001623466666665907,-6.243807288888043e-09,11.306875227809128,-2.12,-3.8368,8.909880378198732,-0.021276603333333366,-0.0015150062405914488,0.019261064424220296,0.011209986666666664,0.0001695038123793778,3.7384688368409136,0.04472680333333329,-0.0011928022386241237,3.0076423417940106,0.0008924966666666668,7.597014009444445e-07,5.10337679792729,0.056445669999999976,-0.00010998415377043262,1.6024026904358062,-0.30410823000000015,0.008324750636003568,9.195527118962017,0.8162377731820505,-0.0020403242601025277,50,572,0,1,0,0
0.00016171999999992082,-6.178139199998118e-09,11.190550001874938,-0.96,-4.211199999999999,8.80933637616706,-0.01446808000000005,-0.003009992594053046,0.013824927203329495,0.029272510000000012,0.0043830784966673,7.895118289602093,0.07590300999999994,0.001661009649910502,1.8958578934756676,0.00215084,2.0902318786933335e-05,9.269058847716403,0.0552512,6.633008359999137e-06,1.6602912496378268,-0.3826988366666667,-0.016273631312113186,11.031289325146371,0.8268309191011509,0.0013780130671874739,50,573,0,0,0,0
0.07864464000000021,0.024644095408393588,11.078109735036216,0.20000000000000018,-4.32,12.093818543331803,-0.007659576666666612,-0.003879157389164653,0.019238238576939,0.005364556666666666,-0.0007344873481234554,3.2707261256983426,0.07654667666666659,0.0041028073441456096,1.415499806552888,0.00045026000000000007,-3.670806786533334e-06,6.415861656178744,0.07381244666666667,0.002113057833697911,1.8472888000261145,-0.15314613666666677,-0.025056089566717853,4.706763989485235,0.8165133957733876,0.004854230272034074,50,574,0,0,0,1
0.3794972133333333,-0.004965871491486754,10.970672245686426,1.3600000000000003,-4.163199999999999,6.522421981896132,-0.0008510533333334069,-0.00412253201883131,0.013605272596496812,-0.006484126666666663,-0.0009173757744399555,3.7082437159965123,-0.02221221333333337,-0.005678768789904625,2.781103853552059,-0.00044460333333333317,-4.483354533455556e-06,3.9544813212135512,0.024132603333333336,-0.0002423730281006552,0.4979390508280608,0.10680996000000009,-0.03279271739609574,4.079069169083745,0.9285042798914463,0.0005589329812766297,50,575,0,0,1,0
0.31409392000000025,-0.0246562881357824,10.873895405314027,2.5200000000000005,-3.7408,10.873895405314027,0.005957446666666699,-0.0037400927866018258,0.008138087804070462,-0.0036156933333333363,-0.0009028354331952887,1.6447460342262095,0.10286272333333324,0.00863077617443948,2.861407971982714,-0.0003093000000000002,-4.360311715333332e-06,1.5083007420802073,0.04182723000000002,-0.0007415218694749653,1.6339843993705405,0.10157606333333324,-0.03125168036023466,6.354248548325885,0.869318236289199,0.0022544843282000936,50,576,0,0,0,0
0.24869124666666687,-0.03578562393447649,10.750740712908714,1.4,4.535999999999999,8.355427447254183,0.0059574399999999805,-0.003253354835069361,0.016293013323347077,-0.0072575733333333295,-0.0009062124495902222,1.6208063486924595,-0.01573343666666671,-0.0018523813573513223,1.3508094736240601,-0.0006537600000000004,-4.390832017066667e-06,4.8662539626779795,-0.0578232566666666,-0.004499072481291322,5.137029084754073,0.1006316066666667,-0.02730429440074796,4.177244778090819,0.8777185934136738,0.006738309112319678,50,577,0,0,0,1
0.18328904000000001,-0.03835395758962559,10.629132172470355,-2.9866666666666664,-3.116088888888889,11.457516202387595,0.005957453333333362,-0.002766623550202227,0.011859276039690137,-0.00778473,-0.0008971960206881666,3.499753614436325,-0.03773038333333334,-0.010572343162735056,2.2883471049318342,-0.0004886600000000006,-4.349507093466666e-06,3.0681601471164934,-0.04763333333333336,-0.00484132945872889,3.0049213738666243,0.002581779999999978,-0.022125171750337465,4.262910036113809,0.921757408007015,-0.0012615835007815147,50,578,0,0,0,0
0.11788603999999991,-0.0323612570917264,10.509012164509295,-1.8199999999999998,-3.7716000000000007,11.324494768664668,0.005957443333333257,-0.0022798840128563924,0.019261064424220296,0.005749749999999998,-0.0006295074561341665,1.5187606851598556,0.07309938333333332,-5.252064237230847e-07,1.7196777628468767,0.00044918000000000085,-3.0917343371999996e-06,2.79626434978261,0.07456671666666667,0.00048680751204894547,1.5401953749281845,-0.21081876333333327,-0.020195164793819186,7.688357792527206,0.8333325629423404,0.00045392234809565,50,579,0,1,0,0
0.05248304000000015,-0.017807466093267197,10.390330475245275,-0.6533333333333338,-4.131555555555555,8.558503888106952,0.005957456666666638,-0.0017931497095504123,0.013824927203329495,0.0022238799999999975,-5.430961658159998e-05,0.345455736164587,0.05562485666666667,-0.004933221822297329,1.6791966951962598,0.0001954333333333328,-2.753739735555555e-07,1.4117229110494405,0.09062664333333337,-0.00018696940337652266,2.644193968120155,-0.16432752000000006,-0.0014016040676549414,2.8771394201232052,0.8562862280894578,-0.0008404538742218352,50,580,0,0,0,0
0.00016108666666680982,-6.097036488890975e-09,10.273043783690419,0.5133333333333336,-4.195955555555555,11.153804064712933,0.005957446666666644,-0.0013064119594402152,0.008138087804070462,-0.001327396666666661,-7.099766022625555e-05,1.644196113777161,0.04483039000000005,-0.004515162949525902,0.6152791953890419,-6.812000000000007e-05,-3.5308332346666673e-07,2.697767434774004,0.0844061666666667,-0.0008865716987388889,2.6377138856403683,-0.062092146666666514,-0.014866941451184622,2.9269477116682117,0.789108210538762,0.00043168911759786864,50,581,0,0,0,0
0.00016135999999999928,-6.150464000000918e-09,10.157115286519314,1.6799999999999997,-3.9648000000000003,8.53434725575484,0.005957440000000036,-0.0008196767313125297,0.016293013323347077,0.001563480000000006,-1.7825150986666678e-05,0.3339430891718649,0.04554693666666659,-0.0031084470670437216,0.4544128513419335,-8.726666666667316e-06,4.577779577777776e-08,0.6088113432907273,0.11182540666666677,0.0013190944804389766,2.8958164854209825,0.01748097999999987,-0.0094593488509876,2.841400347695238,0.7913743668917407,0.0035615981916454417,50,582,0,0,0,1
0.00016102666666650833,-6.175220088893765e-09,10.042514455825009,2.8466666666666662,-3.438088888888889,10.873895405314027,0.005957433333333262,-0.00033294202516823135,0.011859276039690137,-0.0027300133333333296,-5.62508828352889e-05,1.5411809571534583,-0.009115349999999967,-0.003424895900530165,0.479712183597099,-0.0004761033333333339,-1.5817887465555553e-07,2.780433177472701,0.0656128333333334,-0.0030629326633455564,2.8409780777110423,0.1695394566666666,0.004922622420981744,3.357194137651083,0.8160393229753504,-0.0016963249772783537,50,583,0,0,0,0
0.0001607466666666557,-6.18323982222298e-09,9.929216931765719,-0.56,5.241599999999998,8.588161505339594,0.005957446666666755,0.0001537958185603011,0.019261064424220296,-0.004460916666666665,-5.145295805972223e-05,2.494079666807348,-0.0886869566666667,-0.005942637469214125,6.4254959830510145,-0.0004837999999999997,-1.91130248e-07,4.283640777191288,-0.00015536666666671195,-0.0029651064120695576,1.4929581480464682,0.2583598433333332,-0.021134012012348255,9.457480462046743,0.8699711061952797,0.0024938365590472813,50,584,0,0,0,0
0.00016057999999952166,-6.205229200002826e-09,12.809960305588358,-2.66,-3.3795999999999995,11.14359165376915,0.0059574399999999805,0.0006405294126463901,0.013824927203329495,-0.004210929999999998,-4.350452227136665e-05,1.4026250502838993,0.03959337333333335,0.013215364087216717,1.7606616526506276,-0.00029989000000000036,-3.3831101163333334e-07,1.54663479815079,0.13931990666666666,0.03254591962639298,0.15289004672813786,0.027799680000000215,0.024055131924234932,1.6936975585073242,0.8585208471388244,-0.004573293269666335,50,585,0,0,0,0
0.0001610933333330289,-6.192543288885466e-09,9.70646559499729,-1.4933333333333327,-3.952355555555555,11.207588655548218,0.005957453333333307,0.001127270263466304,0.008138087804070462,-0.0005066999999999988,2.4123332268666654e-05,0.5743511592691469,0.1142695766666666,0.010086159291372944,4.004289797991654,5.3993333333334035e-05,-1.0590095555554528e-09,2.664752958077346,0.19507587333333337,0.01611890943362565,2.2660426657928845,-0.046075999999999895,0.00806989580162,0.5508742324888952,0.7940081441971887,0.0028823511831366443,50,586,0,0,0,0
0.00016113333333300783,-6.23252355555501e-09,9.596995100834572,-0.32666666666666666,-4.229555555555555,11.299771632932728,0.005957446666666533,0.0016140027454941974,0.016293013323347077,0.0035637433333333274,-2.4589251687855552e-05,0.7026996599342423,0.10319600666666673,0.0015856751097093683,2.702710592707294,0.00016905333333333376,-1.0263283502222223e-07,1.4312497584536314,0.18629903333333336,0.01053495959720778,2.837810403675729,-0.09834502999999994,-0.001850745771413899,2.6415616586356294,0.82978630394765,0.00380559082934296,50,587,0,0,0,0
0.0001608800000000299,-6.2584799999972195e-09,9.488795608532888,0.8399999999999999,-4.2112,11.42220235265313,0.0059574400000000916,0.002100734705538662,0.011859276039690137,0.028283956666666665,0.010068740120662145,0.5021753599727343,0.10247393666666665,0.0061040365160201435,2.6321739972603235,0.00022368666666666703,4.3385962512444456e-06,0.5759811624408343,0.0070033399999999135,-0.02254361088766467,4.013891087144154,0.08815062000000018,-0.03138836151054973,3.807185405196305,0.8159138238230368,0.002073100126880349,50,588,0,0,0,0
0.0001607133333332289,-6.292716488887224e-09,9.381878111860246,2.0066666666666664,-3.8972888888888884,8.40078705668856,0.005957453333333307,0.0025874779733817826,0.019261064424220296,-0.007021429999999992,-0.0018131240161017672,1.8043722777764453,0.021141026666666618,-0.013346749511958755,3.0469399459454567,-0.00048177000000000007,-8.154365536333333e-07,2.94309036973441,0.007098226666666596,-0.012393479456747548,1.4732971032067192,-5.843333333199752e-06,-0.02278950929366092,2.8859245644612623,0.7548009760992275,-0.0018760121647062298,50,589,0,0,0,0
0.00016138666666676293,-6.2996824888910536e-09,9.276263541507648,3.1733333333333333,-3.2878222222222226,10.873895405314027,0.005957443333333368,0.003074208523495617,0.013824927203329495,0.002403849999999999,-0.0017064659792594993,1.4575457710374964,-0.06770103333333322,-0.01656252846093889,5.407887556312512,0.0004992133333333326,-3.458680155555554e-07,1.5087047859688543,-0.0071897399999999445,-0.013692733360478267,1.3565738397115774,-0.04196196333333346,-0.007213868128681595,0.3928932190175123,0.7899589922190341,0.00023187378661671958,50,590,0,0,0,0
0.00016123999999995142,-6.349448000002944e-09,9.171984940447999,-2.5200000000000005,0.4592000000000014,10.036170740398314,0.005957456666666694,0.003560954809777625,0.008138087804070462,-0.005745393333333335,-0.001817753360604222,0.48736882041138935,-0.09437910999999999,-0.007019670757110432,3.6151996976160454,-0.00033060333333333365,-7.824159949222225e-07,1.6729179707134183,-0.22789660666666678,-0.025970459714038892,6.9370959464306585,0.2147500699999999,-0.0314858182433747,5.675098408478948,0.8212520949618013,-0.005385213864150939,50,591,0,0,0,1
0.00016090666666668252,-6.36314168888785e-09,9.069090718046967,-2.333333333333333,-3.795555555555555,11.095701503097896,0.005957446666666644,0.004047683572655766,0.016293013323347077,-0.010535903333333325,-0.001842527341212389,6.529371907407109,0.0019656500000000965,-0.0007920014165694982,1.5691449795539634,-0.0005417900000000001,-1.0309051948333334e-06,5.484072368444939,-0.04090448333333341,-0.014369067988543725,2.5012884774853825,0.0937894066666668,-0.02830842676347222,5.031016393984046,0.7797833862624397,-0.005248057163340687,50,592,0,0,0,0
0.00016068666666657627,-6.379451422220967e-09,8.967649650163738,-1.166666666666667,-4.285555555555556,11.095701503097896,0.0059574399999999805,0.004534412809295452,0.011859276039690139,-0.006285366666666667,-0.0018350571993842226,1.5247900739078744,0.06842850000000006,0.005081612183163324,0.6883383076853398,-0.00018650333333333335,-9.25409731988889e-07,2.0036880139527535,0.01676162333333342,-0.013734743940052124,1.5449845904825659,-0.05121340666666652,-0.019104170140247154,4.0014836424118,0.7923638029487126,-0.0013365430352162556,50,593,0,0,0,1
0.00016327999999998788,-6.32158719999953e-09,12.149290417523787,0.040000000000000036,-4.4416,12.898294929050998,-0.03489360666666663,0.0033523405910365622,0.019261064424220296,-0.007375973333333327,-0.0018451402635195557,1.659473749416184,0.0141857666666666,-0.006585338349105557,1.5484621945272867,-0.0002541399999999999,-9.835549457333333e-07,0.462219805320668,0.07367167000000002,0.0015278900563537,1.3504310885734134,-0.11746194666666676,0.006160202362661776,3.716560970414289,0.9026530641269644,0.0028588643791940946,50,594,0,0,0,0
0.000162653333333318,-6.292945955554821e-09,11.426621772256846,1.2000000000000002,-4.271999999999999,7.183275083034346,-0.028085106666666693,0.0006057661591655217,0.015581077621694908,-0.0019276500000000064,-4.3640933684833335e-05,1.410853547492263,0.06343742999999996,0.004724138294638906,0.7538663638769787,-0.00010491666666666679,-2.459127730555555e-07,1.6980834131199272,0.09675729999999999,0.014409582378157999,0.3697648699971679,-0.07025739666666686,-0.0021584556424606542,2.44262012676075,0.9853668459482902,0.00017749285677351684,50,595,0,0,0,0
0.0001620266666665371,-6.230947555556937e-09,11.306875227809128,2.3600000000000003,-3.8368,10.873895405314027,-0.021276603333333366,-0.0015150062405914488,0.019261064424220296,-0.0018375600000000054,-4.397809379679999e-05,2.058035614787986,0.09733955,0.015214815747964502,0.5724947757844921,-0.0001276466666666669,-2.832086458222222e-07,2.897747692377637,-0.011683953333333275,-0.01210114521948689,2.7045693061183496,0.07531861666666673,-0.02077001416733772,6.5308983525320174,0.9932479497528972,-9.526606157651329e-05,50,596,0,0,0,0
0.00016170000000004237,-6.1670500000022145e-09,11.190550001874938,2.4,1.5679999999999996,8.587530278383191,-0.01446808000000005,-0.003009992594053046,0.013824927203329495,0.008663323333333337,0.00011321944578587775,1.5038634011270962,-0.11348953,-0.013734373528308964,4.88747883226462,0.0003907333333333339,6.96762359111111e-07,2.9883813869258917,-0.13888911999999992,-0.021186735019936804,7.591085944677138,0.10827481333333322,-0.015302168576025954,6.656230852930875,0.9084724472993467,-0.00030736713108479234,50,597,0,0,0,0
0.00016205333333341176,-6.125629155554908e-09,11.078109735036216,-3.16,-3.1104,12.0938185433318,-0.007659576666666612,-0.003879157389164653,0.019238238576939,-0.0022494533333333316,-3.0380558967022225e-05,2.801512707907106,-0.20029850000000005,-0.019900747843416673,7.891246986903624,-0.00074461,-2.9152608270000004e-07,5.0046403010431195,-0.21769211333333327,-0.02039127612712449,10.835886729081201,0.11159945999999987,-0.013864948430447069,5.326699746883281,0.8946899538860356,-0.0024474210685311248,50,598,0,1,0,0
0.00016142666666663086,-6.082309155554829e-09,10.970672245686426,-2.0,-3.760000000000001,8.670920294271173,-0.0008510533333334069,-0.00412253201883131,0.013605272596496812,-0.0005203833333333394,-2.6685262127722217e-05,0.36545101557870313,-0.1352851333333333,-0.02579230480787956,6.728724278412383,-0.0001613733333333332,-1.353114558222223e-07,1.5677083961261686,-0.16714061999999996,-0.02512369060895133,6.632695481708636,0.10247524666666685,-0.014714300436393825,4.031173672091658,0.8810030108778609,0.0031172363403324226,50,599,0,0,0,0
0.000160800000000072,-6.005631999998593e-09,10.873895405314027,-0.8400000000000003,-4.143999999999998,8.624122013063339,0.005957446666666699,-0.0037400927866018258,0.008138087804070462,-0.0009576000000000064,-2.9097605755999997e-05,0.5108764697644914,0.0681037433333333,-0.010045528427599058,1.8435915366241657,0.00039957666666666676,-3.5658533652222224e-07,4.3739970451115315,0.08956334333333338,-0.015679165120662655,4.292194497016734,-0.1274912566666665,-0.0019939633190471876,3.0966808105503203,0.8758073969570895,0.005375160093354046,50,600,0,0,0,0
0.0001609533333332136,-6.013153822220868e-09,10.750740712908714,0.3266666666666671,-4.255688888888889,11.627498653617387,0.0059574399999999805,-0.003253354835069361,0.016293013323347077,0.01114001333333334,0.0006005726525511112,1.892715925298198,0.1327581266666666,0.0004893951226168439,2.8309580350286674,0.00106826,2.290515840133333e-06,3.8074906930397887,0.07589857666666666,-0.013801766758914922,5.227227385358597,-0.05671205333333329,-0.007068119837533159,2.4342692204137175,0.9361178919849048,0.0007809192431510392,50,601,0,0,0,0
0.0001614133333336376,-6.059576888887431e-09,10.629132172470355,1.4933333333333336,-4.071822222222222,6.2291004572893725,0.005957453333333362,-0.002766623550202227,0.011859276039690137,-0.005314966666666667,-0.00015592341687755554,5.325463945378033,0.09542896000000012,-0.007665771224855476,2.002942154345585,-0.0003845766666666665,-7.842078109222224e-07,5.514907353044468,0.10296560666666665,-0.006207764207059157,3.7771545297093767,-0.001869906666666532,-0.008090543973947557,2.0306981766189187,0.981164223215771,-0.00038674905462729323,50,602,0,0,0,0
0.00016108000000014666,-6.089249599997484e-09,10.509012164509295,2.66,-3.5923999999999996,10.873895405314027,0.005957443333333257,-0.0022798840128563924,0.019261064424220296,-0.0026908866666666593,-0.00014563898196875557,1.67055934982407,0.08709815666666659,0.005381161734668682,1.6997338707908867,2.761333333333349e-05,-8.04036504088889e-07,2.193369822199708,0.05568955666666664,-0.0012746680076786577,1.7555706311148054,-0.014210520000000004,-0.005248393910493868,2.8544465655672733,0.9293515655276957,-0.002030547710993815,50,603,0,0,0,0
0.001504093333333567,2.356751335110966e-06,10.390330475245275,0.5600000000000005,5.5104,8.336697790323083,0.005957456666666638,-0.0017931497095504123,0.013824927203329495,-0.002074343333333336,-0.00010370607745585554,1.6084606412014137,-0.07174701333333328,-0.015721530190551024,4.45007076992828,-2.6710000000000102e-05,-5.667686844333333e-07,0.5466320410102496,-0.052124063333333415,-0.011787503979862925,4.086591650052818,0.09424258333333335,-0.00966005568691639,6.332154437965996,0.8767934274034471,0.0027499065382177363,50,604,0,0,0,0
0.002990200000000165,-7.019561999999813e-07,10.273043783690419,-2.846666666666667,-3.2103555555555556,11.153804064712933,0.005957446666666644,-0.0013064119594402152,0.008138087804070462,0.00384934666666667,-6.308794414462225e-05,4.06938564108837,0.00796104000000003,-0.0052128311605767995,1.708191216885593,0.0002455599999999997,-2.034348605333334e-07,1.7893251811832875,0.10262214999999991,0.009570326478621157,3.9165821827043126,-0.029973603333333543,0.010203276530068011,1.5350561850619684,0.9297649356869684,-2.1566935799940288e-05,50,605,0,0,0,0
0.0024816399999998406,-1.8652369567999843e-06,10.157115286519314,-1.6800000000000002,-3.8304,11.11138625762391,0.005957440000000036,-0.0008196767313125297,0.016293013323347077,0.013627306666666665,0.001059427063064711,2.2051911048669592,0.11818308000000005,0.009701407055437324,2.4876260977246374,0.0009062800000000002,4.765414865333332e-06,3.594332691429129,0.11421104333333332,0.015328221940457742,0.8633073357946034,-0.012710483333333356,0.011233930198736275,1.3084421351367923,0.923043268850015,0.0007709472663187586,50,606,0,0,0,0
0.00197247333333328,-2.46390982848886e-06,10.042514455825009,-0.5133333333333332,-4.154888888888888,11.095806734747933,0.005957433333333262,-0.00033294202516823135,0.011859276039690137,0.005853620000000004,0.0019003363537526663,0.5716000243659785,0.09929233999999992,0.004767143853944132,2.556016652959416,0.00040651666666666674,7.746041870944446e-06,2.139156683366014,0.05503883333333326,-0.004956772424845556,1.6279717794108906,0.046790943333333224,-0.00334231053772506,1.7444358333945056,0.9171935232592486,-0.0002411820131601046,50,607,0,0,0,0
0.0014633600000000246,-2.4976830783999597e-06,9.929216931765719,0.6533333333333329,-4.183822222222221,11.106531803743994,0.005957446666666755,0.0001537958185603011,0.019261064424220296,0.005597906666666673,-5.399523279128878e-05,1.4881506782426897,0.06409843666666676,-0.0016242506999149184,0.3178235944077838,0.00045280000000000016,-1.7829190533333353e-07,0.8797069984566965,0.0976186933333335,0.0010092236734159134,1.7604767621280484,-0.10568573999999997,0.032363007829668396,2.810181247676493,0.9119354224422596,0.0004597343446231563,50,608,0,0,0,0
0.0009549999999999281,-1.967000839999957e-06,12.809960305588358,1.8199999999999998,-3.9172000000000007,8.34441756178247,0.0059574399999999805,0.0006405294126463901,0.013824927203329495,-0.001456176666666656,-0.000549246442144389,0.28108979254771516,0.0632097966666667,-0.00820995961813786,3.006946059047582,6.188000000000027e-05,-2.3401117645333323e-06,0.8981233640450845,0.06793801999999993,-0.006456623764155598,1.535942478804697,-0.12124266000000006,0.011665958430493995,2.053334020422617,0.9150060958910075,-0.0017076129550187033,50,609,0,0,0,0
0.00044625333333314643,-8.717026552888662e-07,9.70646559499729,2.9866666666666664,-3.355022222222223,10.873895405314027,0.005957453333333307,0.001127270263466304,0.008138087804070462,-0.008635389999999996,-0.0007428535823092334,2.5829993672718956,-0.06793169333333343,-0.017293646506210764,3.125203686016408,-0.0005362299999999997,-3.3253286251e-06,3.9460453544665777,-0.07364234666666664,-0.016543131355387562,2.8083234195811473,0.09228361666666662,-0.022170744240092386,1.4782974584155995,0.8719174261011308,-0.009349500974451488,50,610,0,0,0,0
0.0001609733333333141,-6.259683022221543e-09,9.596995100834572,-1.4,3.864000000000002,9.010114692814096,0.005957446666666533,0.0016140027454941974,0.016293013323347077,-0.010670613333333332,-0.0007502663247856889,5.004146091580135,-0.18481105333333336,-0.022110113948565963,6.518606757230514,-0.0007592733333333329,-3.2874005759555554e-06,5.12730255575151,-0.24342385666666674,-0.01845824431470252,8.003021203284229,0.1631594833333334,-0.027285209945429056,8.197904197796227,0.923598071935033,-0.0026002702120199875,50,611,0,0,0,0
0.00016072000000000308,-6.270915199997937e-09,9.488795608532888,-2.5200000000000005,-3.5392,11.095701503097896,0.0059574400000000916,0.002100734705538662,0.011859276039690137,-0.009389780000000004,-0.0007534743007094666,2.8148857286274707,-0.10261088666666668,-0.01386731813399596,3.771071392197788,-0.0006459899999999997,-3.2897163791000005e-06,4.960578412430772,-0.05418427333333331,-0.007942220555977552,4.293842687897136,0.03227489666666661,-0.020759086525825848,3.755976353716896,0.9395781052902489,0.0005801976434662144,50,612,0,0,0,0
0.00016135333333311408,-6.276215155555935e-09,9.381878111860246,-1.3533333333333335,-4.076488888888889,11.57808087787559,0.005957453333333307,0.0025874779733817826,0.019261064424220296,-0.00654683,-0.0005336932544048333,1.898520242253692,-0.0441708566666667,-0.01655250599492746,2.7931100153266533,-0.00042504666666666685,-2.3749215887555554e-06,3.8489443383137516,0.05933976666666668,-0.002036933559684217,2.504309807788154,-0.03234354999999989,-0.0160103497074735,2.246243874447147,0.8898720879642871,-0.00572105674989536,50,613,0,0,0,0
0.00016125333333349978,-6.327715555553836e-09,9.276263541507648,-0.18666666666666654,-4.3182222222222215,11.772397771504203,0.005957443333333368,0.003074208523495617,0.013824927203329495,0.0003842966666666621,-0.00012571731437785555,1.2660618768869523,0.013786589999999987,-0.006609587227962163,1.685503276318306,-4.188333333333331e-05,-6.315155017222221e-07,1.3477440743472133,0.11867255666666665,0.003383670073393203,1.362465314165682,-0.1580599966666667,0.004338823901158546,4.954226848674992,0.8436895787002794,-0.0036501330451894206,50,614,0,0,1,0
0.0001609200000003419,-6.342638400001922e-09,9.171984940447999,0.98,-4.2644,11.095701503097896,0.005957456666666694,0.003560954809777625,0.008138087804070462,0.009744246666666661,0.0002159921464971111,3.2265855306417963,0.08957804666666669,0.007344761020985108,0.7448977947898168,0.0006445199999999998,1.1480245186666667e-06,3.5681895154135383,0.08611848999999999,-0.0028231660644340364,1.5937210914424174,-0.16159651000000008,0.01263986730841343,2.9566757517377553,0.8001461130888616,-0.0028424757126566816,50,615,0,1,0,1
0.00016069333333323943,-6.357838222223483e-09,9.069090718046967,2.1466666666666665,-3.915022222222222,8.742290650228757,0.005957446666666644,0.004047683572655766,0.016293013323347077,0.004394516666666667,4.738903471094446e-05,2.7016548007172574,0.05880734333333326,-0.002927788972487591,1.9441945735257766,0.00040178333333333377,1.539647842777777e-07,1.9755038794616335,0.0031382699999999986,-0.0169565146914471,3.923162631959464,-0.07900299333333327,-0.016667656030694353,4.3878635501891825,0.8138555796562216,0.0003800703765754917,50,616,0,0,0,0
0.0001614866666662662,-6.3715111555564795e-09,8.967649650163738,3.3133333333333335,-3.2700888888888895,10.873895405314027,0.0059574399999999805,0.004534412809295452,0.011859276039690139,0.004975736666666657,0.00011782347999147776,1.837102592000258,-0.03484483999999999,-0.008227372433551473,3.865216806286753,0.00011943999999999995,1.7714626399999997e-07,2.6473847521343323,-0.1183367666666667,-0.026659829172594893,6.409367225621735,0.11863017333333314,-0.02482893231621956,4.078897395153725,0.8657057629726992,-0.001358791634191839,50,617,0,0,0,0
0.0001629600000001563,-6.3397375999984175e-09,12.149290417523787,-3.3200000000000003,-3.232,12.898294929050998,-0.03489360666666663,0.0033523405910365622,0.019261064424220296,-0.0013487766666666692,-8.362761275212223e-05,0.2757232943381097,-0.0857130966666666,-0.0020605260397494503,3.7197349540248466,-0.0004123633333333334,-3.671320787888889e-07,3.5501520860628593,-0.19421897666666665,-0.02296453638990492,8.98363460951246,0.16574277333333332,-0.02104218352693289,5.545623633891308,0.932259075216686,9.383438534349814e-05,50,618,0,0,0,0
0.00016233333333315336,-6.281408888888156e-09,11.426621772256846,-2.16,-3.868800000000001,9.045093713652776,-0.028085106666666693,0.0006057661591655217,0.015581077621694908,-0.004035960000000002,-0.0001248256435146667,1.7523567902065578,0.025357186666666642,0.006585982376080449,0.39760069209375354,-0.000580826666666667,-4.6639080328888904e-07,3.937059478512557,-0.010005203333333379,-0.01580736631318879,2.660251643147367,0.04621628999999983,-0.024909305254100168,5.08818545376556,0.8610493546686286,0.0005683758379227464,50,619,0,0,0,0
0.00016196000000001654,-6.221126399998187e-09,11.306875227809128,-1.0,-4.24,8.909880378198732,-0.021276603333333366,-0.0015150062405914488,0.019261064424220296,-0.00772545333333334,-0.00012034579622168891,4.982704248496065,-0.052292520000000065,-0.010805018956550404,2.761163298852196,-0.0004948299999999997,-5.647337280333333e-07,5.173094607374357,0.015468740000000092,-0.014143630019270534,2.932181186324028,0.02706132333333333,-0.019468017425098117,1.795695294402142,0.9033797086856229,-0.0030988474235951577,50,620,0,0,1,1
0.00016236000000002804,-6.1781391999989475e-09,11.190550001874938,0.16000000000000014,-4.3456,12.243753275950137,-0.01446808000000005,-0.003009992594053046,0.013824927203329495,-0.006164873333333334,-0.00011743767441595553,1.7879534332950442,-0.03337639666666681,-0.007607187454533187,2.9329918678552973,-0.00045921000000000004,-5.479116994999999e-07,2.6242895816256935,0.0639504133333334,-0.002456950934998755,2.7361221639999185,0.015304033333333189,-0.012224141062541551,1.3716492499910817,0.8100410900686605,0.0027845847251180876,50,621,0,0,0,0
0.00016173333333335815,-6.1384888888864674e-09,11.078109735036216,1.3200000000000003,-4.185599999999999,6.639983542403655,-0.007659576666666612,-0.003879157389164653,0.019238238576939,0.009877153333333333,0.0010870785674187108,1.6545989729025807,0.05569473666666669,0.00688828778943721,1.8077533267111594,0.0006832399999999999,4.988096603199998e-06,0.9476256338663891,0.10345583333333336,0.007607830667447775,0.6970092893897935,-0.02242258999999991,0.0023854945659113006,0.47632123176521135,0.8024584641281711,0.002166029576038099,50,622,0,0,0,1
0.00016110666666624418,-6.065481422223812e-09,10.970672245686426,2.4800000000000004,-3.7600000000000002,10.873895405314027,-0.0008510533333334069,-0.00412253201883131,0.013605272596496812,-0.0006303433333333282,-0.0002587088792731888,1.5608555216726123,0.04584054333333343,0.011186775879996409,1.5828407687752417,-0.00032181333333333403,-1.0227148291555556e-06,1.9813310128569173,0.011884266666666643,-0.002838582870887554,1.4390847353938598,0.026578946666666714,-0.006683394652740355,1.6603588190645397,0.8572772012452294,0.001440015054514726,50,623,0,0,0,0
0.00016091999999956474,-5.992777600000212e-09,10.873895405314027,1.6800000000000002,3.9871999999999996,8.402315915279468,0.005957446666666699,-0.0037400927866018258,0.008138087804070462,-0.0020742533333333243,-0.00014964271478702218,1.6600509183214323,-0.12328928000000006,-0.012733132260291732,6.386754976165538,-5.461333333333339e-05,-8.901768656888887e-07,1.4658129126014343,-0.13330049666666666,-0.014419887910354121,6.42724641718536,0.06756733666666692,-0.005948365386522391,2.9827127901004435,0.8432049022796417,0.007574110659659731,50,624,0,0,0,0
0.00016142666666651984,-6.036619555559955e-09,10.750740712908714,-3.033333333333333,-3.090888888888889,11.627498653617387,0.0059574399999999805,-0.003253354835069361,0.016293013323347077,-0.00012068000000000148,-0.00022152174944079997,0.26177923480157267,-0.08468422333333331,-0.01858817583741532,3.909627621887794,-0.00022212999999999985,-9.256661020333332e-07,1.7140019217831204,-0.1446962466666667,-0.011425519793103689,5.878063228138601,0.09573096000000003,-0.003971041407335201,2.4749798739687567,0.9116700992389474,0.0005224792827548881,50,625,0,0,0,0
0.00016109333333325093,-6.067521422223703e-09,10.629132172470355,-1.8666666666666667,-3.7582222222222215,11.457516202387595,0.005957453333333362,-0.002766623550202227,0.011859276039690137,-0.0020696066666666714,-0.00023487502625488892,0.6705041625267635,0.03820294666666674,-0.006311465475116625,1.637968703418861,-0.00011331000000000015,-1.0926060039e-06,3.710692150544093,0.05263602666666667,-0.007678283832419025,2.691988007731169,-0.021434140000000212,-0.004664483999035601,2.7790343274434113,0.7914150513462692,0.00035887148572599797,50,626,0,1,0,0
0.0001607799999999715,-6.072587600003155e-09,10.509012164509295,-0.6999999999999997,-4.13,8.54509097073445,0.005957443333333257,-0.0022798840128563924,0.019261064424220296,0.00044618666666667445,-0.00023290565394248883,0.5153490051104719,0.05089513333333329,-0.005508416938128889,0.5359357794711926,0.00029620666666666656,-1.1109413580888888e-06,4.784188803226132,0.1310875233333333,-0.0015499243401115893,3.009205279077715,-0.16973973333333336,0.009339721355745775,2.048833094153199,0.7306358766618972,0.002816826388589423,50,627,0,0,0,0
0.00016105333333327199,-6.075709155553007e-09,10.390330475245275,0.46666666666666723,-4.206222222222222,11.224210116342825,0.005957456666666638,-0.0017931497095504123,0.013824927203329495,0.026046066666666652,0.0011909479246471112,6.181483033062242,0.12037048333333328,0.006226488363444277,1.568656671371464,0.00196356,5.773255483200002e-06,5.007110133346431,0.20533301333333337,0.01631032467655485,2.6696967462886896,-0.31486553,0.04492779902223823,2.9359788710239707,0.8874709627230262,-0.0014551820511614407,50,628,0,0,0,1
0.00016137333333343662,-6.127883555555481e-09,10.273043783690419,1.6333333333333337,-3.9868888888888883,8.643666598132045,0.005957446666666644,-0.0013064119594402152,0.008138087804070462,0.11302949,0.060675743904910366,5.0932129849799095,0.17266884000000005,0.013208336179780792,1.7436727838999948,0.007577486666666666,0.00025793078024671117,4.075900991288723,0.19613324999999993,0.021721142789022495,1.775495449953539,-0.13832013666666665,0.027752803225426143,2.419167241436831,0.8560277420777054,-0.0014216488388601818,50,629,0,0,0,0
0.00016103999999994567,-6.153868799998261e-09,10.157115286519314,2.7999999999999994,-3.471999999999999,10.873895405314027,0.005957440000000036,-0.0008196767313125297,0.016293013323347077,-0.020984676666666674,-0.012236504224933857,0.3803225026796895,0.0047818333333333185,0.002623260883554447,0.44533195791383806,-0.001691426666666667,-5.272463521208889e-05,2.9944370928573094,-0.09254358666666657,-0.03080808155305316,2.598311634854588,0.11413599333333324,-0.043885006819695954,5.272569325375697,0.820723957627637,-0.007136706052154835,50,630,0,0,0,0
0.0019449133333334645,2.564028326177708e-06,10.042514455825009,-0.2799999999999998,5.476800000000001,8.494560462508344,0.005957433333333262,-0.00033294202516823135,0.011859276039690137,-0.026916319999999994,-0.012222038683703732,5.5025222711555495,-0.18473916333333334,-0.02204815746203253,8.206169594585525,-0.0018136633333333335,-5.284155138745556e-05,3.9905906760917818,-0.2176169566666666,-0.036466745056218657,8.905694610011764,0.18712436999999993,-0.0436582564925031,8.01870868757806,0.8828617817763891,0.0027417416148876675,50,631,0,0,0,0
0.00304922666666696,-9.449532899555364e-07,9.929216931765719,-2.7066666666666666,-3.3326222222222226,11.106531803743994,0.005957446666666755,0.0001537958185603011,0.019261064424220296,-0.02309108,-0.012232701007842399,1.3879644678087206,-0.07442930000000009,-0.009795437253521996,2.900683117891975,-0.0014331833333333336,-5.2543077057055555e-05,4.130683802903492,-0.08133785666666671,-0.017164703129313598,1.7259078201832216,0.0750365300000001,-0.02425903363466163,2.0975443066560167,0.9197318359561302,0.0009254500287391153,50,632,0,0,0,0
0.0025180599999999886,-2.1334246755999827e-06,12.809960305588358,-1.5399999999999996,-3.917199999999999,11.14359165376915,0.0059574399999999805,0.0006405294126463901,0.013824927203329495,-0.018696679999999993,-0.012181967780757332,2.722294244109113,0.04874989666666657,-0.009834937459864256,1.8898511409888141,-0.0010175100000000001,-5.2270380149233326e-05,2.9171265263772566,0.06717240333333341,-0.016509940156808126,1.6115745570655786,-0.06426176666666661,-0.010159091826205564,0.5290557452466749,0.8652893242605643,-0.004315073895892841,50,633,0,0,0,1
0.0019875733333332146,-2.7089882659555217e-06,9.70646559499729,-0.3733333333333335,-4.206222222222222,11.207588655548218,0.005957453333333307,0.001127270263466304,0.008138087804070462,-0.019516173333333338,-0.012149929957377155,1.40730221464781,0.06445002999999999,-0.006873963601979637,0.4395662664140169,-0.0011889199999999996,-5.225731244506667e-05,1.958074381184471,0.06138101666666662,-0.024318539740678383,1.7503968732570425,-0.06988596000000002,-0.02955224594926347,3.195461793123842,0.8146863528894464,0.0020987796437339423,50,634,0,0,0,0
0.0014566866666666511,-2.672322269022196e-06,9.596995100834572,0.793333333333333,-4.199688888888889,11.299771632932728,0.005957446666666533,0.0016140027454941974,0.016293013323347077,-0.014181960000000007,-0.011673156604132,2.816935447925902,0.05719481000000004,-0.014864693869989235,2.9440866876289045,-0.0012196700000000004,-5.121479363883334e-05,0.21594908920459852,0.0011643800000001314,-0.027483531189118265,4.214476720066183,-0.06583622666666678,-0.00603106696047475,1.1250550632560234,0.8538819113208944,0.002954973656727763,50,635,0,0,0,0
0.000925520000000124,-2.023236067199977e-06,9.488795608532888,1.96,-3.8976,8.35164764467192,0.0059574400000000916,0.002100734705538662,0.011859276039690137,-0.005174073333333334,-0.00010835154452822224,3.1180605587275285,-0.001972660000000015,-0.01709339884284334,3.196958137498682,-0.0003466066666666669,-2.844244980888889e-07,3.113908348774551,0.011595006666666685,-0.014754487854570888,2.8275173759628194,0.01349121666666675,-0.023977556249859054,6.3427447862283035,0.8875783693326105,-0.0013947199558222239,50,636,0,0,0,1
0.0003943533333331528,-7.61261436488874e-07,9.381878111860246,3.1266666666666665,-3.2999555555555555,10.873895405314027,0.005957453333333307,0.0025874779733817826,0.019261064424220296,-0.005200646666666666,-0.00010705116607675557,2.974901106707601,-0.12429489666666671,-0.02100617515399185,6.221640230236257,-0.0005672933333333331,-3.324712606222224e-07,4.30459543393164,-0.12898754,-0.021285574282687597,5.043667080189253,0.09806714333333333,-0.025375220169855724,7.633751793456667,0.7763597122206375,-0.0062771480763273635,50,637,0,0,0,0
0.00016138666666631885,-6.299682488891054e-09,9.276263541507648,-2.24,1.4784000000000024,9.709277872157497,0.005957443333333368,0.003074208523495617,0.013824927203329495,-0.007318763333333332,-9.929808867132223e-05,6.708880738031127,-0.19575775999999995,-0.020185604790193063,7.779892838163617,-0.0009350533333333335,-5.220092403555555e-07,9.509036455401,-0.2074840666666667,-0.019099975877928888,9.347541507156649,0.14806282333333332,-0.023104109997883322,7.959128333299952,0.8292820818627595,-0.00325768804273487,50,638,0,1,0,0
0.0001612399999998404,-6.349448000001914e-09,9.171984940447999,-2.38,-3.726800000000001,11.095701503097896,0.005957456666666694,0.003560954809777625,0.008138087804070462,-0.006369339999999998,-0.0001141273595068,5.630110589853133,-0.04253939666666667,-0.011631334440059322,5.01045207747449,-0.0007522933333333334,-5.396719302222222e-07,5.1262534740443595,-0.1685205933333333,-0.02133083268669462,7.678590457769812,0.13431882999999978,-0.022993741854695767,6.924030618468055,0.9511289681143552,0.000290254481073679,50,639,0,0,0,0
0.00016090666666668252,-6.363141688892492e-09,9.069090718046967,-1.2133333333333338,-4.228622222222223,11.095701503097896,0.005957446666666644,0.004047683572655766,0.016293013323347077,-0.0028322533333333365,-0.00010026956544248892,4.124990646763931,0.02624762666666658,-0.010411346313891557,2.5396383566384344,9.393333333333493e-06,-2.1731403382222224e-07,3.229628928577914,0.08667270666666671,0.003319626615084975,0.48444746622985646,-0.07421348000000005,-0.002380976111705865,2.8520919070252475,0.7813181714686356,-0.0011354066280106704,50,640,0,0,0,0
0.0001606866666666873,-6.37945142222361e-09,8.967649650163738,-0.046666666666666856,-4.434888888888889,12.722255141242321,0.0059574399999999805,0.004534412809295452,0.011859276039690139,0.0015595999999999978,-7.018130872533331e-05,0.7861921802407966,0.06950613999999994,-0.0021330519553366643,0.6410837829113045,0.0005262166666666667,-1.883043105555556e-08,2.855597266433356,0.2066035833333334,0.017063675094503614,2.993991007879743,-0.1608376566666666,0.011197089916142412,3.8777546265588514,0.7676974985850002,-0.0009640337307519751,50,641,0,0,0,0
0.0001632800000000989,-6.321587200000544e-09,12.149290417523787,1.1600000000000001,-4.307199999999999,7.526191561261049,-0.03489360666666663,0.0033523405910365622,0.019261064424220296,0.004954606666666663,3.7133710947511106e-05,2.184435534125573,0.10118965666666674,0.005412050958085345,0.5212319922610551,0.00307016,5.949786338266667e-05,2.9729420941555857,0.2692516066666667,0.02792153568996724,5.209480366099546,-0.24525434000000013,0.05068176277603986,2.0769372973504967,0.8468204731440936,4.014836057436862e-05,50,642,0,0,0,0
0.00016265333333309595,-6.292945955554186e-09,11.426621772256846,2.3200000000000003,-3.8688000000000002,10.873895405314027,-0.028085106666666693,0.0006057661591655217,0.015581077621694908,0.004169733333333342,-6.0306221902222205e-06,1.9405325646507614,0.12087625000000002,0.010004514129099168,1.771885510974604,0.00011417000000000003,-1.11229279523e-05,0.9177242705492141,0.11086230666666669,-0.022261545222745954,6.351062470629477,-0.0704576366666666,-0.023537442139474646,5.585519115424635,0.8453619287726787,-0.003438693657956715,50,643,0,0,0,0
0.0001620266666665371,-6.2309475555546555e-09,11.306875227809128,2.64,0.5311999999999992,8.688074280414863,-0.021276603333333366,-0.0015150062405914488,0.019261064424220296,0.0003498666666666671,-2.009590356088889e-05,1.591591104021978,-0.06606313666666669,-0.012492152239185718,3.693074546413855,-0.00050248,-1.1271090152e-05,4.113791683530385,-0.13015449333333323,-0.044319187333273155,6.282896311482242,0.15158329000000015,-0.032156291149832296,5.467316864541683,0.8012023351072974,-0.003537140898367514,50,644,0,0,0,0
0.0001617000000001534,-6.167049999998289e-09,11.190550001874938,-3.2,-3.1360000000000006,12.243753275950137,-0.01446808000000005,-0.003009992594053046,0.013824927203329495,-0.0022936766666666643,-1.3358533269455558e-05,1.9870475413182327,-0.15949573333333333,-0.016259591964462222,7.931027266494447,-0.0009670333333333331,-1.1308956860222224e-05,3.791063632588717,-0.21159844666666666,-0.04011323709824423,6.734903263919762,0.14259501000000008,-0.033697731007751364,5.232316954308841,0.8458909835572571,0.0033629862330093966,50,645,0,0,0,0
0.00016205333333330074,-6.1256291555544415e-09,11.078109735036216,-2.04,-3.782400000000001,8.731584776801402,-0.007659576666666612,-0.003879157389164653,0.019238238576939,-0.0011992266666666675,-1.1587700885688889e-05,0.6168349770039573,0.02584800333333337,-0.005284533850779458,1.593712635721545,-0.0004039233333333332,-1.1144660765455556e-05,1.3343656211148949,-0.02757803999999997,-0.03195288946357093,5.187555001800774,0.03274698000000009,-0.030609985861624937,4.818029558423733,0.8612662362687437,0.0012556132047794489,50,646,0,0,0,0
0.0001614266666668529,-6.0823091555530475e-09,10.970672245686426,-0.8799999999999999,-4.163199999999999,8.670920294271173,-0.0008510533333334069,-0.00412253201883131,0.013605272596496812,-0.0010674333333333362,-2.264876013488889e-05,4.10254421830792,0.036329029999999984,-0.009504317733652297,1.4941771330251856,-0.0004162666666666665,-1.1170372059555558e-05,3.8570358607610453,0.010661210000000088,-0.027405813472004027,4.0883282147759115,-0.002266023333333478,-0.029585213007508923,4.276380489072239,0.8194462867347743,0.004179515047255548,50,647,0,0,0,0
0.000160800000000072,-6.005632000001881e-09,10.873895405314027,0.28000000000000025,-4.2784,11.84074468629195,0.005957446666666699,-0.0037400927866018258,0.008138087804070462,0.0005353433333333234,-1.5328931251588887e-05,3.204473525293892,0.04045671000000001,-0.006071527153088573,1.629261196195002,-0.00024333666666666678,-1.1156361740255558e-05,2.808469395783676,0.02851808333333339,-0.021748219664843055,2.658031953157443,0.018899059999999968,-0.01908655335069587,1.5100509269225393,0.8749792214083314,-0.0013238651529046328,50,648,0,0,0,0
0.00016095333333332462,-6.013153822224511e-09,10.750740712908714,1.4466666666666668,-4.106355555555554,6.315680914758144,0.0059574399999999805,-0.003253354835069361,0.016293013323347077,-0.002152853333333333,-8.351849760888925e-07,1.440569362825712,0.042564633333333324,-0.006387490868072228,1.6517409404506926,0.0001932100000000003,-1.7352319296666658e-07,2.7124552613537123,0.08150264333333335,-0.005832718699324521,1.4841498780735711,-0.08123243000000002,0.0052837966127941005,1.6479639247044022,0.8277912470600919,0.0030180784530370397,50,649,0,0,0,0
0.00016141333333319352,-6.059576888889442e-09,10.629132172470355,2.6133333333333337,-3.6387555555555555,10.873895405314027,0.005957453333333362,-0.002766623550202227,0.011859276039690137,0.0016563399999999992,1.9865001287333342e-05,1.7761420589129078,0.05133049333333328,0.00879748858000124,0.26467632570286276,0.0005022733333333333,-5.8119184488888887e-08,4.283836635584992,0.05943291666666661,0.006498825295606945,0.2322582204031506,-0.1637646399999999,0.018688860660656,1.8625780260229392,0.8319777659574068,0.0005046345700076495,50,650,0,0,0,1
0.00016108000000003564,-6.089249599997857e-09,10.509012164509295,0.8399999999999999,5.297599999999997,8.323284872950579,0.005957443333333257,-0.0022798840128563924,0.019261064424220296,-4.4103333333336825e-05,3.3620652626777788e-06,0.3257046936868558,-0.0605638799999999,-0.002349256399121598,3.817259120160804,5.840000000000012e-06,-3.427651600000003e-08,0.32060533295165455,-0.11202140333333338,-0.013372443856735989,6.3765040035269545,0.03890645666666659,-0.013198720337160257,2.691894652889256,0.820234088209064,0.001784111222617317,50,651,0,0,0,0
0.00016077333333341937,-6.094812088890148e-09,10.390330475245275,-2.893333333333333,-3.1758222222222225,11.224210116342825,0.005957456666666638,-0.0017931497095504123,0.013824927203329495,0.004564686666666668,3.472584869124444e-05,2.1396306462987313,0.00596941333333334,-0.0001648372682560885,1.3305025354725672,0.0004026166666666669,1.3353764227777777e-07,0.5747073110250447,0.0006791999999999909,-0.0012434758211173295,0.3470191202071096,-0.004842136666666441,-0.0008862845216918575,0.31328737441298243,0.8475903053675273,0.0018366013024734955,50,652,0,0,0,0
0.00016108666666680982,-6.097036488885944e-09,10.273043783690419,-1.726666666666667,-3.8076888888888893,11.153804064712933,0.005957446666666644,-0.0013064119594402152,0.008138087804070462,0.00983980333333333,0.0002532418848320112,2.70107888425004,0.12362639999999997,0.015336479289150655,2.8581501600097776,0.0007375166666666671,1.339601125611111e-06,0.2909922858669643,0.033578479999999966,8.92570340959957e-05,0.19150415617388145,-0.091924,-0.0022633781918200008,2.9049297815619592,0.82130601223382,-0.00022939243807259516,50,653,0,0,0,0
0.00016135999999999928,-6.150464000001404e-09,10.157115286519314,-0.56,-4.144,8.643771804833492,0.005957440000000036,-0.0008196767313125297,0.016293013323347077,-0.0018129033333333343,-7.669413510305555e-05,4.017103639863102,0.0029564666666666017,-0.010430196287920888,1.4088486116828538,2.8363333333333374e-05,-4.997990434555555e-07,1.6554272862132713,0.00885899666666673,-0.007358358952803722,1.8589800978601225,-0.11977052999999993,-0.006495547182439099,4.023048915039189,0.8343113599938751,0.005067350271412642,50,654,0,0,0,0
0.0001610266666668414,-6.175220088890057e-09,10.042514455825009,0.6066666666666665,-4.1847555555555545,11.095806734747933,0.005957433333333262,-0.00033294202516823135,0.011859276039690137,-0.0016154500000000044,-7.810503878016667e-05,2.834272804034428,-0.01420812666666671,-0.01277183893228502,2.7473321847025707,7.835666666666666e-05,-5.210423989222222e-07,4.872604409251497,0.00821852666666667,-0.006046209695971954,1.53003389925678,-0.1485964266666665,-0.009137460707965688,4.274098664971327,0.8192223549598316,0.0029776347242279877,50,655,0,0,0,0
0.0001607466666666557,-6.183239822225163e-09,9.929216931765719,1.773333333333333,-3.929955555555555,8.385673563550386,0.005957446666666755,0.0001537958185603011,0.019261064424220296,0.0011902366666666706,-6.477073965318891e-05,3.0887067841392075,-0.004703446666666666,-0.01276903596569142,2.523008094729681,0.0002308033333333335,-4.174910965222221e-07,3.2263347562952585,0.02038240333333341,-0.005297063886138256,0.8410610937772224,-0.10512866333333326,-0.004314354234844789,5.433810778675076,0.9077489868410302,0.005539105048080478,50,656,0,0,0,0
0.000161220000000184,-6.184723599997024e-09,12.809960305588358,2.9399999999999995,-3.3796,10.92178555598528,0.0059574399999999805,0.0006405294126463901,0.013824927203329495,0.0012252566666666673,-5.965570276625555e-05,1.9115622325093007,-0.0855513366666667,-0.012844708525842657,3.9674285681562544,0.00023163000000000003,-4.324575825666666e-07,4.0529151141162805,-0.0989496133333333,-0.007340902296115824,3.9075509847550762,-0.08614617000000002,-0.016778354812284298,6.463969324564125,0.8725547828792644,0.002593865564621551,50,657,0,1,0,0
0.00016130666666647198,-6.239843555555843e-09,9.70646559499729,-1.12,4.435199999999998,8.843867397464514,0.005957453333333307,0.001127270263466304,0.008138087804070462,-0.0017480466666666625,-6.235066399782223e-05,1.6991327754342818,-0.1614374366666666,-0.01285205874982132,7.9127501735259145,-6.320333333333312e-05,-3.751380483888889e-07,2.7308460780702735,-0.21121097333333344,-0.010862652235681424,9.33179833063663,0.03663748666666666,-0.012380184317859958,3.8926164554818588,0.8244020684892489,0.0017615285705902606,50,658,0,0,0,0
0.00016097333333309205,-6.259683022220113e-09,9.596995100834572,-2.5666666666666673,-3.482888888888888,11.095701503097896,0.005957446666666533,0.0016140027454941974,0.016293013323347077,0.008524790000000004,8.351494891699983e-06,5.26176979495332,-0.011286356666666664,-0.001752110822481192,0.4465048144260091,0.0006975433333333333,8.483128574444429e-08,4.683992000694534,-0.018576783333333347,-0.002266846075582387,2.6739521100528294,-0.18298974333333323,0.007564391312864013,2.730963829573099,0.888789533734737,-0.003003331379356168,50,659,0,0,0,0
0.00016071999999989206,-6.270915199998141e-09,9.488795608532888,-1.4000000000000004,-4.032,11.42220235265313,0.0059574400000000916,0.002100734705538662,0.011859276039690137,0.007669519999999999,2.4738165658133315e-05,5.303337025090453,0.08668155,0.00252740921720317,3.1282874529104765,0.0005846466666666662,1.1126220991111112e-07,5.243872181515591,0.061212723333333385,-0.004828163142968394,2.611861663472746,-0.14134791666666663,-0.00047276668616972294,2.3956802520471006,0.8418682195125271,-0.0006930491816808716,50,660,0,0,0,0
0.002603753333333181,1.5290164248443775e-06,9.381878111860246,-0.2333333333333334,-4.285555555555555,11.57808087787559,0.005957453333333307,0.0025874779733817826,0.019261064424220296,0.00043238000000000304,-3.964044237026667e-05,4.3238691577931885,0.037547383333333295,-0.00615712974746639,1.7352021427577329,4.5263333333333405e-05,-2.1446676372222222e-07,3.670054354324509,0.08023564000000005,-0.006419365357598397,1.6891619675209273,-0.09245766000000005,0.005402136773106268,0.6212730385320077,0.9440469055284845,0.0015728129272005928,50,661,0,0,0,0
0.0028071866666665723,-1.1845903235555435e-06,9.276263541507648,0.9333333333333331,-4.243555555555555,11.095701503097896,0.005957443333333368,0.003074208523495617,0.013824927203329495,0.003933910000000006,-1.66391683083e-05,4.036189996229441,0.03877898666666668,-0.004957969171312089,0.47647857880264516,0.0003119833333333332,-1.0614115505555557e-07,4.22214484831347,0.060917439999999934,-0.008594636063662401,1.9500131507285439,-0.10474702666666669,-0.0048376870227422215,2.8012409710293418,0.8775784290087841,-0.0021897553852931813,50,662,0,0,0,0
0.0022980200000001227,-2.144572248399999e-06,9.171984940447999,2.1,-3.9060000000000006,8.587113638418442,0.005957456666666694,0.003560954809777625,0.008138087804070462,0.006718316666666675,-8.826139763888979e-07,5.097505397420779,0.03328920333333335,-0.004267548312453587,1.4538349649241034,0.0005076533333333339,-6.358279288888967e-09,4.337206706186814,0.05316843666666665,-0.008189246398442923,1.815391193549026,-0.08160963666666665,-0.005000923019278257,1.3909423921740056,0.8923286883534773,0.0008968425150396667,50,663,0,0,0,0
0.0017889600000000616,-2.539788799999975e-06,9.069090718046967,3.2666666666666666,-3.2728888888888887,10.873895405314027,0.005957446666666644,0.004047683572655766,0.016293013323347077,0.006129983333333332,2.9415181874944455e-05,3.826875423428336,-0.07712436333333333,-0.01122916847734919,4.909291046650891,0.000357443333333333,1.1702553454444444e-07,2.7226328797294688,-0.09499813000000007,-0.013130106654333637,5.344054184584839,0.10849709000000007,-0.016540841251838034,3.8671037580249843,0.8618968510846114,0.0036168450208615586,50,664,0,0,0,0
0.0012809200000000187,-2.3703833615999635e-06,8.967649650163738,-3.08,-1.9152000000000002,10.993511673233654,0.0059574399999999805,0.004534412809295452,0.011859276039690139,-0.007460183333333335,-4.091991501705555e-05,3.8969400777266987,-0.13641870666666667,-0.007843411330839288,6.4150472206643245,-0.0008083499999999993,-6.501455416666662e-08,5.549957781233959,-0.14739174333333332,-0.008485511844161322,6.298325708477633,0.36726459,-0.01304042102407324,9.232961172764698,0.9621561193250356,-0.0005932825451358784,50,665,0,0,0,0
0.0007735599999997289,-1.636397497599946e-06,12.149290417523787,-2.2,-3.904000000000001,9.249382880729407,-0.03489360666666663,0.0033523405910365622,0.019261064424220296,-0.0005113000000000062,-7.483263221999985e-06,0.21262410642333937,0.03286327333333344,0.007620006393096575,0.8329518749475244,-2.5033333333332117e-06,-1.0348358905555559e-07,0.13328650781180956,0.043751083333333385,0.0013351495317436117,0.481173043255791,-0.0006315833333332965,-0.017432136342699727,4.0286654607220385,0.8696137714630257,-0.001060084505166718,50,666,0,0,0,0
0.00026409999999998934,-3.373901139999887e-07,11.426621772256846,-1.04,-4.272,9.045093713652776,-0.028085106666666693,0.0006057661591655217,0.015581077621694908,0.007064293333333332,0.00019941922162577776,0.3655300209215153,0.054594366666666616,0.0009103576086797772,0.5012328233807277,0.0005721800000000003,1.2477459118666667e-06,0.4584971608980294,0.08386420333333328,0.0006939106300229425,1.402492420778787,-0.03242687333333344,-0.011251202077613029,1.5115407295861427,0.8403133565060069,0.0014924670084913024,50,667,0,0,0,0
0.0001619599999997945,-6.221126400002188e-09,11.306875227809128,0.1200000000000001,-4.3744000000000005,12.416117188334756,-0.021276603333333366,-0.0015150062405914488,0.019261064424220296,-0.0032222766666666694,-8.725970940932223e-05,2.8197544336078844,0.06224833000000002,0.0028932352914637013,1.331760117526655,-0.00022779333333333316,-5.719462847555557e-07,1.5387947735369032,0.07405405999999992,-0.0026493218824596015,1.7696101508165807,0.04376315333333319,-0.004997466984989818,1.7388793838907803,0.8219269981487436,0.00011380657773710815,50,668,0,0,0,0
0.00016235999999991702,-6.1781392000013025e-09,11.190550001874938,1.2800000000000002,-4.211199999999999,6.781163672203697,-0.01446808000000005,-0.003009992594053046,0.013824927203329495,-0.0006263066666666733,3.906932166044447e-05,0.29192733996889964,0.005461143333333418,-0.0031700694448037227,2.7911865529534374,-0.0001237100000000004,-9.262101363333327e-08,0.6066289510697734,0.033340219999999976,-0.007453526981545468,1.7602660657272629,0.16331140333333327,-0.015571178226309858,4.928627624675516,0.8904770943648964,-0.001319300191015086,50,669,0,0,0,0
0.00016173333333324713,-6.138488888887176e-09,11.078109735036216,2.4400000000000004,-3.782400000000001,10.873895405314027,-0.007659576666666612,-0.003879157389164653,0.019238238576939,0.0026269933333333273,0.00044803018795817775,1.5492030885126697,-0.15100015666666672,-0.014238760499554522,7.026104188459884,-9.388333333333349e-05,1.4947560102777776e-06,4.137699104931671,-0.17164506999999998,-0.0138739841042999,8.014783767924108,0.3501812466666667,-0.028174864631331425,11.158706786262453,0.8601075911074054,0.0012477361470034194,50,670,0,0,0,0
0.00016110666666646623,-6.065481422222874e-09,10.970672245686426,1.9199999999999995,3.2959999999999985,8.449114196487303,-0.0008510533333334069,-0.00412253201883131,0.013605272596496812,-0.006218676666666666,-0.00017668001602292222,3.0094187928832494,-0.1333169566666666,-0.013923623654460655,5.160944327248745,-0.0005419499999999998,-8.557688774999999e-07,5.022015774103487,-0.14256951333333334,-0.016748883735883957,6.212403272140954,0.22639760333333336,-0.04251478636056465,7.562158199188038,0.9671576583960786,-0.00010641731967331665,50,671,0,0,0,0
0.00016063999999993417,-6.010719999998168e-09,10.873895405314027,-3.08,-3.0688,11.840744686291952,0.005957446666666699,-0.0037400927866018258,0.008138087804070462,-0.010951463333333335,-0.00017449659779412223,8.297090141365647,-0.15353521000000003,-0.018318684040008568,5.367964328683013,-0.001462473333333333,-7.460823191555553e-07,9.798840510322385,-0.13406615666666669,-0.016052752777860925,5.077684788045512,0.21274856666666653,-0.04886588658732289,8.998983131202232,0.8141470887735341,0.0025179505907013382,50,672,0,0,0,0
0.00016079333333329782,-6.0035452888883176e-09,10.750740712908714,-1.9133333333333336,-3.747955555555555,11.627498653617387,0.0059574399999999805,-0.003253354835069361,0.016293013323347077,-0.009809026666666668,-0.00018436894120702217,7.79689016118121,-0.07081474999999998,-0.018189397707350834,2.7254521476840914,-0.0010911333333333336,-9.88006876888889e-07,6.787173421754436,-0.06943383000000003,-0.01611642326962083,3.83423717916909,0.1379781166666667,-0.042088933444809046,5.160412401100143,0.7943500501459184,0.0031810792796288317,50,673,0,0,0,0
0.0001612533333330557,-6.035254755556098e-09,10.629132172470355,-0.7466666666666666,-4.131555555555556,8.551184639174025,0.005957453333333362,-0.002766623550202227,0.011859276039690137,-0.0077366166666666646,-0.00014903981621705554,7.160327427738651,0.0615233733333333,-0.012165027648183554,3.4288627990052802,-0.0002443966666666661,-8.943988122555553e-07,8.10658391670936,0.11822798666666667,-0.009655437607842224,5.503303049088389,-0.05675005000000022,-0.0209156519600015,5.016202585588909,0.7926627058001179,0.0028243727770710892,50,674,0,0,0,0
0.00016093999999988728,-6.0550644000026405e-09,10.509012164509295,0.4200000000000004,-4.2196,11.32449476866467,0.005957443333333257,-0.0022798840128563924,0.019261064424220296,-0.001503536666666666,-8.293194440385556e-05,1.851831927932371,0.10931565999999993,-0.0034575779704891993,2.2304338225244296,-1.7209999999999925e-05,-8.156634497666666e-07,3.66363893852396,0.14475492666666673,-0.0057202483544026225,5.516400844508313,-0.07901311,-0.006798496823842032,1.6622364411023978,0.7970747999367453,0.002933790299567038,50,675,0,0,0,1
0.00016077333333341937,-6.094812088886912e-09,10.390330475245275,1.586666666666667,-4.012088888888888,8.778467792034789,0.005957456666666638,-0.0017931497095504123,0.013824927203329495,-0.005790070000000005,-0.00012265664255869997,6.293203111332587,0.11161163666666679,-0.0017838576624910566,3.2811455490388957,-9.74933333333333e-05,-5.706825966222222e-07,4.10094846592663,0.1351812666666667,-0.005359224642147553,4.212073243278623,-0.11866234333333336,-0.004213194242842654,5.567770740609567,0.7813639447148039,0.0024295661008651094,50,676,0,0,0,0
0.00016108666666658777,-6.097036488887942e-09,10.273043783690419,2.753333333333334,-3.509022222222222,10.873895405314027,0.005957446666666644,-0.0013064119594402152,0.008138087804070462,-0.0031903633333333348,-9.148428892655553e-06,3.405232835947414,0.046721716666666635,-0.0009761271305977204,0.4559786351813471,-0.00014073666666666678,-1.9965037722222228e-08,1.5052637460944038,0.051769376666666644,-0.005285879649866787,1.404440988286096,-0.06650737333333345,0.0029600511837479093,2.8103350351145813,0.7839448554549746,0.0020418199671946215,50,677,0,0,0,1
0.00016135999999999928,-6.150463999998142e-09,10.157115286519314,0.0,5.6,8.42196570704962,0.005957440000000036,-0.0008196767313125297,0.016293013323347077,-0.001407760000000008,-5.50345503386666e-06,2.824540068967932,-0.06927301000000002,-0.004712490801386434,2.0922322632320283,-0.0005433000000000002,-1.522579000000004e-08,5.607933914850013,-0.09131014999999998,-0.007752463306528166,3.8160326099141493,-0.029994096666666636,-0.006087020302957585,2.50221818106591,0.7851033158481218,0.0061883917837705325,50,678,0,1,0,0
0.00016102666666673038,-6.1752200888866545e-09,10.042514455825009,-2.7533333333333334,-3.2887555555555554,11.095806734747933,0.005957433333333262,-0.00033294202516823135,0.011859276039690137,-0.00044115999999999947,-1.3729241618399998e-05,1.5327118644654498,-0.022345530000000002,0.0013985333625231664,1.5814551617411634,-6.097000000000025e-05,3.3978481033333327e-08,0.723204362191807,0.00041252666666657944,0.001855109672444847,2.617541052837659,-0.029415220000000075,0.009655572100689467,0.7696021992890975,0.793850853728846,-0.0014881042824293248,50,679,0,0,1,1
0.00016074666666643367,-6.183239822225031e-09,9.929216931765719,-1.5866666666666664,-3.8851555555555555,11.106531803743994,0.005957446666666755,0.0001537958185603011,0.019261064424220296,0.011406070000000011,0.0002885956471549,4.861676280526352,0.06949171333333337,0.001375636797892047,1.803244478007335,0.001110823333333333,1.4336336581444446e-06,3.6569524068290717,0.05911015666666669,-0.0009612765314326553,1.782208656429356,-0.16415935000000004,0.021617379364755836,1.5215338669511804,0.8427119796462844,0.0016052971939767649,50,680,0,0,0,0
0.00016121999999985093,-6.184723600000155e-09,12.809960305588358,-0.4199999999999995,-4.186,11.14359165376915,0.0059574399999999805,0.0006405294126463901,0.013824927203329495,0.0019008933333333339,-8.86749580166222e-05,1.992919424819245,0.06707519999999995,-0.0005394129939839988,1.6542095457618768,0.0004171433333333332,-5.774546749222224e-07,4.550121589006686,0.07255220000000012,-0.002230110991705331,2.7557350134794105,-0.1046052300000001,-0.002872258678368834,3.1561506947086366,0.8047572407524557,-0.003222925516092453,50,681,0,0,1,0
0.00016130666666680504,-6.2398435555602515e-09,9.70646559499729,0.7466666666666666,-4.191288888888888,11.207588655548218,0.005957453333333307,0.001127270263466304,0.008138087804070462,0.00027831000000000036,-8.391271259283332e-05,1.619480822192023,0.07205942666666659,-0.0010772273083614232,1.748974781776485,0.00019263666666666625,-6.218527799888889e-07,2.8129293779273334,0.08518208666666671,-0.005842981442847688,2.6590907885384554,-0.02298102000000002,-0.01018114437635213,2.643902657830682,0.7516539867180267,-0.0003078739784046959,50,682,0,0,0,0
0.00016097333333342512,-6.25968302222337e-09,9.596995100834572,1.913333333333333,-3.901022222222222,8.32686016465798,0.005957446666666533,0.0016140027454941974,0.016293013323347077,0.00035599000000000047,-5.787648068830001e-05,1.5232788889866413,0.06453734999999994,-0.003436619280589498,0.4906151705490051,0.0001992900000000002,-5.836460894999999e-07,2.577994467461541,0.06562493000000008,-0.00638849887779337,2.4812717516782357,-0.060922526666666754,-0.006737792039274089,0.5529794172183377,0.7553965355602901,0.0006773990469812793,50,683,0,0,0,0
0.00016072000000000308,-6.270915200002368e-09,9.488795608532888,3.0799999999999996,-3.315200000000001,10.873895405314027,0.0059574400000000916,0.002100734705538662,0.011859276039690137,0.0008283033333333356,-3.671601745892223e-05,0.24087499171937518,-0.06734502666666664,-0.0069985378439856895,1.8005177417869216,0.00022604000000000027,-4.625721757333335e-07,2.815421084179246,-0.08922146333333336,-0.0053684554922070575,1.7371007518075823,0.03082893666666675,-0.013727629166982384,1.7765509503931198,0.7978764076426724,-0.0008180019382269643,50,684,0,0,0,0
0.00016135333333344715,-6.276215155552647e-09,9.381878111860246,-1.96,2.3855999999999993,9.436709827058797,0.005957453333333307,0.0025874779733817826,0.019261064424220296,-0.0030066699999999995,-4.243582044590001e-05,0.5485555680044696,-0.12846926999999997,-0.0066409403338447,4.090516103833651,-0.00022475666666666697,-3.1507796052222223e-07,1.4092145553876159,-0.12869239999999998,-0.007521878141516,5.099893718049306,0.07908179666666681,-0.011545788962410389,5.3774806322184,0.7735413080065916,-0.0005955155549718664,50,685,0,0,0,0
0.00016125333333349978,-6.327715555555803e-09,9.276263541507648,-2.4266666666666667,-3.661155555555556,11.095701503097896,0.005957443333333368,0.003074208523495617,0.013824927203329495,-0.0022361733333333307,-8.23269332774222e-05,1.5046862091100266,-0.0017558733333333243,-0.000411275073016755,0.3282890168915706,-0.00013126666666666686,-3.851365502222221e-07,1.7904280292482588,0.03627392666666657,0.003535844720479509,0.6005888225517134,-0.1133552733333334,0.01357259510433071,3.57452453447237,0.7649643490246291,-0.0031953765809389417,50,686,0,0,0,0
0.00016092000000011986,-6.342638399997829e-09,9.171984940447999,-1.2599999999999998,-4.1748,12.01339805129822,0.005957456666666694,0.003560954809777625,0.008138087804070462,-0.0005215833333333322,-1.4265940763055558e-05,1.3918278484074118,0.043433510000000064,-0.007097913996366565,0.4606040572679075,4.9143333333332914e-05,-1.0174912345555556e-07,1.7247236460377036,0.07922403333333322,-0.00231418264814689,3.042836340252911,-0.15114471666666673,0.010855089668514274,2.1638936949540635,0.7605102798327059,-0.0009622973900938925,50,687,0,0,0,0
0.0001606933333335725,-6.357838222221231e-09,9.069090718046967,-0.09333333333333371,-4.392888888888889,12.316651597789352,0.005957446666666644,0.004047683572655766,0.016293013323347077,-0.0020368933333333415,-2.3733350257688892e-05,8.238708863038775,0.05034218666666668,-0.006125882952517153,0.6795896956185467,-8.807666666666618e-05,-1.1613352265555558e-07,2.9356475113198126,0.09691266333333332,-0.0016792922884250553,2.134824649589154,-0.16238008333333337,0.00692506298258028,2.9405658641347676,0.7702671809898876,-0.0014767335610167745,50,688,0,1,0,0
0.00016148666666682132,-6.371511155557489e-09,8.967649650163738,1.0733333333333333,-4.315422222222223,11.095701503097896,0.0059574399999999805,0.004534412809295452,0.011859276039690139,-0.0024586766666666593,-2.303720386452222e-05,7.864965124069768,0.045624359999999975,-0.006245946551393065,0.5004267976536404,-0.00014973000000000026,-1.1836842216666665e-07,5.313139364200112,0.06840236333333327,-0.007793661397047321,1.5637124077789943,-0.05111399000000011,-0.0037673154591195065,1.4604399569379924,0.775054532481079,-0.0022470160885049687,50,689,0,0,1,1
0.0032599599999999507,-6.339737600002328e-09,12.149290417523787,2.2800000000000002,-3.904,10.873895405314027,-0.03489360666666663,0.0033523405910365622,0.019261064424220296,-9.561333333333796e-05,-1.1076584100888891e-05,0.5766863158100877,0.058343673333333235,-0.004115526016890891,1.579218694900485,6.332666666666658e-05,-4.7377260755555564e-08,0.15129347936704582,0.06573877666666661,-0.010726097053987853,2.6193296951759604,-0.05718710333333343,-0.002600939063359193,0.571874200032318,0.8036407447972398,-0.001501593018464304,50,690,0,0,1,0
0.002042366666666795,4.132386506444558e-06,11.426621772256846,2.8799999999999994,-0.6208,8.823287615868907,-0.028085106666666693,0.0006057661591655217,0.015581077621694908,0.00291516,5.0784624471999925e-06,2.2383106092992966,-0.038119626666666684,-0.002931738773734753,1.6163353211604068,-5.7513333333333297e-05,2.182296645777778e-07,2.805719564922757,-0.10038579000000014,-0.013764181293738168,5.029622225261224,0.15385224999999997,-0.027479185403424165,5.867988668060804,0.8403289935491582,-0.003470814435157226,50,691,0,0,0,0
-0.00589097333333366,-7.532193326221856e-07,14.815521780385431,-3.24,-3.1648000000000005,12.416117188334756,-0.021276603333333366,-0.0015150062405914488,0.019261064424220296,0.000830770000000005,2.0575590208100002e-05,2.1159371736448254,-0.0933854833333333,0.0025955179413796083,2.9075604308937666,-3.686999999999961e-05,8.608049503333331e-08,1.609965748815421,-0.1750346133333333,-0.008122229518436089,5.404691112206691,0.1840629366666668,-0.027106358343983186,7.5968965409736935,0.7901379773363884,-0.0032321576865067298,50,692,0,0,0,0
-0.00047914000000004453,-5.485736125200078e-06,11.095701503097896,-2.08,-3.808000000000001,8.80933637616706,-0.01446808000000005,-0.003009992594053046,0.013824927203329495,-0.00018606999999999652,6.077713956633329e-06,0.5241410646883086,0.05069423333333334,0.006399917111667777,1.7796759995573064,4.925333333333313e-05,-4.825866728888891e-08,0.37937978068749273,0.03534791666666676,-0.002874358064899725,0.38012929030340636,0.005440113333333385,-0.008265652951751686,1.7646874425289198,0.7789767634257106,-0.0010523945225972813,50,693,0,0,0,0
0.00417266666666638,-5.452234622222268e-06,11.125114893067876,-0.9199999999999999,-4.185599999999998,8.731584776801402,-0.007659576666666612,-0.003879157389164653,0.019238238576939,0.0040757466666666645,1.5707906809511118e-05,3.390889271184375,0.06946248333333327,0.005651097676676951,2.2767918294741425,0.00033649000000000005,2.102390929999999e-08,3.1572528237123008,0.05630070333333337,-0.0029819561452446575,1.3998738182584902,0.015814389999999956,-0.0030457687324093666,1.949528113665381,0.8938308946592121,-0.0007699203414442829,50,694,0,0,0,0
0.00806583999999999,-7.936095411199877e-06,10.99866193705057,0.2400000000000002,-4.2976,11.960570427716501,-0.0008510533333334069,-0.00412253201883131,0.013605272596496812,-0.0003509433333333291,-1.529427312522218e-06,0.24220775024195995,0.030681840000000016,-0.005175999538548266,2.6053065295079536,4.2313333333333144e-05,-7.740522502222227e-08,0.36371568299340823,0.03868813333333332,-0.005629075720626223,1.4301770852293048,-0.009690086666666597,0.001205690804437113,0.42779176544564024,0.80808001708973,0.0032068116925045302,50,695,0,0,0,0
0.011199320000000013,-1.6750701097600277e-05,10.873895405314027,1.4000000000000004,-4.143999999999999,6.423233924930679,0.005957446666666699,-0.0037400927866018258,0.008138087804070462,0.006550756666666668,0.0003638974825228111,1.5122811926966826,0.03152628999999996,-0.008041466078054968,0.5609570462886617,0.0005575333333333334,1.5861966577777776e-06,4.2097552490346235,0.10131884666666674,-0.0024724511070220914,1.9929226688997217,-0.16179824999999998,0.005409309231425834,4.558193117252529,0.8425418063731769,0.004767963082498956,50,696,0,0,0,0
0.014090460000000138,-3.492937327400007e-05,10.750740712908714,2.566666666666667,-3.6882222222222216,10.873895405314027,0.0059574399999999805,-0.003253354835069361,0.016293013323347077,0.01980657333333334,0.0015251707049340447,1.8938085203523016,0.03033177333333331,-0.0030332511978278243,0.26615917756872676,0.0014761966666666662,7.795369155611113e-06,3.899319823513392,0.05345073666666672,-0.001797712382208258,0.32770616115942747,-0.11681579999999997,0.01025006943294534,0.6321071123303675,0.8552132291374754,0.0032310384335896064,50,697,0,0,0,0
0.00822040000000046,5.349748416000281e-06,8.127469822375257,1.1199999999999997,4.972800000000002,8.329378541390154,0.005957453333333362,-0.002766623550202227,0.011859276039690137,0.016649183333333338,0.0005866303171789443,1.8725940963614802,-0.04744956000000006,-0.001115910403337337,0.32770616115942747,0.0010461899999999994,2.3434853294333324e-06,0.909355506036587,-0.11083457999999996,-0.012013581924335597,5.354692588714324,0.08509211000000005,-0.0176226160417639,3.734805518121863,0.8914612122698053,-0.0033215019552195733,50,698,0,0,0,0
-0.006234259999999714,-5.480799103240038e-05,14.111662398578098,-2.94,-3.144400000000001,11.324494768664668,0.005957443333333257,-0.0022798840128563924,0.019261064424220296,0.010529850000000007,5.1752447720500175e-05,2.6109170716533354,-0.03981648666666654,-0.0009870381167567527,0.35876034313398736,0.0006571366666666668,1.2943865694444472e-07,0.4982437960993841,-0.12006207000000002,-0.003712716728506968,2.3277371684541985,0.06602485666666669,-0.006721697345721457,2.872925123120657,0.7803152527253181,0.005311539674490198,50,699,0,0,1,0
-0.006847093333333332,-4.3108757004089155e-05,13.909070165926796,-1.773333333333333,-3.7880888888888893,11.224210116342825,0.005957456666666638,-0.0017931497095504123,0.013824927203329495,0.029473500000000007,0.019270712683143336,1.433877001533558,0.07110678000000004,-0.0015238106997281335,0.5237189488303834,0.002173243333333333,8.725340459574448e-05,1.6256388855792243,0.08613496000000015,0.003487381576001869,0.8020416129927566,-0.1635293333333333,0.013028392530137791,2.1706743176294783,0.8073135736665077,-0.0011483721891131222,50,700,0,0,1,0
-0.006701393333333194,-4.388536130422234e-05,10.494849881474288,-0.6066666666666669,-4.136222222222222,8.591325662867565,0.005957446666666644,-0.0013064119594402152,0.008138087804070462,-0.0043848200000000045,-0.002922367517372933,2.181286504706518,0.03691018000000007,-0.003859216712881997,0.22207559070209248,-0.0002861466666666669,-1.3501694631022222e-05,1.4331074730435702,0.04337823000000013,-0.0059998499790027,0.5220639438937587,-0.09461252666666664,-0.0011297394631780908,0.5418563071339831,0.7726863743009406,0.002003225523963686,50,701,0,0,0,1
-0.005796359999999723,-4.96386623968001e-05,13.535244788583562,0.5599999999999996,-4.1888,11.11138625762391,0.005957440000000036,-0.0008196767313125297,0.016293013323347077,-0.011816680000000003,-0.004008236259288,1.6037299439746304,0.029813046666666787,-0.004011834461233557,0.15546236093563098,-0.0008087366666666659,-1.8414014504655554e-05,1.7750409824454747,0.00042714999999998726,-0.008874527848554166,1.9723807174672814,-0.06252337666666669,-0.013177514983587192,2.504362852112167,0.7409481396313536,-0.0028885478725892517,50,702,0,0,0,0
-0.004131520000000055,-4.940661844160012e-05,13.32450542103217,1.7266666666666661,-3.945822222222223,8.448747535300729,0.005957433333333262,-0.00033294202516823135,0.011859276039690137,-0.015811203333333336,-0.004071659386115988,1.6543378436646812,0.024171369999999914,-0.0029873985250800355,0.2024592556385594,-0.0010398300000000003,-1.8624833896033338e-05,0.2663427140723941,0.017556513333333357,-0.005944725171471687,0.4739816700743547,-0.05590646000000005,-0.013631615308047601,0.7332707279837772,0.740843618664627,-0.0003896064485077569,50,703,0,0,0,0
-0.0017075733333333787,-2.8768594185955724e-05,10.873895405314027,2.893333333333333,-3.4072888888888895,10.873895405314027,0.005957446666666755,0.0001537958185603011,0.019261064424220296,0.010248366666666668,-0.001332849208666889,1.6827219212611018,-0.04546722333333325,-0.0006062227299630588,0.5777290576037483,-0.0004728633333333323,-1.5123039470922222e-05,1.6316799030084392,-0.05280509999999994,-0.0068383436247993375,1.450964726794906,0.12732744333333335,-0.0077159303168870645,2.898774172740792,0.837620194017495,0.004766218203987563,50,704,0,0,0,0
0.00016099999999996673,-6.217639999998001e-09,12.809960305588358,-0.8399999999999999,4.894399999999997,10.92178555598528,0.0059574399999999805,0.0006405294126463901,0.013824927203329495,0.04858634666666667,0.009914007631731375,2.917181737226851,-0.13261727000000006,-0.0010202599714773664,2.490464659180554,-0.00018805000000000037,-6.119333094833337e-06,1.8947474518287453,-0.15778269333333328,-0.008507694989815025,5.463911804389214,0.23611840666666667,-0.03373684224495249,7.727568020166922,0.8841994313664168,0.0018793433855654896,50,705,0,0,0,0
0.0001607333333333294,-6.2271715555533476e-09,9.70646559499729,-2.6133333333333333,-3.4296888888888897,11.095701503097896,0.005957453333333307,0.001127270263466304,0.008138087804070462,-0.00643555333333333,-0.004860772800048487,2.4900135768540386,-0.017240936666666762,0.0018936972210597466,0.40415570131553696,-0.00010783333333333348,-1.1794327918888887e-05,2.730531363510443,-0.020723260000000188,-0.0067771332545796,1.3940144258555938,0.1541388400000001,-0.018412315019379472,6.403226204845251,0.8462731729581984,-0.003724437409180618,50,706,0,0,0,0
0.00016128666666659353,-6.229993822224491e-09,9.596995100834572,-1.4466666666666668,-3.990622222222222,11.299771632932728,0.005957446666666533,0.0016140027454941974,0.016293013323347077,-0.01987023000000001,-0.0037135172946903,1.8172655957638448,0.049626073333333354,-0.0012746026195487557,0.314288839371223,-0.0005926200000000003,-4.598696406533333e-06,2.3953126471146975,0.07556276666666661,-0.0046510842790095566,1.617191047636689,0.033769043333333415,-0.02145205776079559,4.081907925854358,0.7759985739574584,0.0008202199039673951,50,707,0,0,0,0
0.0001612800000000414,-6.283968000003246e-09,9.488795608532888,-0.28000000000000025,-4.255999999999999,11.42220235265313,0.0059574400000000916,0.002100734705538662,0.011859276039690137,-0.016247149999999995,-0.0033437397813821665,0.5447861278134319,0.020538106666666667,-0.0010479483471843541,1.414149198502538,-0.00025255999999999976,-2.4500559957333342e-06,1.6699633408921013,0.09409636666666676,0.0035721813707557844,1.8051549716495416,-0.042096476666666605,-0.004194764651004126,1.5488742355181455,0.8186272682378706,0.0010107781304838246,50,708,0,1,0,0
0.0001609466666667725,-6.301349155554694e-09,9.381878111860246,0.8866666666666663,-4.225822222222223,11.095701503097896,0.005957453333333307,0.0025874779733817826,0.019261064424220296,-0.006704766666666667,-0.0031520487594748894,1.4631756358758385,0.05862491666666664,-0.006097728967503057,1.6038715441977816,0.0004466866666666667,-1.7665451050222219e-06,2.5203334677609566,0.1226565566666667,-0.004453131556860789,3.0300608820614867,-0.10619741333333332,0.0031777166468655027,1.6418058737508794,0.787258648512529,-0.002121411706664718,50,709,0,0,0,0
0.00016070666666645472,-6.314470755553774e-09,9.276263541507648,2.0533333333333332,-3.9000888888888894,8.477356967248024,0.005957443333333368,0.003074208523495617,0.013824927203329495,0.02483151333333334,0.0010099176224856428,1.7675364028427674,0.06615400333333327,-0.006264502600918258,1.4679637858420167,0.0024217766666666664,1.2725835280011113e-05,4.291102588483276,0.11572587666666673,-0.007666092853178789,2.8992819407693995,-0.17361844333333326,0.023870646224131473,2.6585226106842157,0.8050786421794863,-0.004557623529212527,50,710,0,0,0,0
0.00016141999999974566,-6.323387600000141e-09,9.171984940447999,3.2199999999999998,-3.278800000000001,10.873895405314027,0.005957456666666694,0.003560954809777625,0.008138087804070462,0.006276110000000008,-0.0027540442499045664,0.40028829366550106,-0.025741890000000045,-0.006771262008261367,0.2968703324058669,0.0009428966666666662,-1.9947159539888876e-06,0.5883055584094009,-0.07409294333333338,-0.01646064269289359,4.042500291644711,0.09454966666666664,-0.029839597695255564,4.0668093532821405,0.8551454159517049,-0.0016603076165745457,50,711,0,0,0,0
0.07672914666666664,0.0005103280038641771,9.069090718046967,-2.8000000000000003,-0.6720000000000006,10.441744951879437,0.005957446666666644,0.004047683572655766,0.016293013323347077,0.05506999666666669,0.020551391216890275,0.6019701578708344,-0.08552467666666669,0.0024358947153552135,1.8640011801800254,0.0029563466666666666,8.343274200311112e-05,0.3485785131636674,-0.15040395333333334,-0.00909751193145329,5.197639968701391,0.16740643999999993,-0.026874834592330137,6.195998148063734,0.9166875003115414,0.0015531609827705766,50,712,0,0,0,0
0.07483133333333314,-0.0009015052383822213,8.967649650163738,-2.286666666666667,-3.8674222222222228,11.095701503097896,0.0059574399999999805,0.004534412809295452,0.011859276039690139,0.010265293333333342,-0.0027026321159371544,0.39630484534027677,0.04559804333333328,0.006539197959690674,1.4677674601821122,0.0007562999999999988,-1.1094447160666663e-05,2.5626406064043756,0.0437010833333335,0.0008228408301202764,0.2414214745290435,-0.046472250000000104,-0.004428603342760837,0.3683459188400665,0.9208683963613505,-0.0010520931097370233,50,713,0,0,0,0
0.06499139999999992,-0.0015936015455999984,12.149290417523787,-1.08,-4.307200000000001,9.249382880729407,-0.03489360666666663,0.0033523405910365622,0.019261064424220296,-0.003963846666666659,-0.0043984635448751554,0.4656610679887058,0.07374500666666656,-0.0027399798784884834,1.6782002873769029,1.3806666666667071e-05,-1.5786243584755557e-05,2.5154850217590976,0.05187558666666664,-0.007977698574844354,1.6023124169361793,-0.07989757000000008,-0.007577123964594968,0.30670654943160985,0.8894124564985924,-0.0015023558094693944,50,714,0,0,0,0
0.05418680666666664,-0.00193408787770262,11.426621772256846,0.08000000000000007,-4.4064000000000005,12.622819514404366,-0.028085106666666693,0.0006057661591655217,0.015581077621694908,0.017050236666666663,0.0017726184467402786,4.168952377432749,0.06396705333333336,-0.003615319312884356,1.5096032261190915,0.0012098599999999992,5.108841018799998e-06,3.084018318451808,0.04436133000000003,-0.006886138789337502,1.3993042276383654,-0.0061914633333333136,-0.014023715882503868,1.5532260649485101,0.8526189467719172,0.000995481636333612,50,715,0,0,0,1
0.04262271999999978,-0.0018562972423487975,11.306875227809128,1.2400000000000002,-4.239999999999999,6.955462234719734,-0.021276603333333366,-0.0015150062405914488,0.019261064424220296,0.002683836666666675,0.0015283410446106796,1.7842095975935723,0.03721011999999996,-0.004947561777991466,0.2604054944545435,0.000401843333333333,1.1137336125211118e-05,0.7459515670036572,0.029085929999999982,-0.006392658225103234,0.43011079619385567,-0.03896636333333331,-0.002066876921096389,0.4454739353968141,0.8395067699163167,-0.001489915003984619,50,716,0,0,1,0
0.03029852000000044,-0.0012936179566095992,11.190550001874938,2.4000000000000004,-3.8080000000000003,10.873895405314027,-0.01446808000000005,-0.003009992594053046,0.013824927203329495,-0.04036015333333333,-0.007255896926329555,4.057528806719811,0.017132776666666738,-0.0044560246771179896,0.11367017274827644,-0.0025351,-2.8966931114e-05,3.1483194781376973,-0.0005946366666665925,-0.007091814635566256,2.5744876686785596,0.056749953333333325,-0.004297533194496762,1.6002619854974773,0.8967373618456542,0.0019280891304143085,50,717,0,0,0,1
-0.005561880000000019,0.0017380693623743975,10.984411563711765,2.1599999999999997,2.489600000000001,8.509778679017533,-0.007659576666666612,-0.003879157389164653,0.019238238576939,-0.027085793333333316,-0.006992816073255155,0.4248887516577571,-0.1058782499999999,-0.0038722947296441664,2.8048370277528933,-0.0018985166666666661,-2.7878600721055557e-05,0.4555679042465673,-0.14717252000000008,-0.011921774326475202,5.465235089534606,0.23127637666666667,-0.025161314653980388,6.686330432051321,0.9200313100676503,-0.0017122954185881127,50,718,0,0,0,0
-0.09427645999999967,-0.0003659915742099996,14.815521780385431,-3.12,-3.0880000000000005,11.960570427716501,-0.0008510533333334069,-0.00412253201883131,0.013605272596496812,-0.027968163333333337,-0.003714177106264122,3.151892586841196,-0.14970897666666672,-0.007026754947894518,4.247035824473848,-0.00188755,-1.53535479395e-05,3.5196658031624546,-0.16875890666666665,-0.008498779127992356,5.491698328307174,0.1920351366666666,-0.03192841367505892,6.328067171449188,0.8193533252592613,0.0018542660864089922,50,719,0,0,0,0
-0.07750608000000003,-0.001631503487782398,11.095701503097896,-1.9600000000000004,-3.7408,8.624122013063339,0.005957446666666699,-0.0037400927866018258,0.008138087804070462,-0.03181803333333333,-0.003606715492314889,7.859671507690158,0.011091940000000078,-0.006102882612581732,0.23462530473131596,-0.0020302000000000002,-1.5272190412000002e-05,7.779386878488558,0.05196184000000004,-0.0056416031069821335,1.4361797413224402,-0.12044585333333324,-0.018854218386038485,3.8472431942314174,0.7991726944020064,0.0026059362012178545,50,720,0,0,0,1
-0.06265487333333342,-0.00239199371642422,10.972546810692585,-0.7933333333333334,-4.136222222222223,8.577233545038052,0.0059574399999999805,-0.003253354835069361,0.016293013323347077,-0.02325914000000001,-0.003464790596063333,4.069774061181519,0.045882236666666576,-0.003122007787527588,0.3303747957648441,-0.0014272666666666667,-1.447181139288889e-05,4.265134386126415,0.09630162333333331,-0.005117436075641189,2.6777570631494028,-0.18505859999999996,-0.012949708999539997,4.229299266187538,0.7980220641200796,-0.0009520466303353681,50,721,0,0,0,0
-0.047044293333333154,-0.002646331872541153,14.327736587450943,0.3733333333333335,-4.236088888888888,11.457516202387595,0.005957453333333362,-0.002766623550202227,0.011859276039690137,-0.013448799999999997,-0.0019748389881493332,3.6711766020999343,0.06964048333333339,-0.0004479583914070544,0.5672759149491506,-0.0008161599999999998,-8.842046833866667e-06,2.951620424379618,0.0815863733333333,-0.0034419793145808904,1.5403429181583344,-0.13099998333333335,-0.01995054408731039,3.826796001518148,0.7814323509915989,0.004031112675713978,50,722,0,0,0,0
-0.03067396,-0.0023165553959983982,10.716288157308469,1.5400000000000005,-4.0404,6.161830796558617,0.005957443333333257,-0.0022798840128563924,0.019261064424220296,-0.0072298000000000015,-0.0002832953263786667,2.7163841845347125,0.054162499999999836,-0.0053824615589500024,0.48200401164511214,-0.0004274700000000001,-1.1777090313666666e-06,2.750083652575907,0.04228894666666655,-0.006722391423509154,0.430879229402694,-0.10138298666666651,-0.015591673957760087,2.6924661351927544,0.8101955513264708,0.0007736593703504148,50,723,0,0,0,1
-0.013544266666666527,-0.0013212619021902212,10.873895405314027,2.706666666666667,-3.549155555555556,10.873895405314027,0.005957456666666638,-0.0017931497095504123,0.013824927203329495,-0.005358636666666666,-0.00019089231659665554,0.4400271739359026,-0.004164866666666711,-0.0033691385139955586,0.32786069146756647,-0.0004979233333333335,-8.046963638555556e-07,3.983044534465641,-0.03005870999999999,-0.00440923784098057,1.4832289494179745,-0.03754386333333337,-0.01381445699317679,0.6251376852991032,0.8040276207634343,0.0012583240179960661,50,724,0,0,0,0
0.0005477666666667824,-1.1347243495555122e-06,10.273043783690419,0.28000000000000025,5.6112,8.369519565083694,0.005957446666666644,-0.0013064119594402152,0.008138087804070462,-0.004198046666666663,-3.834192394315554e-05,0.44813030318472985,-0.1266617,-0.005613326240151335,4.178450881848134,-0.00033032000000000027,-1.6470683760000003e-07,3.1159131473244615,-0.11131013666666667,-0.009093910335840791,3.9749346233861207,0.16067977333333328,-0.019637590470489685,5.630933820557492,0.8434023460189344,0.001726461328257707,50,725,0,0,0,0
0.000160759999999871,-6.139120000002711e-09,10.157115286519314,-2.8000000000000003,-3.2479999999999998,11.11138625762391,0.005957440000000036,-0.0008196767313125297,0.016293013323347077,0.007042473333333334,0.00029372728358271105,2.92866813553035,-0.08543148,-0.002121657462225597,0.6535455760403757,1.6179999999999754e-05,2.5262745720000004e-07,1.3975602355624532,-0.13343169,-0.010788340890729633,5.410887189913925,0.2016490900000001,-0.017235041262494165,7.780630905881468,0.8402705688781977,0.00467843892823487,50,726,0,0,0,0
0.00016115333333321935,-6.140404488888895e-09,10.042514455825009,-1.6333333333333333,-3.856222222222222,11.095806734747935,0.005957433333333262,-0.00033294202516823135,0.011859276039690137,0.010899763333333333,0.0004940914545512111,2.723958845233472,0.019315190000000038,-0.0024075795493254983,0.4182180667383183,0.0006824933333333333,2.4455018260444444e-06,2.6540550520681916,0.007956099999999966,-0.0015250872026100048,1.390141216551812,0.04186991666666673,-0.001756778595853048,1.6937630453468244,0.8271823823338204,-0.002448509109993513,50,727,0,0,0,0
0.00016133333333301358,-6.195342222227017e-09,9.929216931765719,-0.46666666666666634,-4.168888888888889,11.106531803743994,0.005957446666666755,0.0001537958185603011,0.019261064424220296,0.00507121,-6.182958535909996e-05,2.844216906077275,0.09446691999999984,-0.002048746601303466,1.8666949226781533,0.0005015133333333335,-1.4812190688888893e-07,5.639600473576149,0.13214744333333334,-0.0034619223315363913,3.9374047403868615,-0.16454386333333337,-0.0019187886683007978,2.8933876619274645,0.7626789585849462,0.0021517033275485612,50,728,0,0,0,0
0.00016099999999996673,-6.217640000001132e-09,12.809960305588358,0.6999999999999997,-4.185999999999998,11.14359165376915,0.0059574399999999805,0.0006405294126463901,0.013824927203329495,0.006654803333333327,-3.9827620189588904e-05,2.0822014074877644,0.08383521666666671,-0.0046633608252057285,1.7328368259103228,0.00047953999999999965,-2.7102907080000015e-07,4.397906729312387,0.12473159000000006,-0.004566711761826834,4.074841375875854,-0.1764122833333333,-0.004358602405713053,3.5294705211658526,0.768058082138923,0.000920200188220285,50,729,0,0,0,0
0.00016073333333321838,-6.227171555558255e-09,9.70646559499729,1.8666666666666663,-3.9075555555555557,8.32473182397126,0.005957453333333307,0.001127270263466304,0.008138087804070462,0.000931010000000003,-0.00016457099486803334,1.4149488093134266,0.0704190099999999,-0.006914501022713907,1.5519518750638621,0.00024126333333333383,-4.774703763888889e-07,1.8725468248419446,0.07462197666666665,-0.0024552094330186555,0.4096790808868914,-0.15014176,-0.009807515050436796,3.8859518715716517,0.7666443078686366,0.0003917937065718325,50,730,0,0,0,0
0.00016128666666659353,-6.229993822219234e-09,9.596995100834572,3.033333333333333,-3.3335555555555554,10.873895405314027,0.005957446666666533,0.0016140027454941974,0.016293013323347077,0.021717743333333338,0.0015262308108622779,2.1064559558322378,-0.0058782,-0.004963103441623998,0.07589228576498257,0.0009813633333333326,6.06776034241111e-06,3.0837910466119096,-0.038955686666666656,-0.009770002986321559,0.4074151561277999,0.05873241666666662,-0.010864854550296392,1.4667119999570264,0.8547085082030619,0.005503596644290389,50,731,0,0,0,0
0.00016127999999993037,-6.283968000000303e-09,9.488795608532888,-1.6800000000000002,3.1808000000000014,9.20611544151117,0.0059574400000000916,0.002100734705538662,0.011859276039690137,0.004056196666666671,0.0010829458179225449,0.5590329054583919,-0.10865964666666678,-0.0012508460308159539,1.82007893495428,9.985999999999979e-05,5.8771056076e-06,2.9804416326713317,-0.14099688,-0.008851205095432534,4.155180948618697,0.14477345000000008,-0.029007980116025497,5.041057012472153,0.831712995181392,-0.002012526495890549,50,732,0,0,0,0
0.0001609466666668835,-6.301349155553389e-09,9.381878111860246,-2.4733333333333336,-3.5986222222222217,11.095701503097896,0.005957453333333307,0.0025874779733817826,0.019261064424220296,0.004666276666666663,5.861940140841127e-05,0.37563026307798597,0.047719936666666685,0.010190275666645748,0.3358166851145509,0.026108529999999998,0.0046558485633069,3.5475032932880843,0.026549339999999977,0.0013961313662705366,0.3491954823142827,-0.0429415666666666,0.016293359053230434,0.3424154522364901,0.8465769942180112,-0.0023906760700209847,50,733,0,0,0,0
0.00016070666666656575,-6.314470755555413e-09,9.276263541507648,-1.3066666666666666,-4.124088888888889,11.772397771504203,0.005957443333333368,0.003074208523495617,0.013824927203329495,0.0013696799999999912,-0.0004570964093714669,1.4453422315994018,0.0939536666666666,0.0008028720943911022,1.6222943879297276,-0.003931703333333334,-0.0008721680684706553,0.5616915055712155,0.10408250000000002,-0.004028434702483336,3.0633300101894445,-0.06365060333333333,-0.005510556615353861,1.3585536463690002,0.8608496524622146,0.0017363910850750337,50,734,0,1,0,0
0.0001614199999999677,-6.3233875999972605e-09,9.171984940447999,-0.13999999999999968,-4.354,12.01339805129822,0.005957456666666694,0.003560954809777625,0.008138087804070462,0.03993369333333334,0.0039410450868828445,4.19343659834306,0.14048440666666673,0.003465950996516847,2.938525029142379,-0.0013086033333333316,-0.0008513051078869221,3.887858668860445,0.10625758333333357,-0.0076034207460763895,2.6332800964578125,-0.03073984333333324,-0.014726063612127187,2.6294700373241056,0.8296763328274275,0.003055989935839973,50,735,0,0,0,0
0.0001612266666666251,-6.371086222222338e-09,9.069090718046967,1.0266666666666664,-4.2883555555555555,11.095701503097896,0.005957446666666644,0.004047683572655766,0.016293013323347077,0.02701854,0.001177924065996133,1.7807653283611702,0.09475352000000004,-0.008669430604698932,1.5499303248410958,-0.002213839999999999,-0.0008592268043861334,2.887473757602788,0.12444663333333333,-0.007991465381292223,3.804691524155963,-0.06834792999999989,0.0020531646930599737,0.329133014190537,0.8579822033849696,0.0007889974627974995,50,736,0,0,0,0
0.00016089333333346723,-6.38355075555343e-09,8.967649650163738,2.1933333333333334,-3.9271555555555557,8.978352595279734,0.0059574399999999805,0.004534412809295452,0.011859276039690139,0.04861044999999998,0.016791603853376497,1.5893335382186544,0.07461616000000004,-0.013648294194251204,1.367438666374301,-0.0007734066666666671,-0.0007818527568266222,2.6552523519620506,0.10386936999999996,-0.011031890599654832,3.7233388235947027,-0.05764764333333333,0.004848879658880943,0.3047273884394888,0.8449900582906903,-4.511760725761452e-05,50,737,0,0,0,0
0.00016248000000018692,-6.323257599999659e-09,12.149290417523787,3.1199999999999997,-1.888,9.027576782945536,-0.03489360666666663,0.0033523405910365622,0.019261064424220296,0.14751893,0.03027525022260743,3.3845283624430165,-0.05961275333333338,-0.01534654494878742,1.5447122044325696,0.004337699999999998,-0.0007143132252153332,0.9787751675180302,-0.10573190999999993,-0.019945733595609895,5.382831298228692,0.17464913666666676,-0.030126445488993455,5.157300586925528,0.9367511048461387,-0.0012906441570670097,50,738,0,0,1,1
0.00016297333333326058,-6.276118222223736e-09,11.426621772256846,-3.2800000000000002,-3.1968000000000005,12.622819514404366,-0.028085106666666693,0.0006057661591655217,0.015581077621694908,-0.06452628333333334,-0.013877136381389725,5.6810403055334655,-0.17557721000000015,-0.007237909056173369,4.298389375276184,-0.008643283333333333,-0.0009007418290757221,6.8432866832065065,-0.19977991666666667,-0.009130976663729723,5.481907664788601,0.1583055000000001,-0.029136745845943328,4.973019472513318,0.826627130843635,-0.004009305576880347,50,739,0,0,0,0
0.00016234666666670172,-6.243807288892289e-09,11.306875227809128,-2.12,-3.8368,8.909880378198732,-0.021276603333333366,-0.0015150062405914488,0.019261064424220296,-0.05552495,-0.013716979640216835,3.100453650332892,-0.0022681500000001353,0.0028384121939311648,0.4404711851745564,-0.0033487466666666677,-5.983794980408891e-05,1.9376410792065168,0.049343246666666785,-0.0026000295550002196,0.2900762875228561,-0.09254676,-0.008302535364833337,1.458312833743517,0.8302067611350696,-0.004437968857138208,50,740,0,0,0,0
0.00016172000000003184,-6.178139200001994e-09,11.190550001874938,-0.96,-4.211199999999999,8.80933637616706,-0.01446808000000005,-0.003009992594053046,0.013824927203329495,0.03551110666666668,0.013577956665125512,1.3123758369666891,0.09835020666666672,0.010937663602814986,0.7182298220865558,0.0027595066666666656,7.210504531671109e-05,0.3115578272702041,0.09297601666666655,-0.0014026638821423854,1.7125846939979619,-0.058887413333333416,-0.016986465090263823,1.6317295838433894,0.8999730574212166,-0.0019647232794174395,50,741,0,0,1,1
0.00016144000000017922,-6.110966400002376e-09,11.078109735036216,0.20000000000000018,-4.32,12.093818543331803,-0.007659576666666612,-0.003879157389164653,0.019238238576939,-0.021557173333333332,-0.015234295167236088,5.2942851067775,0.08526884000000001,0.0013827868546693392,0.5064200049474784,-0.0012722866666666655,-6.765163973062224e-05,3.09390999809373,0.08934310666666678,-0.005247976287289145,1.583565451083004,-0.053102286666666554,-0.005366543244961289,0.24163462922635842,0.8690080104193805,0.001505803918750308,50,742,0,1,0,0
0.0001617466666667955,-6.07077208888797e-09,10.970672245686426,1.3600000000000003,-4.163199999999999,6.522421981896132,-0.0008510533333334069,-0.00412253201883131,0.013605272596496812,-0.03823232,-0.017870142565766668,4.49796343895674,0.07607861333333332,-0.00570025032931663,1.5516404288778067,-0.002413096666666667,-8.060926367852223e-05,4.17216353618927,0.08721042666666667,-0.005547393519605957,1.4755596741668646,-0.038900666666666694,-0.0002153778895422169,0.3886339032479496,0.8060553860650691,-0.0015321111232607775,50,743,0,0,0,0
0.00016112000000001458,-6.02378239999938e-09,10.873895405314027,2.5200000000000005,-3.7408,10.873895405314027,0.005957446666666699,-0.0037400927866018258,0.008138087804070462,-0.05276110666666666,-0.014996783011471023,2.8756752081690724,0.035685853333333184,-0.00988499836906756,0.21646304449658077,-0.0036305133333333324,-6.787458265888888e-05,4.981019807316882,0.03114094666666678,-0.014809707030321423,3.06788129680711,0.004615530000000034,-0.008048703039248838,1.81258437833869,0.8248522378588459,0.0012607084523576309,50,744,0,0,0,1
0.00016079333333351986,-6.0279975555539854e-09,10.750740712908714,1.4,4.535999999999999,8.355427447254183,0.0059574399999999805,-0.003253354835069361,0.016293013323347077,0.2566601333333334,0.07834401050051776,2.651427544498506,-0.10274085333333333,-0.009328710831259017,1.6437375481437289,-0.0022734400000000003,-2.7079921925333332e-05,3.199870913242157,-0.1323157033333333,-0.016951711173816525,5.233506406407018,0.08347212999999992,-0.005253332113103366,5.375405121352682,0.9393684079925904,-0.0018118460603142811,50,745,0,0,0,0
0.0001609866666666404,-6.033767822220982e-09,10.629132172470355,-2.9866666666666664,-3.116088888888889,11.457516202387595,0.005957453333333362,-0.002766623550202227,0.011859276039690137,-0.02388503333333336,-0.018475959988245555,1.474801597644573,-0.10604236000000006,-0.014519806118270927,1.8007711618228641,-0.00014963666666666705,-1.816852553452222e-05,0.2273725325398272,-0.1698170266666667,-0.014499329347068358,4.560238941126209,0.18911117333333327,-0.01751623987731369,5.3334753972870805,0.8133090308337905,-0.0002255217859285645,50,746,0,0,0,1
0.00016139999999964516,-6.082439999998425e-09,10.509012164509295,-1.8199999999999998,-3.7716000000000007,11.324494768664668,0.005957443333333257,-0.0022798840128563924,0.019261064424220296,-0.07344476333333333,-0.029400843451381727,2.5720058920600337,0.03866263333333331,-0.011666443370425553,0.2953851316527241,-0.0017852666666666665,-3.2160829024888896e-05,3.9017836912731134,0.028087406666666648,-0.011011318369593555,1.6895284540837698,-0.026448753333333408,-0.014316067993679954,2.7910291998548713,0.8280685886389831,0.0011797090498844604,50,747,0,0,0,0
0.0015237466666665478,2.4243651644443673e-06,10.390330475245275,-0.6533333333333338,-4.131555555555555,8.558503888106952,0.005957456666666638,-0.0017931497095504123,0.013824927203329495,-0.026326320000000014,-0.022811865507353334,0.5152778453005409,0.07827583666666671,-0.003757267492851591,0.40396585176361094,0.0016147800000000001,2.929000307866667e-06,2.7030811760694697,0.05604086333333347,-0.007874517312548656,1.4989771230852893,0.01975588666666661,-0.006145871787519155,2.8540724865858045,0.8662678393505224,0.002948352088281392,50,748,0,0,0,0
0.00303113333333338,-7.21315542222206e-07,10.273043783690419,0.5133333333333336,-4.195955555555555,11.153804064712933,0.005957446666666644,-0.0013064119594402152,0.008138087804070462,-0.01006038666666667,-0.02496474732324489,6.502175731699981,0.06954678999999997,-0.006421774734544968,0.33977207337905385,0.0028507533333333333,-1.0889233484888882e-06,6.670008663636027,0.05797254333333324,-0.004694239485295586,0.5479866093220409,0.06370319000000002,-0.0054139981991091005,3.185904160787379,0.88392747039667,-0.0014954441224233107,50,749,0,0,0,0
0.0025152400000000297,-1.917135804799992e-06,10.157115286519314,1.6799999999999997,-3.9648000000000003,8.53434725575484,0.005957440000000036,-0.0008196767313125297,0.016293013323347077,-0.02063417666666667,-0.023993646676460124,4.062183675629611,0.04548099333333344,-0.008145119282069284,0.263104639459856,0.0020278999999999996,1.7348643666666452e-07,5.143018465482215,0.04074399333333334,-0.0057339125049255535,0.3519151211115279,0.03485375333333329,0.0016963218618160428,0.4418706373222838,0.8490432528875561,0.001632175052247672,50,750,0,0,0,0
0.00199874000000011,-2.532641019600003e-06,10.042514455825009,2.8466666666666662,-3.438088888888889,10.873895405314027,0.005957433333333262,-0.00033294202516823135,0.011859276039690137,-0.04519336333333333,-0.024418640837519056,1.7092025426426214,-0.022855286666666585,-0.00488506872079009,0.313773530434827,0.0004395299999999996,-5.566716175633333e-06,0.8721673478962311,-0.03568007666666678,-0.003646237357594522,0.2813365312538936,0.07314773666666663,-0.006058606991293987,2.580731233580028,0.8218794118951369,0.001087550045334738,50,751,0,0,0,0
0.001482240000000079,-2.5673316543999954e-06,9.929216931765719,-0.56,5.241599999999998,8.588161505339594,0.005957446666666755,0.0001537958185603011,0.019261064424220296,-0.028159029999999995,-0.0030325297883705667,3.1230978006070025,-0.15320642999999995,-0.004456786536510701,1.9456711194172156,-0.0016801266666666669,-7.173527880222221e-06,4.054497802071197,-0.16877959333333337,-0.00822252099567382,5.324867299185839,0.13254390000000005,-0.012861280241146,5.152462929369638,0.7512385254915579,-0.002072810104045089,50,752,0,0,0,0
0.0009664400000000128,-2.021478190400011e-06,12.809960305588358,-2.66,-3.3795999999999995,11.14359165376915,0.0059574399999999805,0.0006405294126463901,0.013824927203329495,-0.03123886333333334,-0.001430881877444922,4.076816147168352,-0.12833533666666652,-0.010313764944315986,4.898208021265099,-0.0018860833333333325,-5.857524459722223e-06,3.7577881036036676,-0.08324878666666674,-0.005592993166746222,3.702751048869202,-0.05674274999999995,-2.2478025660833956e-05,1.678727947034675,0.7561768900253043,0.0008501116139755896,50,753,0,0,0,1
0.00045036000000020504,-8.957070528000015e-07,9.70646559499729,-1.4933333333333327,-3.952355555555555,11.207588655548218,0.005957453333333307,0.001127270263466304,0.008138087804070462,-0.017681269999999992,-0.0008171067349359001,1.7257111082247216,-0.02283495000000002,-0.014385676435322833,1.5187279923850823,-0.0011406300000000005,-5.1665596995e-06,2.653377502250006,0.02139395333333327,-0.009507743265468493,0.6260325804107136,-0.13164327999999997,-0.010572472953116,3.068297915561007,0.7685247247540681,-0.0027597282082134056,50,754,0,0,0,0
0.00016097333333353614,-6.259683022221544e-09,9.596995100834572,-0.32666666666666666,-4.229555555555555,11.299771632932728,0.005957446666666533,0.0016140027454941974,0.016293013323347077,-0.0065979100000000054,-0.0006316642298736335,1.5099834108651864,0.01830011999999992,-0.0080431113786344,0.20155826696271276,-0.00016790666666666784,-2.3923396654222228e-06,1.5887866952401388,0.06736583999999995,-0.003251083522608002,0.5423954562888423,-0.13780405666666662,-0.000350366487486653,2.013930605395019,0.7940045886339538,0.0007117877435511364,50,755,0,0,0,0
0.00016071999999989206,-6.270915199997938e-09,9.488795608532888,0.8399999999999999,-4.2112,11.42220235265313,0.0059574400000000916,0.002100734705538662,0.011859276039690137,0.009319973333333328,-0.000212174265372889,1.4203679599107828,0.0555761766666667,-0.0004400050891701125,0.19504042439225558,0.0008594233333333338,-3.7516067825555503e-07,1.6035865232395226,0.12835842000000008,0.006287395507353199,1.6919841287072641,-0.09204097333333333,-0.01228590785706489,2.7912955198737452,0.8456857676645072,0.005032119330516573,50,756,0,0,0,0
0.0001613533333332251,-6.276215155555935e-09,9.381878111860246,2.0066666666666664,-3.8972888888888884,8.40078705668856,0.005957453333333307,0.0025874779733817826,0.019261064424220296,0.03495216333333332,0.0008094590648465445,2.2393818549400457,0.13737277333333342,0.0035196085810596384,2.2782983069825766,0.002302913333333333,3.7262760672444435e-06,2.123693623621461,0.12386763,-0.0084786463527715,3.1156102494979687,0.0616388533333333,-0.016399106828155825,4.001551464853852,0.874125694170415,0.0017572600663736159,50,757,0,0,0,0
0.00016125333333316672,-6.327715555553834e-09,9.276263541507648,3.1733333333333333,-3.2878222222222226,10.873895405314027,0.005957443333333368,0.003074208523495617,0.013824927203329495,-0.0035139899999999877,-0.0006707993877521667,0.4096502174530836,-0.017601906666666722,-0.005031652681175027,0.30808982609589436,-0.0006047733333333326,-2.6242253195555556e-06,0.350582661614001,-0.05483170999999987,-0.0163766046932667,3.7833460077309136,0.19652481333333338,-0.012483382205265424,5.596447867269172,0.7902825370263769,0.00047824085684998794,50,758,0,0,0,1
0.0001609199999998978,-6.342638400001922e-09,9.171984940447999,-2.5200000000000005,0.4592000000000014,10.036170740398314,0.005957456666666694,0.003560954809777625,0.008138087804070462,-0.009633476666666675,-0.0006807732440170554,1.3482105680246443,-0.10702663333333323,-0.00210676129454156,2.5436902679081355,-0.001237216666666666,-2.6566816717222222e-06,1.7780801144127314,-0.15970045666666666,-0.010058941732117457,5.432440990147721,0.22689328666666664,-0.017238933979528758,7.960200845469368,0.7875904273789881,0.0010981979413921402,50,759,0,0,0,0
0.00016069333333335045,-6.357838222223487e-09,9.069090718046967,-2.333333333333333,-3.795555555555555,11.095701503097896,0.005957446666666644,0.004047683572655766,0.016293013323347077,0.009174479999999985,-0.0003278782508,1.365574530848999,0.03597045333333326,0.007504001273857516,0.39354957375754845,0.0007065233333333337,-9.661792917222215e-07,1.3827232497599034,0.057167336666666624,0.0029159733431538756,1.8173460620393762,0.010157936666666645,-0.01285252703843878,2.8608563580132422,0.8614271405616749,0.002098768358999379,50,760,0,0,0,0
0.0001605266666666605,-6.374928755556574e-09,8.967649650163738,-1.166666666666667,-4.285555555555556,11.095701503097896,0.0059574399999999805,0.004534412809295452,0.011859276039690139,0.010582946666666676,-7.883246566248885e-05,3.636104152162014,0.051994496666666556,-0.005174590295411719,0.2574215462144809,0.0010893133333333338,8.521096444447801e-10,2.625882251083791,0.07214911333333329,-0.007539068913300485,1.3715673681718232,-0.11768422333333328,-0.010252160667389194,2.730475282570416,0.8356402028751184,0.0017195394290407753,50,761,0,0,0,0
0.00016312000000018312,-6.3023679999973545e-09,12.149290417523787,0.040000000000000036,-4.4416,12.898294929050998,-0.03489360666666663,0.0033523405910365622,0.019261064424220296,0.0011611266666666648,-0.00031561827399595563,0.3643323551930388,0.03626152666666671,-0.009261951025358081,0.17854365950558923,0.00027831000000000036,-2.0314266794999994e-06,1.310351934695025,0.07300102999999991,-0.008877014031533898,1.413209982560026,-0.10094590666666647,0.000859750876004442,1.6329573856567992,0.7921750005877496,-0.00371105940335919,50,762,0,0,0,0
0.0001624933333332912,-6.258883022220855e-09,11.426621772256846,1.2000000000000002,-4.271999999999999,7.183275083034346,-0.028085106666666693,0.0006057661591655217,0.015581077621694908,-0.007009643333333343,-0.0007384235518569222,2.563249941261458,0.024782766666666678,-0.009105248102389555,0.2207857542188122,-0.0003130900000000011,-3.879129212566666e-06,2.423097219891578,0.06351191333333339,-0.009750050842575953,1.3997816142806732,-0.08363740000000008,-0.008230256659543998,1.8513304877578374,0.7603221934118654,-0.00039194804308247816,50,763,0,0,0,0
0.0001620000000001065,-6.222799999997204e-09,11.306875227809128,2.3600000000000003,-3.8368,10.873895405314027,-0.021276603333333366,-0.0015150062405914488,0.019261064424220296,-0.003420423333333353,-0.0003609668712653222,0.36985303799287766,0.02072400333333324,-0.007105982345599195,0.23884592013572362,-2.110666666666622e-05,-2.312183952088889e-06,1.4449326913927005,0.06312530333333333,-0.006355949376774387,1.300727917148662,-0.11973096333333338,-0.00998162120045639,2.7630995016989504,0.7789205615386304,-0.003491073111795466,50,764,0,0,0,0
0.0001617000000001534,-6.16705000000065e-09,11.190550001874938,2.4,1.5679999999999996,8.587530278383191,-0.01446808000000005,-0.003009992594053046,0.013824927203329495,-0.004340523333333332,7.102040342907789e-05,3.0719752506702256,-0.09293461999999997,0.0011619159356537345,1.3968402078167985,-0.0011134599999999997,-1.0471836668e-06,0.8695622084369296,-0.1558605933333334,-0.016537500910170356,5.2732339121469485,0.08981868333333332,-0.02098452015071772,6.383049383148521,0.8472271065701221,-0.0018282282300787658,50,765,0,0,0,0
0.00016205333333341176,-6.1256291555566286e-09,11.078109735036216,-3.16,-3.1104,12.0938185433318,-0.007659576666666612,-0.003879157389164653,0.019238238576939,-0.01926010333333334,-0.00025199063695412216,2.690705205648889,-0.17052367000000002,-0.005012874874243369,3.0995999776793783,-0.0016626566666666657,-1.7002683754555553e-06,4.110919420079926,-0.21183150666666656,-0.011956416678670222,6.578952702267401,0.12665934000000012,-0.0147253143588628,6.357831684685262,0.8074935392970657,-0.0014043407414793718,50,766,0,0,0,0
0.00016142666666674188,-6.082309155559848e-09,10.970672245686426,-2.0,-3.760000000000001,8.670920294271173,-0.0008510533333334069,-0.00412253201883131,0.013605272596496812,0.010242603333333336,-3.303543574372219e-05,0.6187578260540267,0.053585739999999826,0.006095981354723869,0.6178689767885898,0.0009658766666666655,-2.5498166372222155e-07,1.54917153766459,0.06247805666666684,-0.0026228769582783903,1.4154268877174931,-0.04763006999999997,-0.006748754416894565,1.7931715191731263,0.8278914637147717,-0.0036008105300893525,50,767,0,0,0,0
0.00016079999999984995,-6.0056320000011674e-09,10.873895405314027,-0.8400000000000003,-4.143999999999998,8.624122013063339,0.005957446666666699,-0.0037400927866018258,0.008138087804070462,0.0016381933333333293,-0.0003124700148058222,1.7511479811479858,0.03775716666666651,-0.008234989796892224,0.10978381923262487,0.00031241333333333326,-1.4129736987555555e-06,1.720013821277852,0.0582625366666667,-0.00551216086759879,1.322910391866484,-0.08939324666666665,-0.0050139292982490195,1.7044739318559565,0.7611766098803008,-0.004144381467631955,50,768,0,0,0,1
0.00016095333333354667,-6.0131538222249005e-09,10.750740712908714,0.3266666666666671,-4.255688888888889,11.627498653617387,0.0059574399999999805,-0.003253354835069361,0.016293013323347077,0.00046891000000000294,-0.0002963480453549667,3.988281660584179,0.03362042333333337,-0.011218532822379591,0.20651374988793236,0.00018815999999999972,-1.2824635021333335e-06,0.7378521057215096,0.05704118333333341,-0.011518751013834393,1.5407166415111015,-0.09432743666666654,-0.009177555356310391,3.771010515869408,0.7288997752788297,0.0019966059390520785,50,769,0,0,0,0
0.0001614133333330825,-6.059576888887431e-09,10.629132172470355,1.4933333333333336,-4.071822222222222,6.2291004572893725,0.005957453333333362,-0.002766623550202227,0.011859276039690137,0.001371276666666671,-0.0002097547932950556,0.4718174955926787,0.052784896666666525,-0.008284498878161052,0.20423503719466,0.00035302000000000076,-1.1481589422666665e-06,2.575073469108365,0.08002068333333334,-0.01105433938026639,2.6305107463088815,-0.04718718333333338,-0.006734802577503725,0.6090861509550537,0.7892921881029977,0.0023067185123876108,50,770,0,0,0,0
0.00016107999999992462,-6.089249599999829e-09,10.509012164509295,2.66,-3.5923999999999996,10.873895405314027,0.005957443333333257,-0.0022798840128563924,0.019261064424220296,-0.00042549999999998145,-5.77952622433333e-05,1.4106909553577645,0.018285676666666806,-0.0013263177437590513,0.23163923157653665,0.00011378333333333327,-4.509297057222221e-07,0.34469341414623494,0.022039563333333345,-0.00496920326041252,0.19268965507740635,0.05234793333333321,0.0016213666048177748,0.8980157373316182,0.8251165548730532,0.0018781936916606934,50,771,0,0,0,0
0.0001607733333335304,-6.094812088886912e-09,10.390330475245275,0.5600000000000005,5.5104,8.336697790323083,0.005957456666666638,-0.0017931497095504123,0.013824927203329495,-0.0026813099999999923,0.00018023459048969998,0.46214008949893604,-0.1076917433333332,-0.002653372341819324,1.6930478010572472,-0.00048119666666666776,1.9102901121111115e-07,0.49711521725679875,-0.14367686666666662,-0.011237042174076891,5.097485800796061,0.21330119333333342,-0.008717799960517018,7.847120586574624,0.8970366728211497,-0.0022542196267264164,50,772,0,0,0,1
0.00016108666666703186,-6.09703648888794e-09,10.273043783690419,-2.846666666666667,-3.2103555555555556,11.153804064712933,0.005957446666666644,-0.0013064119594402152,0.008138087804070462,0.00380630333333333,0.00020578126373961098,2.9357043406597128,-0.048818806666666825,-0.0022310205516354216,1.3911111423926201,-0.0004373633333333328,4.222153110777781e-07,1.6769954227966748,-0.10103918,-0.005198205156322265,2.8835161631370094,0.1405759900000001,-0.003518288337913098,4.01506050764378,0.8577261713245147,-0.0013457266081489143,50,773,0,0,0,0
0.0001613600000001103,-6.150463999998142e-09,10.157115286519314,-1.6800000000000002,-3.8304,11.11138625762391,0.005957440000000036,-0.0008196767313125297,0.016293013323347077,0.015015020000000004,0.0006412156196059999,1.6208757499416222,0.06678666,0.0002772162715755956,0.34923081542096923,0.0010559200000000001,2.736355241066667e-06,0.5294277725942907,0.05404713666666672,-0.004040443246327189,0.2605700680237555,-0.03944016666666683,-0.010099150678985558,1.6507608438711734,0.8607039328049645,0.0003637190662910204,50,774,0,0,0,0
0.0001610266666668414,-6.1752200888890616e-09,10.042514455825009,-0.5133333333333332,-4.154888888888888,11.095806734747933,0.005957433333333262,-0.00033294202516823135,0.011859276039690137,0.04185220999999999,0.0008623023642987666,6.754816215246439,0.0856481533333332,-0.002936355382575688,1.7912897428816221,0.0029520399999999987,3.9466694448e-06,4.670134033439306,0.09758504000000012,-0.005379322795123197,1.534057258522483,-0.10039036666666667,-0.007068869826282891,1.5852201435545983,0.9092364459462579,0.0002377748299191576,50,775,0,0,0,0
0.00016074666666676674,-6.183239822219901e-09,9.929216931765719,0.6533333333333329,-4.183822222222221,11.106531803743994,0.005957446666666755,0.0001537958185603011,0.019261064424220296,0.02849311333333332,0.000563547702163511,4.021954950680953,0.09045914999999993,-0.0033498882687514955,1.612623092193562,0.0019758266666666663,2.005492348977778e-06,3.0127850401016243,0.09324621666666666,-0.005727037647460393,1.511346908766365,-0.07934649333333343,-0.005594953576521691,2.6135437600288904,0.8735479927584063,-0.0013897721370919865,50,776,0,0,0,1
0.00016121999999996195,-6.184723599999316e-09,12.809960305588358,1.8199999999999998,-3.9172000000000007,8.34441756178247,0.0059574399999999805,0.0006405294126463901,0.013824927203329495,0.0007359833333333288,-0.0007118066727683891,1.463257468889876,0.07547206000000006,-0.006286134707444668,1.3359796659474017,9.057000000000075e-05,-3.0592437851000005e-06,1.2925936508762186,0.06899100000000002,-0.009157961796206666,1.335320423983588,-0.07728502333333331,-0.008322422082429459,1.7139456055937476,0.7848205841847742,-0.000985526075099583,50,777,0,0,1,0
0.0022373466666665287,2.080429481244468e-06,9.70646559499729,2.9866666666666664,-3.355022222222223,10.873895405314027,0.005957453333333307,0.001127270263466304,0.008138087804070462,-0.020355189999999995,-0.0005596948542092332,1.5955150805332408,-0.031624520000000045,-0.00379508469419226,0.1068746140441064,-0.0013526633333333328,-3.363115141722223e-06,1.6990633680926546,-0.09719322999999996,-0.008117608261194165,1.6549760827335491,0.06978953666666654,-0.010378993514273056,2.437626583232912,0.8262360572002815,-0.00048510141954491795,50,778,0,1,0,1
0.002867966666666777,-1.032370133555548e-06,9.596995100834572,-1.4,3.864000000000002,9.010114692814096,0.005957446666666533,0.0016140027454941974,0.016293013323347077,-0.0037752899999999867,-0.0008225880444683001,1.4176438190056377,-0.13634380666666668,-0.0034561066285367543,1.844748311922559,-0.0007757866666666668,-3.6421488440888885e-06,1.282783647898432,-0.17738044333333336,-0.01120796151982492,5.2539024953691404,0.1846711000000002,-0.015812976089872664,6.639818657735428,0.8714650591881855,0.0002589623089745671,50,779,0,0,0,0
0.002358879999999841,-2.059967840000016e-06,9.488795608532888,-2.5200000000000005,-3.5392,11.095701503097896,0.0059574400000000916,0.002100734705538662,0.011859276039690137,-0.015149063333333337,-0.00043810429388892245,0.6856252920890674,-0.026395433333333385,-0.0014278176773028749,0.11748074160209487,-0.0008179233333333331,-2.479275493322223e-06,0.47580556950124475,-0.0346996633333333,-0.006543257237727324,1.5089879044680068,0.008545343333333455,-0.01223590047834639,1.5049988339145317,0.8034944524864416,-0.001304967684823657,50,780,0,0,0,0
0.0018506799999999934,-2.5228892176000112e-06,9.381878111860246,-1.3533333333333335,-4.076488888888889,11.57808087787559,0.005957453333333307,0.0025874779733817826,0.019261064424220296,-0.015347556666666665,-0.0008297662370433223,3.820182121451964,0.0006461433333333488,-0.010928120489646528,0.33482963317411746,-0.0008489599999999993,-3.8735604903999996e-06,2.604730103740049,-0.0011038600000000676,-0.00985603776434627,2.741055527229935,0.029137353333333227,-0.015672225914485555,5.053043436982553,0.7855139936244799,0.0005832642322819067,50,781,0,0,0,0
0.0013417466666665323,-2.421441222755584e-06,9.276263541507648,-0.18666666666666654,-4.3182222222222215,11.772397771504203,0.005957443333333368,0.003074208523495617,0.013824927203329495,-0.015210986666666676,-0.0005462543393875555,1.8256862012020416,-0.013740906666666719,-0.010771422706595823,0.36149708045700124,-0.0008157933333333327,-2.5557815951555555e-06,2.6759600015261684,0.01634557999999997,-0.008756659869331865,0.42889732299243266,-0.021884563333333218,-0.012507074620753187,3.7149746012596374,0.781157914972571,-0.0012239396292211208,50,782,0,0,0,0
0.0008325800000000827,-1.7549996788000184e-06,9.171984940447999,0.98,-4.2644,11.095701503097896,0.005957456666666694,0.003560954809777625,0.008138087804070462,0.028034249999999997,0.005685849906475834,2.076072372619865,0.04809527999999996,4.602205753679797e-05,0.43029270027687966,0.0018808299999999983,2.3816093724233334e-05,2.0088897455379966,0.06512773999999999,-0.005668451192612934,1.5015591053032562,0.006894756666666613,-0.007040907679911456,2.5188775978492908,0.8879276326452812,0.004138791276458715,50,783,0,0,0,0
0.0003235200000001326,-5.241053888000093e-07,9.069090718046967,2.1466666666666665,-3.915022222222222,8.742290650228757,0.005957446666666644,0.004047683572655766,0.016293013323347077,0.011086153333333307,-0.0003331964211823557,0.47398167007435477,0.07594467000000005,0.0014259173761636997,0.5869475018555812,0.0007832633333333325,-1.5497466026555552e-06,0.542580319446825,0.06632748,-0.003880215406340001,1.5316691072818696,0.026451806666666577,-0.00620674897322129,2.870102438013802,0.8909778813999423,0.0013361837431208631,50,784,0,0,0,0
0.00016148666666682132,-6.37151115555749e-09,8.967649650163738,3.3133333333333335,-3.2700888888888895,10.873895405314027,0.0059574399999999805,0.004534412809295452,0.011859276039690139,-0.0008065633333333433,-0.0013438314986497222,1.8014597378190582,-0.08476241000000007,-0.009509429878754964,2.7974417808401553,-0.0009149533333333336,-5.057216017555557e-06,1.6325670641961003,-0.11669172333333339,-0.010457766414957456,5.115872423281073,0.10675572999999983,-0.007694854487308568,5.324112318043525,0.8643671576703337,-0.0019886171051210133,50,785,0,0,0,0
0.0001629600000001563,-6.339737600002702e-09,12.149290417523787,-3.3200000000000003,-3.232,12.898294929050998,-0.03489360666666663,0.0033523405910365622,0.019261064424220296,-0.01501645,-0.0012222588236455003,2.808038989323454,-0.15335219333333328,-0.004206853299053553,4.135227017225272,-0.0017963466666666666,-5.951276236888888e-06,4.108119530137437,-0.1746781033333334,-0.006492615634122923,6.448378149588698,0.10495028666666661,-0.00045128675103595604,2.7702660726734787,0.8285714691730262,-0.004186708856910233,50,786,0,0,0,0
0.00016233333333326438,-6.281408888891483e-09,11.426621772256846,-2.16,-3.868800000000001,9.045093713652776,-0.028085106666666693,0.0006057661591655217,0.015581077621694908,-0.012389133333333344,-0.0014002853919768887,2.601942681287641,-0.0064167233333333185,-0.0033104023686983917,0.16224920108025592,-0.0004704166666666667,-6.281075969722221e-06,3.6795614236604814,0.03709477333333344,-0.005380226873069688,0.11387853838223297,-0.05290489333333337,-0.002687393350408353,1.4530892329579794,0.7816902711180187,-0.001576525801983852,50,787,0,0,0,0
0.0001619600000003496,-6.221126400002041e-09,11.306875227809128,-1.0,-4.24,8.909880378198732,-0.021276603333333366,-0.0015150062405914488,0.019261064424220296,-0.01570724666666666,-0.0013715915684578224,1.7452980843002,-0.007649986666666608,-0.012487012466917424,0.2422453591345251,-0.0006128166666666667,-5.97142038572222e-06,1.485306064231007,0.04811062333333349,-0.004802556248046387,0.345915191828309,-0.11321933666666673,0.006547115724408949,2.165381756021264,0.8395298128110565,-0.0014122023207232793,50,788,0,0,0,0
0.0001623600000003611,-6.178139199999634e-09,11.190550001874938,0.16000000000000014,-4.3456,12.243753275950137,-0.01446808000000005,-0.003009992594053046,0.013824927203329495,-0.007445083333333324,-0.0012349036800397225,1.4704221753557067,-0.03598627666666654,-0.011501216256761718,1.4839295906274117,-1.2573333333333256e-05,-5.451315464888888e-06,1.6974222919110058,0.0633575333333335,0.0005565473139217784,0.5535131956593571,-0.12759653000000015,-0.0039715447181453666,3.1049846652739532,0.8684917640325936,-0.0005054707845720855,50,789,0,0,0,0
0.00016173333333346918,-6.138488888888031e-09,11.078109735036216,1.3200000000000003,-4.185599999999999,6.639983542403655,-0.007659576666666612,-0.003879157389164653,0.019238238576939,0.006892529999999994,-0.00015801589556536672,1.8321636471246634,-0.013390959999999952,-0.0072684658477528,1.310703854483334,0.0009072933333333349,-6.391340984888892e-07,1.211255047782341,0.027653259999999902,-0.0028879253654564008,0.2853884425235947,-0.16790055999999987,0.005217486627621601,4.147783869392837,0.8735531250312004,-0.00017186956809213128,50,790,0,0,0,0
0.0001611066666663552,-6.065481422220917e-09,10.970672245686426,2.4800000000000004,-3.7600000000000002,10.873895405314027,-0.0008510533333334069,-0.00412253201883131,0.013605272596496812,0.005702996666666682,2.3754054049611104e-05,0.854886275394459,-0.03465584999999993,-0.003540867637279496,1.3181296034108205,0.0008273099999999995,-4.2126812299999426e-08,2.9542883802890927,0.022631586666666814,-0.006816494437759288,0.698535534833554,-0.19772508666666672,-0.0037445547500455506,3.4945273750218586,0.8562099326905642,0.0005081115657543105,50,791,0,0,0,0
0.00016092000000011986,-5.992777599998519e-09,10.873895405314027,1.6800000000000002,3.9871999999999996,8.402315915279468,0.005957446666666699,-0.0037400927866018258,0.008138087804070462,0.0074483266666666575,0.00027121018006404454,3.771022830531433,-0.07625261000000005,0.00240144487268356,0.4632662315484817,0.00044648666666666746,5.66377239777778e-07,1.8130027714037262,-0.13082078333333336,-0.012307233639231722,5.355802835553208,0.12502626666666672,-0.01623903032145289,4.919330961897621,0.890651133148319,0.0006135336022795232,50,792,0,0,0,0
0.0001614266666664088,-6.036619555554229e-09,10.750740712908714,-3.033333333333333,-3.090888888888889,11.627498653617387,0.0059574399999999805,-0.003253354835069361,0.016293013323347077,0.01654298333333333,0.00015110597009561117,3.2748065200378664,-0.025278126666666623,0.00043649083779124034,0.2124351929732315,0.0007991099999999996,9.327791874333338e-07,0.8459825420063632,-0.15855772999999995,-0.0089303191998971,5.423597366444069,0.1086433166666666,0.009036958998777617,0.6736020648766494,0.8948081301759793,0.0011520450907665423,50,793,0,0,0,0
0.00016109333333325093,-6.067521422221921e-09,10.629132172470355,-1.8666666666666667,-3.7582222222222215,11.457516202387595,0.005957453333333362,-0.002766623550202227,0.011859276039690137,0.01569557000000002,0.0006986006937974334,2.0210595589340326,0.0799667366666667,0.0010880598745518812,0.7106298402545801,0.0011479033333333328,3.3269903925444435e-06,2.5018068154417046,0.06271454666666665,-0.005671003986229953,0.41250626256111766,-0.09440354333333334,-0.007508357696940124,3.9143868920116605,0.9218456341441958,-0.0006878666310779463,50,794,0,0,0,1
0.00016077999999974946,-6.072587599998143e-09,10.509012164509295,-0.6999999999999997,-4.13,8.54509097073445,0.005957443333333257,-0.0022798840128563924,0.019261064424220296,0.00123655666666668,-0.00036115796103425546,1.4106597431802004,0.0479093399999998,-0.004386559654764404,0.515547997930317,0.0001118466666666677,-1.5863334556888888e-06,0.377334191513976,0.06685736333333336,-0.00849464516511506,1.4009111057880823,-0.040203236666666586,-0.015292523130115327,1.664449490351331,0.8921561188711503,0.0005794617544544437,50,795,0,0,0,0
0.00016105333333349403,-6.075709155554519e-09,10.390330475245275,0.46666666666666723,-4.206222222222222,11.224210116342825,0.005957456666666638,-0.0017931497095504123,0.013824927203329495,-0.009530913333333349,-0.0002145578836962222,1.496360333371042,0.04277449666666666,-0.004419567116049187,0.38356944041119556,-0.0009075133333333336,-5.255904844888891e-07,2.844072106535788,0.07819694333333349,-0.006605865950589859,1.4632948652688533,0.008073150000000084,-0.013719728109098168,1.3690704594435328,0.8680509782699987,0.0002492035284248936,50,796,0,0,0,0
0.0001613733333333256,-6.127883555553779e-09,10.273043783690419,1.6333333333333337,-3.9868888888888883,8.643666598132045,0.005957446666666644,-0.0013064119594402152,0.008138087804070462,-0.022169410000000014,-0.0003656538362603001,5.7713085568969,0.004252240000000129,-0.00676932448692533,0.23294102761462385,-0.00142268,-1.7899337951999994e-06,5.730826205101128,0.04434315000000005,-0.0052265775604215005,0.3758039558662174,0.05428221666666677,-0.01909232426467572,3.873146076673371,0.8857397614898365,-0.0014242413147738146,50,797,0,0,0,0
0.0001610400000000567,-6.1538687999976736e-09,10.157115286519314,2.7999999999999994,-3.471999999999999,10.873895405314027,0.005957440000000036,-0.0008196767313125297,0.016293013323347077,-0.017697693333333334,-0.00023309966913022233,1.801566047355323,-0.07967168000000008,-0.004647610480243463,3.838839106026769,-0.001016293333333332,-1.3917280056888894e-06,2.8950770181845855,-0.0573208899999999,-0.0013605109172298985,1.520638923322908,-0.011385960000000028,-0.006543850376973333,0.5866586223954621,0.8369344631458071,0.0030918394084247466,50,798,0,0,0,0
0.0001607533333334299,-6.161203422224994e-09,10.042514455825009,-0.2799999999999998,5.476800000000001,8.494560462508344,0.005957433333333262,-0.00033294202516823135,0.011859276039690137,-0.013447053333333334,-0.0002633215996419555,2.553324958327263,-0.1546707533333332,-0.005927133983657292,5.529866382186124,-0.0008832666666666661,-1.3249449302222216e-06,3.7852477294459383,-0.13864403333333336,-0.009907646001750887,6.1631417140618785,0.13752777333333333,-0.012658034592732889,5.2294343536442,0.88183163842755,0.0028495982379493213,50,799,0,0,0,0
0.00016118666666675718,-6.162445155555624e-09,9.929216931765719,-2.7066666666666666,-3.3326222222222226,11.106531803743994,0.005957446666666755,0.0001537958185603011,0.019261064424220296,0.00014009666666667253,-0.0001666205730966556,0.5043853607997563,-0.04765737666666664,-0.0032344630460269252,1.2862053689448167,5.8493333333333765e-05,-8.01514372888889e-07,1.6833312011451675,-0.027762876666666714,-0.0036816085566085226,0.16951542221264354,0.02350875666666663,-0.002099273302565055,0.40971036151087215,0.8845162133177088,0.00044146550944416577,50,800,0,0,0,0
0.00016131999999990931,-6.217640000004757e-09,12.809960305588358,-1.5399999999999996,-3.917199999999999,11.14359165376915,0.0059574399999999805,0.0006405294126463901,0.013824927203329495,0.025844800000000015,0.006498409541993336,1.7459452069406254,0.06907322666666671,-0.005483214021833688,1.4011516893133837,0.0011064433333333344,1.555536148411111e-06,1.6960039047981366,0.08503968666666667,-0.006280149973029557,1.5502548017562778,-0.05132315333333348,-0.0051106552063092895,1.5119836761212135,0.8767963595187787,0.0012139029197234682,50,801,0,0,0,0
0.0001609866666665294,-6.238708622223356e-09,9.70646559499729,-0.3733333333333335,-4.206222222222222,11.207588655548218,0.005957453333333307,0.001127270263466304,0.008138087804070462,0.008669703333333334,-0.0012900657965270559,1.6189292408308569,0.06967124333333341,-0.004064709714345596,0.48483684309317693,0.0007680566666666659,-9.256177393222225e-07,0.7454690883730117,0.07580103000000005,-0.0066690132262381685,1.4192512165727116,-0.040412283333333465,-0.008042624191654392,1.7629138294812252,0.8537856177849759,0.0016266332735090031,50,802,0,0,0,1
0.00016072666666688828,-6.249066888891436e-09,9.596995100834572,0.793333333333333,-4.199688888888889,11.299771632932728,0.005957446666666533,0.0016140027454941974,0.016293013323347077,-0.0002150466666666767,-0.0013153758076135556,0.44063152403470124,0.08167755999999987,-0.0023504544937816008,0.4559865753892094,0.00016782333333333326,-9.99009499188889e-07,0.28461685982752055,0.06285172000000006,-0.007846498599506934,1.493879682701782,-0.018894746666666795,-0.009774880542290488,3.806597585375221,0.8175344787404893,-0.0011249547748790458,50,803,0,0,0,0
0.0001613200000003534,-6.2529855999970405e-09,9.488795608532888,1.96,-3.8976,8.35164764467192,0.0059574400000000916,0.002100734705538662,0.011859276039690137,0.006774693333333345,-0.0012895785648115558,0.400985667132941,0.04745407666666668,-0.005598211383933457,0.1825715110289385,0.0006853666666666661,-8.560336975555552e-07,0.49124265126231154,0.04773947333333339,-0.009235200443812486,1.4580077851883393,-0.06680844666666663,-0.0070363226594247555,2.6701600485186567,0.8210217030607961,-0.0028341285498504013,50,804,0,0,0,0
0.0001612666666668261,-6.3058888888891716e-09,9.381878111860246,3.1266666666666665,-3.2999555555555555,10.873895405314027,0.005957453333333307,0.0025874779733817826,0.019261064424220296,0.0004919599999999996,-0.0011804523335178668,0.43645429957217424,-0.07636964000000007,-0.007056255179666137,1.5415155349450078,0.00014412333333333437,-5.032709643888887e-07,0.6198056763952309,-0.11650353666666674,-0.008927187581511856,4.0506959637090585,0.05237133666666671,-0.00010137608610105361,1.6123649039697123,0.8668586069310881,0.0004085733242717315,50,805,0,0,0,0
0.08110921333333343,0.0012492522935431112,9.276263541507648,-2.24,1.4784000000000024,9.709277872157497,0.005957443333333368,0.003074208523495617,0.013824927203329495,-0.010602006666666663,-0.001121289987306622,3.7994426356697395,-0.1625552833333333,-0.006275365557343057,5.354095163035175,-0.0011061100000000004,-3.0369391830000013e-07,5.058308510655078,-0.20142667333333342,-0.006368170411089288,7.650490300387006,0.15350720666666662,-0.0018504142494815586,6.223819631419889,0.8558685752490769,-0.0010966462360089552,50,806,0,0,0,0
0.08689159999999985,-0.00111933666584,9.171984940447999,-2.38,-3.726800000000001,11.095701503097896,0.005957456666666694,0.003560954809777625,0.008138087804070462,-0.011334876666666674,-0.0012801233892805225,4.098175717538603,-0.04504669333333322,-0.005777231189152354,1.4216072355286888,-0.00046697999999999965,-1.0466771980000002e-06,2.7443762114953376,-0.00783621333333323,-0.0063442442521670205,1.4533724059764914,-0.08450144333333326,0.0019515695493582778,0.6259033201109627,0.8522749262009225,-0.00014378917267298273,50,807,0,0,0,0
-0.05140460000000002,-0.000772794868112001,9.069090718046967,-1.2133333333333338,-4.228622222222223,11.095701503097896,0.005957446666666644,0.004047683572655766,0.016293013323347077,-0.010380683333333321,-0.00017619574356905553,4.95565419804309,-0.005413600000000018,-0.011721157583086665,1.7884995560575412,-0.0005637000000000012,-8.792362460000002e-07,4.036038613958828,0.024843760000000048,-0.009361886169465863,2.5831685101361694,-0.028978019999999938,-0.006440757535395599,0.6528491709178323,0.7471843591905941,0.0011512630781897535,50,808,0,0,0,0
-0.0542572533333332,-0.0025588625373155548,11.095701503097896,-0.046666666666666856,-4.434888888888889,12.722255141242321,0.0059574399999999805,0.004534412809295452,0.011859276039690139,-0.005356633333333333,-4.4325746950888843e-05,1.5222949089218123,-0.006009196666666716,-0.010332505437473853,1.4768866821235056,-0.0002460333333333328,-2.6092171355555557e-07,1.5235597295200103,0.04380203000000005,-0.0057465360252220345,0.35354033551502145,-0.026720696666666655,-0.0028990595585837234,0.2811626825198859,0.8133374461294309,0.0013937773125460055,50,809,0,0,0,0
-0.04489351999999991,-0.002909360782649598,11.095701503097896,1.1600000000000001,-4.307199999999999,7.526191561261049,-0.03489360666666663,0.0033523405910365622,0.019261064424220296,0.006164206666666672,3.347258834177731e-06,0.22739244131830674,-0.007909850000000052,-0.007150957776704834,1.476917609180433,0.0005721533333333337,3.80074595111117e-08,0.6185020662980579,0.057932869999999914,-0.004025030280237502,1.5713336525414068,-0.10408774999999998,-0.0015244509344875014,3.21169036477349,0.8180567104740981,-5.733878152056898e-06,50,810,0,0,0,0
-0.03649556666666676,-0.0031487629636428867,11.648427870040717,2.3200000000000003,-3.8688000000000002,10.873895405314027,-0.028085106666666693,0.0006057661591655217,0.015581077621694908,0.008705319999999989,0.0002589381066258666,0.3889433131808472,0.008410756666666575,-0.0019579146303601233,0.10243396050191156,0.0007597299999999993,1.0849490514333337e-06,0.5902638032839433,0.019715176666666723,-0.006646363499706523,1.482399354979653,-0.12619889333333323,-0.00020243553461528688,1.5099880461097577,0.815725716369309,-0.002090513482624682,50,811,0,0,0,0
-0.02728085333333352,-0.0032749608319150203,11.095701503097896,2.64,0.5311999999999992,8.688074280414863,-0.021276603333333366,-0.0015150062405914488,0.019261064424220296,0.005245206666666669,8.664237405417766e-05,2.0829421009769096,-0.07364718333333348,0.0004941347276116136,1.6892012997270855,0.0004624766666666679,1.7604368014444383e-07,1.9836761072737379,-0.12213536999999991,-0.008994612959252166,6.331090152659188,-0.07729677666666657,-0.011695260555805323,1.5905553132771177,0.8539846586523012,-0.00388604733793282,50,812,0,0,0,0
0.0036903199999998026,-0.0022677387914431992,10.873895405314027,-3.2,-3.1360000000000006,12.243753275950137,-0.01446808000000005,-0.003009992594053046,0.013824927203329495,-0.008626906666666677,-1.8408547312622283e-05,2.8634315973029616,-0.13136569000000003,-0.0005866228106333696,3.23959638510967,-0.0005926266666666669,-9.886850248888889e-08,1.5484901943792229,-0.1629484633333334,-0.006989833567211457,6.682505833995846,0.06940938666666663,-0.009622200105497426,3.1312647475676725,0.8265067232712273,-0.003908466577241833,50,813,0,0,0,0
0.019884573333333266,-0.0003227910918552885,10.873895405314027,-2.04,-3.782400000000001,8.731584776801402,-0.007659576666666612,-0.003879157389164653,0.019238238576939,0.014107413333333346,-0.00013679782185422215,3.301251999585718,0.04775956333333331,0.0006605958757654774,0.4751761554483074,0.0009449366666666658,-5.204141526555557e-07,4.4327165429729005,0.06518986333333332,-0.001539128333627189,0.3143024815366064,-0.05322364333333346,0.011701726773027483,0.8315201709648634,0.8725935797772074,-0.0005942897758736639,50,814,0,0,0,0
0.015813439999999956,-0.00015189025761919953,10.970672245686426,-0.8799999999999999,-4.163199999999999,8.670920294271173,-0.0008510533333334069,-0.00412253201883131,0.013605272596496812,0.002553860000000005,-1.5588713251866667e-05,0.38768971672624075,0.0583566433333334,-0.0008316297835778575,0.6335552383523305,0.00013027666666666753,-1.7198157055555204e-08,1.2581663254126323,0.08736233666666665,-0.005694798781586925,2.6648213621550214,0.030970766666666705,0.001337754263397108,0.18753989474648586,0.8598313980664848,-0.0005236669745413298,50,815,0,0,0,1
0.01067355999999997,-0.00012752310779839973,10.873895405314027,0.28000000000000025,-4.2784,11.84074468629195,0.005957446666666699,-0.0037400927866018258,0.008138087804070462,-0.014092786666666648,0.0001019976670729778,1.9356258532657682,0.050738356666666706,-0.004484170142842655,0.27176826089548267,-0.0009927233333333323,3.936769042777779e-07,3.042438073909331,0.0706671966666666,-0.006610483455607455,1.6439907712834654,0.044950306666666606,-0.0037943559872408925,1.36296590347585,0.8059736334177005,-0.00010217383411701367,50,816,0,0,0,0
0.00632294000000011,-8.592184928680007e-05,10.750740712908714,1.4466666666666668,-4.106355555555554,6.315680914758144,0.0059574399999999805,-0.003253354835069361,0.016293013323347077,-0.006716199999999992,-3.446408033200006e-05,0.45927680411226707,0.04517504666666672,-0.005194066557918889,1.275060807717998,-0.0005035700000000001,-2.3685450589999987e-07,0.44130309425701025,0.07905579666666673,-0.004801622080970656,0.5889281722828602,0.04160234333333329,-0.003268461960267321,1.3011505977914033,0.79643553821045,-0.00015555191285531223,50,817,0,0,0,0
0.002730839999999901,-3.9047577625599804e-05,10.629132172470355,2.6133333333333337,-3.6387555555555555,10.873895405314027,0.005957453333333362,-0.002766623550202227,0.011859276039690137,-0.0002266733333333576,9.182940974977727e-06,1.5604720419086386,0.028768213333333237,0.0022007140573007122,0.4133322720813159,-0.00013088999999999983,-1.144421237666666e-07,2.803084884820195,-0.0019341866666666152,-0.001436085446943288,1.3773740776088672,0.09429968333333338,-0.00679040164303839,3.0227515455953586,0.8380724651759089,0.0003507073156275914,50,818,0,0,0,0
0.0001607799999999715,-6.072587600000909e-09,10.509012164509295,0.8399999999999999,5.297599999999997,8.323284872950579,0.005957443333333257,-0.0022798840128563924,0.019261064424220296,-0.012203360000000003,2.4952098103200057e-05,2.840397308703624,-0.10635771,-0.003644198224971631,3.203061670750464,-0.0009460566666666666,-2.3456871212222225e-07,3.7413230964012607,-0.15473593666666663,-0.009787062004919855,7.711168557531577,0.17585531666666665,-0.007721717400690388,6.7591957789526464,0.8822869638778431,0.0035338771965240366,50,819,0,0,0,0
0.00016105333333371608,-6.075709155558185e-09,10.390330475245275,-2.893333333333333,-3.1758222222222225,11.224210116342825,0.005957456666666638,-0.0017931497095504123,0.013824927203329495,-0.00976912666666667,-0.00013261138749942207,2.6360095956738014,-0.08949217999999992,-0.005452042303135599,2.9661731337831196,-0.0007011666666666668,-4.126037255555555e-07,0.664686561425402,-0.09825306,-0.005799463609390796,2.8662441338950506,0.08265786333333325,-0.004460639977136655,1.4581552559046895,0.8825805846141449,-0.001133430657305296,50,820,0,0,0,1
0.0001613733333333256,-6.127883555553779e-09,10.273043783690419,-1.726666666666667,-3.8076888888888893,11.153804064712933,0.005957446666666644,-0.0013064119594402152,0.008138087804070462,0.014526686666666691,-3.3898593536222375e-05,1.7939368284754404,0.04932308999999996,-0.004699933618947234,0.3767505196606672,0.0011251466666666677,-3.019422462222231e-08,2.0944350693787763,0.09286039000000007,-0.004998129449009771,1.4175669300116212,-0.13733775333333342,0.0032281888192629803,1.9152320380179249,0.865346008922114,6.957212156305199e-05,50,821,0,0,0,0
0.0001610400000000567,-6.153868800000113e-09,10.157115286519314,-0.56,-4.144,8.643771804833492,0.005957440000000036,-0.0008196767313125297,0.016293013323347077,0.02718011333333334,-0.00028116854488288896,5.888228048921496,0.07156003333333327,-0.004627403399774884,1.739266358802448,0.001970163333333331,-1.0933020194555557e-06,7.288114610372171,0.13710772999999993,-0.0036899772275612343,3.115247691733525,-0.2268246000000002,0.005114960839228001,7.16938474529943,0.8718532917644104,-0.0026364290412074134,50,822,0,0,0,1
0.00016075333333320785,-6.161203422219967e-09,10.042514455825009,0.6066666666666665,-4.1847555555555545,11.095806734747933,0.005957433333333262,-0.00033294202516823135,0.011859276039690137,0.010688976666666655,-0.00020058249107358884,1.5096611224746201,0.06165325666666671,-0.007269935924572523,1.3356005164045484,0.0007698366666666666,-9.059319634555558e-07,1.5648644543780732,0.07349133000000002,-0.01101935378636657,1.6290817106719322,-0.06240057333333332,-0.012976008263395018,3.091491130159811,0.8456990266682651,0.00016865523201122588,50,823,0,0,0,0
0.00016118666666642412,-6.162445155554818e-09,9.929216931765719,1.773333333333333,-3.929955555555555,8.385673563550386,0.005957446666666755,0.0001537958185603011,0.019261064424220296,-0.006529030000000005,-0.0003202092879232333,1.8220257470412586,0.038131959999999965,-0.008129248021552531,0.35999535759448587,-0.00039937333333333377,-1.6046800859555558e-06,3.8600334369971376,0.018007096666666667,-0.013575834221593587,1.9706738883600003,-0.032197353333333345,-0.01474767515552049,0.47493824503924426,0.8183428080797305,0.00027406887089122153,50,824,0,0,1,1
0.00016131999999990931,-6.217639999997981e-09,12.809960305588358,2.9399999999999995,-3.3796,10.92178555598528,0.0059574399999999805,0.0006405294126463901,0.013824927203329495,-0.008984313333333327,-9.507916547462226e-05,1.67859440571096,-0.05145103000000001,-0.004726176953521502,2.89795183863872,-0.00116533,-1.1770622850999997e-06,2.8412285966922015,-0.10257383333333336,-0.010320838395752223,3.780421599455474,0.03258183333333342,-0.010848378893085556,1.6420843731156656,0.803492247182865,0.0028446177646481424,50,825,0,0,1,0
0.00016098666666697348,-6.238708622220332e-09,9.70646559499729,-1.12,4.435199999999998,8.843867397464514,0.005957453333333307,0.001127270263466304,0.008138087804070462,-0.009442100000000009,-2.3423210608666692e-05,3.7549715505055765,-0.14737127,-0.004669992493340434,6.627525788302112,-0.0012004566666666662,-3.3895585692222196e-07,1.930164037185924,-0.21532113000000003,-0.011074534471971903,7.733362325998462,0.11766666333333325,-0.010505017886149853,2.697548965397202,0.8849730512316853,0.0017966981270040158,50,826,0,0,0,0
0.00016072666666666624,-6.249066888891678e-09,9.596995100834572,-2.5666666666666673,-3.482888888888888,11.095701503097896,0.005957446666666533,0.0016140027454941974,0.016293013323347077,-0.0024599200000000043,-4.5938949301600036e-05,0.5767896001366905,-0.027866763333333433,0.0008467236787297432,0.20382086289120738,7.033333333334932e-07,-5.896013255888889e-07,1.5129547685672329,-0.03448566666666669,-0.008957796014548889,2.910475087807379,0.02494588666666675,-0.012586478630041026,1.4907236355104225,0.8647938921699513,0.0013356471928736731,50,827,0,0,0,0
0.00016132000000002034,-6.252985600000547e-09,9.488795608532888,-1.4000000000000004,-4.032,11.42220235265313,0.0059574400000000916,0.002100734705538662,0.011859276039690137,-0.0011569866666666512,0.00011568715456977788,0.6075885375905957,0.03940797666666668,-0.003473587435476523,0.33606750852895284,0.00014141333333333398,2.2618117591111105e-07,0.567736243802666,0.032954473333333456,-0.010408526141409021,0.4442190202441729,-0.022951696666666743,-0.012903095397359588,1.5150393808352953,0.8369856097201732,0.002894588023583132,50,828,0,0,0,0
0.0001612666666668261,-6.305888888893259e-09,9.381878111860246,-0.2333333333333334,-4.285555555555555,11.57808087787559,0.005957453333333307,0.0025874779733817826,0.019261064424220296,-0.015822963333333336,-0.0001211710131551888,3.1052203283441524,0.028867420000000032,-0.004441526971406,0.30961350800781823,-0.0008643233333333342,-7.761300265222224e-07,1.5485684391183683,0.0403090266666668,-0.005637307839125956,0.22078575421881216,-0.042847866666666734,0.0009158262851257752,0.13491819827094206,0.7828305613772691,-0.003182556480851308,50,829,0,0,1,0
0.00016093333333344617,-6.32204088889016e-09,9.276263541507648,0.9333333333333331,-4.243555555555555,11.095701503097896,0.005957443333333368,0.003074208523495617,0.013824927203329495,-0.0050954566666666645,0.000159486009228011,0.45506464364155447,0.03661465333333336,-0.0025547923590307567,0.1825715110289385,-0.0001379399999999996,6.206038705333338e-07,0.3677897876396601,0.06142242666666664,-0.006928512901720358,1.530926189232766,-0.018624313333333475,-0.010389519337086086,1.6200714856785445,0.8272223167660562,-0.0008115714838027304,50,830,0,0,0,0
0.00016069999999979157,-6.3361780000017074e-09,9.171984940447999,2.1,-3.9060000000000006,8.587113638418442,0.005957456666666694,0.003560954809777625,0.008138087804070462,-0.005606686666666659,-0.0001221873142823555,0.6312624263575237,0.06249819666666667,-0.0031777741864086554,0.5514183629172594,-0.00020176333333333293,-6.358088473222225e-07,0.5047837902274567,0.05979545999999991,-0.011031186575772668,1.7956052365882178,0.029248543333333377,-0.00824227173637452,3.676254778849349,0.7938127859856404,-0.0044269612304944075,50,831,0,0,0,0
0.00016145333333317247,-6.347330488886269e-09,9.069090718046967,3.2666666666666666,-3.2728888888888887,10.873895405314027,0.005957446666666644,0.004047683572655766,0.016293013323347077,-0.01417119,-0.0002263028419385666,3.2532325058105913,-0.05694734000000007,-0.007517315710677463,3.673378164773016,-0.0010837366666666668,-1.2390102909222223e-06,2.7436999686080488,-0.16007765666666662,-0.010493543057805456,6.462324731977417,0.19813742999999973,-0.006731047064571099,7.792016144060315,0.8431739126749893,-0.0008766071378386363,50,832,0,0,0,0
0.0001612133333332988,-6.3926302222222445e-09,8.967649650163738,-3.08,-1.9152000000000002,10.993511673233654,0.0059574399999999805,0.004534412809295452,0.011859276039690139,-0.023648696666666677,-0.00040969773349478904,6.39965338327349,-0.1533531566666667,-0.006819641658179587,7.762860315066438,-0.0016954066666666672,-1.8608846818222221e-06,6.281384720071928,-0.23187641333333328,-0.009063776297466757,8.991862132905922,0.23218129666666676,-0.006262996245180123,5.591750477533666,0.9294196860657583,-0.001179584565374656,50,833,0,0,1,1
0.0001626400000001027,-6.329523199998144e-09,12.149290417523787,-2.2,-3.904000000000001,9.249382880729407,-0.03489360666666663,0.0033523405910365622,0.019261064424220296,0.004084343333333344,-0.00011518310675372222,0.3915049421592228,0.006564083333333415,0.0009109024050402773,0.24591442998064583,0.00014750000000000093,-1.5342401000000015e-07,0.3668662704437575,-0.0358251633333333,-0.006834924072208263,3.762852774985655,-0.015448876666666722,-0.006657388595107325,0.5179773958897756,0.7951219105853312,-0.004299492548667525,50,834,0,1,0,0
0.00016221999999987968,-6.273195599999033e-09,11.426621772256846,-1.04,-4.272,9.045093713652776,-0.028085106666666693,0.0006057661591655217,0.015581077621694908,0.010297256666666671,0.00025961399490387777,0.4106796862483242,0.038830710000000046,-0.0007904128188045666,0.600451991169672,0.0007139300000000002,9.502773166333332e-07,2.7786052103764067,-0.009347496666666677,-0.0071346558477153234,2.7181998332740034,-0.01247216333333323,-0.015322489299888123,2.5052922263936446,0.8470254718985438,-0.0008243329758258337,50,835,0,0,0,0
0.0005343066666666507,1.0354042897777466e-06,11.306875227809128,0.1200000000000001,-4.3744000000000005,12.416117188334756,-0.021276603333333366,-0.0015150062405914488,0.019261064424220296,0.008401393333333326,0.0007027179307525775,0.5013676820014129,0.04389365333333334,0.0033887114921268453,0.698258741965448,0.0006304600000000002,2.6677047033333326e-06,0.3840718089809191,0.0019488866666667048,-0.006216498415989827,1.6505550874132342,-0.02912276333333319,-0.006125929849614785,0.3113774823383928,0.8568433326276008,-0.0022639765709273705,50,836,0,0,0,0
0.0031971000000000638,-2.1338533799999654e-07,11.190550001874938,1.2800000000000002,-4.211199999999999,6.781163672203697,-0.01446808000000005,-0.003009992594053046,0.013824927203329495,0.029423373333333336,0.002061220639234045,0.4854283715134383,0.05918980000000007,0.00921664215386267,0.6786146723724544,0.0021649733333333337,9.658109720444445e-06,0.3683604649016451,0.05534353666666664,0.0055683549070948135,0.9383597438896064,-0.13554101666666674,-0.011370165372373724,4.160746036063101,0.9060798899878136,-0.0020905601602945584,50,837,0,0,0,0
0.0026805066666668598,-1.5951455832888682e-06,11.078109735036216,2.4400000000000004,-3.782400000000001,10.873895405314027,-0.007659576666666612,-0.003879157389164653,0.019238238576939,0.013916556666666656,0.0012200754783861444,0.3807987747094585,0.0375587833333334,0.007024715625088281,0.2951864804232646,0.0011038666666666665,5.4402868711111084e-06,0.3522026259837819,0.035803463333333285,0.00027809900376961,0.4340299906299876,-0.08265646999999998,-0.012311233252106969,2.545883618037122,0.8607476300844535,-0.0013027626703796503,50,838,0,0,0,0
0.0021646333333331658,-2.3960394348888913e-06,10.970672245686426,1.9199999999999995,3.2959999999999985,8.449114196487303,-0.0008510533333334069,-0.00412253201883131,0.013605272596496812,-0.02384811,-0.0012610007445280332,3.7346044136233223,-0.11354310000000001,-0.009740559163475335,5.195833237676987,-0.0015493833333333337,-5.862749162388888e-06,3.6710851876135226,-0.10659245333333336,-0.010904814511819287,5.193372071803667,0.03301312666666656,-0.010578321213495686,1.8890683612168422,0.8715107968788485,0.000916346005942612,50,839,0,0,0,0
0.001647839999999956,-2.6162283519999928e-06,10.873895405314027,-3.08,-3.0688,11.840744686291952,0.005957446666666699,-0.0037400927866018258,0.008138087804070462,-0.03309321666666666,-0.0013668007473637222,5.795110312996761,-0.1763924966666667,-0.01591275350458439,7.9204918243614255,-0.0021437099999999996,-6.233210929366666e-06,5.664699131013021,-0.10893841000000004,-0.008591127031836296,2.8972717955024576,-0.04255402666666663,-0.0016011207187771551,0.5456531880504982,0.9440016111237189,-0.0008523451003484756,50,840,0,0,0,0
0.0011313399999999252,-2.2563249188000098e-06,10.750740712908714,-1.9133333333333336,-3.747955555555555,11.627498653617387,0.0059574399999999805,-0.003253354835069361,0.016293013323347077,-0.010573133333333345,-0.0012493248782448887,2.806759482269232,-0.08282651333333335,-0.020167476796259423,4.1397132777562025,-0.0005602800000000007,-5.4445986274666674e-06,2.7960165376689856,0.11148631333333325,-0.0028259598440140924,1.6793473363882228,-0.2223918700000001,0.0024261152981594324,3.921024562043485,0.7948537773249336,0.004907239015594503,50,841,0,0,1,1
0.0006152133333333643,-1.3156600931555287e-06,10.629132172470355,-0.7466666666666666,-4.131555555555556,8.551184639174025,0.005957453333333362,-0.002766623550202227,0.011859276039690137,0.014934103333333358,-0.0003925243079979889,2.8037462064418746,0.07330897999999997,-0.011746248640440665,4.256238443369408,0.015081939999999999,0.004571290479574,2.659645416899845,0.23358010999999995,0.0020374147417420996,4.641454839918989,-0.21454974333333332,-0.0019550697898087915,4.780152246211423,0.8148027980220283,-0.0007650079860826419,50,842,0,0,0,0
0.00016140000000008925,-6.082439999998423e-09,10.509012164509295,0.4200000000000004,-4.2196,11.32449476866467,0.005957443333333257,-0.0022798840128563924,0.019261064424220296,0.016808926666666654,-0.001040966831137289,7.648274806073728,0.09134037333333345,-0.01198380330101182,3.274115604642282,-0.0011466466666666675,-0.000798550815371422,6.529925066835994,0.2673088566666667,-7.958688786451756e-05,4.672478098749767,-0.15676898666666667,-0.0027572249206710246,2.143386378398774,0.8220953111904236,-0.0006112036883957375,50,843,0,0,0,0
0.00016106666666693137,-6.1108835555530895e-09,10.390330475245275,1.586666666666667,-4.012088888888888,8.778467792034789,0.005957456666666638,-0.0017931497095504123,0.013824927203329495,0.028113203333333316,-9.607719607638871e-05,5.19939114623958,0.08734252333333326,-0.00766185797628199,1.9874178489681689,-0.0004143066666666686,-0.0007947146576179555,4.032831952366689,0.18393755333333328,-0.017787373163609562,3.194516154152087,-0.061383010000000016,-0.013715860159782834,1.5631047321692992,0.8708817161371841,0.0015401918119038408,50,844,0,0,0,0
0.00016076666666664519,-6.116989555558183e-09,10.273043783690419,2.753333333333334,-3.509022222222222,10.873895405314027,0.005957446666666644,-0.0013064119594402152,0.008138087804070462,0.019261693333333323,-0.00038888486031422225,0.9542392187782497,0.05422542666666669,-0.0024650050386456866,1.5616987214312088,-0.0011467399999999994,-0.0007956933020537332,1.8812025676258783,0.05411801666666677,-0.024936420278601715,1.5871199311412485,0.12284795333333326,-0.01369586153311382,2.980588113579902,0.8698721594488896,0.000349513647350442,50,845,0,0,0,0
0.0001605999999998442,-6.140816000000636e-09,10.157115286519314,0.0,5.6,8.42196570704962,0.005957440000000036,-0.0008196767313125297,0.016293013323347077,0.009306093333333335,-0.00046312352462728895,1.4310402560944717,-0.05733403333333331,-0.005341549727516225,2.0408327328328113,-0.0019529066666666654,-0.0007938969841024889,1.3654377895508532,-0.15075601333333322,-0.02635778557517822,5.10474749367922,0.26605992666666667,-0.008945779598718359,6.476578948350566,0.8671579399450365,0.0009046413718946719,50,846,0,0,0,0
0.00016099333333319255,-6.1274039555590745e-09,10.042514455825009,-2.7533333333333334,-3.2887555555555554,11.095806734747933,0.005957433333333262,-0.00033294202516823135,0.011859276039690137,0.011188119999999996,0.0005604594412410666,0.4726688028823228,-0.03657990666666666,-0.0016675447728355577,0.29189755416739394,-0.0017445333333333327,-0.0007874481261755556,0.3719156585035822,-0.06532454999999998,-0.0110153210732655,2.820560355443095,0.15384359999999997,-0.024917844207408,6.191256158997665,0.9178540742587318,0.0007100968549066318,50,847,0,0,0,0
0.00016117333333343087,-6.1676152888891926e-09,9.929216931765719,-1.5866666666666664,-3.8851555555555555,11.106531803743994,0.005957446666666755,0.0001537958185603011,0.019261064424220296,0.030670343333333336,0.0006321843130285442,2.0923326483596654,0.028216806666666705,-0.0035160349941266208,0.3206032662869028,-0.000420126666666667,-0.0007854540517994223,2.035044243336004,0.04194457666666662,-0.011118234728642935,0.44625728278633464,0.05595614666666665,-0.019745232023936625,2.623866473018847,0.9138561994820655,-0.001253746706220873,50,848,0,0,1,1
0.00016089999999990834,-6.191098000002415e-09,12.809960305588358,-0.4199999999999995,-4.186,11.14359165376915,0.0059574399999999805,0.0006405294126463901,0.013824927203329495,-0.015020866666666674,-0.0005858064123995556,2.723539803328216,0.020231106666666554,-0.0039713754811334205,0.28555822996272895,-0.000930886666666666,-2.5182155775555553e-06,1.5673667522510593,0.00972463333333351,-0.016585762030884226,1.6016998910634208,-0.03652626999999986,-0.02191406387248337,4.063413912950566,0.7922541955657784,-0.003979798818662021,50,849,0,0,0,0
0.00016073333333321838,-6.22717155555315e-09,9.70646559499729,0.7466666666666666,-4.191288888888888,11.207588655548218,0.005957453333333307,0.001127270263466304,0.008138087804070462,-0.015285433333333348,-0.0006531246746228886,1.5335802496923714,0.02213729666666664,-0.004419131923026523,0.3340838401242495,-0.0009021133333333336,-2.7474386876888893e-06,1.6195777312839605,-0.023350533333333312,-0.013961134119371556,4.036909849710509,-0.1150482433333333,-0.013302179650517594,3.8877477533246934,0.8009467326110001,0.0028414346342173795,50,850,0,0,0,1
0.00016128666666659353,-6.229993822221616e-09,9.596995100834572,1.913333333333333,-3.901022222222222,8.32686016465798,0.005957446666666533,0.0016140027454941974,0.016293013323347077,-0.006457813333333326,-0.0006656427436259557,3.051600920573563,0.03176430999999996,-0.0029106027587588335,0.26074015242016924,-0.0002953166666666658,-2.8100388277222223e-06,2.8636226003592498,-0.00922320333333343,-0.012254280703630384,2.837047776348311,-0.12461981000000005,-0.012615898340692568,3.1957401770014826,0.8445729924242176,0.001165555188510852,50,851,0,0,0,0
0.0001612800000000414,-6.2839679999979345e-09,9.488795608532888,3.0799999999999996,-3.315200000000001,10.873895405314027,0.0059574400000000916,0.002100734705538662,0.011859276039690137,-0.010838886666666672,-0.0006263301211063557,2.4872434257769243,-0.04614206999999998,-0.0032837318817573666,2.6852780382687746,-0.0006519100000000003,-2.658241337500001e-06,2.4469527740346404,-0.12080788666666664,-0.010321677033046357,5.289202256892568,-0.007802596666666661,-0.009294409527783189,1.7260335351233245,0.7974580717004116,0.00028377200091230816,50,852,0,1,0,0
0.00016094666666666146,-6.301349155554128e-09,9.381878111860246,-1.96,2.3855999999999993,9.436709827058797,0.005957453333333307,0.0025874779733817826,0.019261064424220296,-0.03239213666666666,-0.0007343733008590555,5.657089092791487,-0.08436023000000004,0.0025046836413294346,3.179344568753626,-0.0022821000000000004,-3.0288322753333337e-06,6.6499865405827645,-0.21319093,-0.009954949746023234,7.93992506585223,0.19196920333333328,0.0005380437667717435,5.687268588795145,0.8742158789146501,-0.0004414950783971491,50,853,0,0,0,0
0.00016070666666645472,-6.3144707555581275e-09,9.276263541507648,-2.4266666666666667,-3.661155555555556,11.095701503097896,0.005957443333333368,0.003074208523495617,0.013824927203329495,-0.007487750000000001,-0.0002390732787374998,3.0028656595000616,0.036151920000000004,0.00874233472749867,1.8671370665101803,-0.0005667266666666664,-1.1689927788888887e-06,4.124890553847522,0.005714679999999972,-0.0013341882007570638,0.6196393271200005,0.03309793999999994,-0.01084414247102787,3.757268714725999,0.8944566521506839,-6.062848470344192e-05,50,854,0,0,0,0
0.0001614199999999677,-6.3233876000022e-09,9.171984940447999,-1.2599999999999998,-4.1748,12.01339805129822,0.005957456666666694,0.003560954809777625,0.008138087804070462,0.001988163333333348,-4.125000098122199e-06,0.4454804829109305,0.035266263333333325,-0.0037018841272834536,0.38135859816002243,0.00015289999999999922,-9.209200200000035e-08,0.39373746757613504,0.10279558000000005,-0.006562413483448132,2.182302771637211,-0.055540993333333344,-0.010221293106393817,3.018187671759964,0.8311411340183686,-0.0008495251528567353,50,855,0,0,0,0
0.00016122666666651408,-6.371086222221405e-09,9.069090718046967,-0.09333333333333371,-4.392888888888889,12.316651597789352,0.005957446666666644,0.004047683572655766,0.016293013323347077,-0.013235313333333346,-0.0002938648245202223,3.9068705115424462,0.03504714333333342,-0.006308287487309721,1.5432604115955786,-0.0008586166666666672,-1.4067665237222222e-06,4.031117670437946,0.07851712666666666,-0.009059370072031956,1.4496033596857072,-0.03010087666666672,-0.006051783791871058,0.28149213121451894,0.7758242870523223,-0.0026804756206849824,50,856,0,0,0,0
0.00016089333333324518,-6.3835507555544154e-09,8.967649650163738,1.0733333333333333,-4.315422222222223,11.095701503097896,0.0059574399999999805,0.004534412809295452,0.011859276039690139,-0.010861963333333328,-0.0002601759502569222,3.996877619377168,0.03610829000000004,-0.005067387655082165,0.5014131309286946,-0.0006901033333333328,-1.2087402127888894e-06,1.9623488823254067,0.06342997333333328,-0.010610004269916888,2.6708701045711267,-0.05693710666666668,-0.008841478561765957,1.6106562655689283,0.8288197567864874,-0.003621861178259282,50,857,0,0,0,0
0.00016247999999996487,-6.323257599999575e-09,12.149290417523787,2.2800000000000002,-3.904,10.873895405314027,-0.03489360666666663,0.0033523405910365622,0.019261064424220296,0.00862295666666666,0.0005302331350634777,0.10864912229321741,0.018786093333333365,-0.004920488195326223,0.19879018479243865,0.0005685099999999999,2.186479201433334e-06,0.1554063504652045,0.039737590000000045,-0.011033224897109234,3.871948112309563,-0.04467839333333351,-0.0031097093777330206,0.5792316048512178,0.8024560179394329,-0.0038759280836087266,50,858,0,0,1,0
0.00016297333333326058,-6.27611822222101e-09,11.426621772256846,2.8799999999999994,-0.6208,8.823287615868907,-0.028085106666666693,0.0006057661591655217,0.015581077621694908,-0.016237119999999994,-0.0003656303493824,3.857782783279532,-0.09512697000000003,-0.007176164469936299,6.397955070388138,-0.0010803233333333338,-1.6199155497222226e-06,4.021660040347078,-0.12425860000000005,-0.015493026670131999,6.82916972309302,0.06697951999999996,-0.008018558680805334,2.7704432749474943,0.8972470880207161,-0.0010565583874348292,50,859,0,0,1,0
0.00016234666666670172,-6.243807288890645e-09,11.306875227809128,-3.24,-3.1648000000000005,12.416117188334756,-0.021276603333333366,-0.0015150062405914488,0.019261064424220296,-0.020333840000000006,-0.0003863664876850666,6.548725901960763,-0.14208326,-0.004926212441993467,7.638238221733163,-0.0013880200000000007,-1.6868358099999998e-06,6.826015755175622,-0.2065889866666666,-0.011710696755079556,9.287752762974113,0.1272192566666666,0.0003922250891185419,4.248242892766984,0.9075997129715287,-0.0013003499419569737,50,860,0,0,0,1
0.00016172000000014286,-6.178139200002523e-09,11.190550001874938,-2.08,-3.808000000000001,8.80933637616706,-0.01446808000000005,-0.003009992594053046,0.013824927203329495,0.011175966666666662,5.429804945711108e-05,0.6388105935354136,0.04313942333333337,0.004985106569970546,0.2868656314020228,0.0007361833333333341,2.1083044094444433e-07,0.5848582658056953,0.03398235999999999,-0.004917558483084001,1.5186521960923773,-0.012758796666666516,-0.00377464060590812,0.7042825092024597,0.7926195908770165,-0.00357303256554085,50,861,0,0,0,0
0.00016143999999995717,-6.1109663999989215e-09,11.078109735036216,-0.9199999999999999,-4.185599999999998,8.731584776801402,-0.007659576666666612,-0.003879157389164653,0.019238238576939,0.011809289999999993,7.74387107415666e-05,1.6216520328104296,0.045540033333333285,-0.0038819233674242254,1.559324398472767,0.0008518733333333335,4.223246779111108e-07,1.7909101962343368,0.10827122000000006,-0.0017235501493782675,1.5555886723757506,-0.14161395,0.007701870942127832,1.7875752080702592,0.7376663808694865,-0.005482486075412318,50,862,0,1,0,0
0.0001617466666667955,-6.070772088887847e-09,10.970672245686426,0.2400000000000002,-4.2976,11.960570427716501,-0.0008510533333334069,-0.00412253201883131,0.013605272596496812,0.013983886666666667,0.0029984723296741767,1.2047254307244428,0.05021920333333335,-0.005282100265873987,0.5408592785710573,0.0010981133333333331,1.3519824256311105e-05,1.6352325337727471,0.08729408999999999,-0.007665313450618168,2.6966099385323212,-0.08328064666666657,-0.0034354187273815517,2.2535002768322743,0.7195311322722815,-0.0008204996680418918,50,863,0,0,0,1
0.00016112000000034765,-6.023782399999132e-09,10.873895405314027,1.4000000000000004,-4.143999999999999,6.423233924930679,0.005957446666666699,-0.0037400927866018258,0.008138087804070462,0.00961764000000001,-0.00013949965445680034,1.4046589957115507,0.04834682333333329,-0.00653431096441812,0.8090738781406616,0.0006701533333333324,-5.536664444888889e-07,1.7190999901645563,0.05132234999999985,-0.006275532863456831,1.2705591781148153,-0.08540791333333342,-0.004377704172710625,2.536371866721258,0.7709194765186556,9.733596448803741e-05,50,864,0,0,0,0
0.00016079333333351986,-6.0279975555524866e-09,10.750740712908714,2.566666666666667,-3.6882222222222216,10.873895405314027,0.0059574399999999805,-0.003253354835069361,0.016293013323347077,-0.005888273333333319,-0.0009256032075692889,0.6429219197190305,0.033155336666666646,0.00032121423984401293,0.27797743272078473,-0.0004204700000000005,-4.2997919947e-06,1.5458715124051785,-0.0005946266666666533,-0.006672417403977952,1.3535505380788573,-0.019871363333333225,-0.008742543404948386,1.7121463674246014,0.7631033231079043,0.0029920795754261316,50,865,0,0,0,0
0.0012600666666665594,2.2047876337776834e-06,10.629132172470355,1.1199999999999997,4.972800000000002,8.329378541390154,0.005957453333333362,-0.002766623550202227,0.011859276039690137,-0.006741546666666667,-0.0008024760766710225,0.338426659460705,-0.08365718666666672,-0.003826764520444892,4.259433873601328,-0.0005658033333333337,-3.7276004623888896e-06,2.4629274285372293,-0.13294493333333324,-0.01541892468800489,7.529706629351093,0.19038446333333325,-0.017060736142037854,6.92778256320666,0.7985659164102423,0.004740686262923967,50,866,0,0,0,0
0.003031220000000001,-5.844586355999935e-07,10.509012164509295,-2.94,-3.144400000000001,11.324494768664668,0.005957443333333257,-0.0022798840128563924,0.019261064424220296,-0.015738406666666663,-0.0008633656563092888,1.7978572941157638,-0.05939750999999993,-0.0027600545565660325,2.7772503335714878,-0.001185963333333333,-3.986379767855555e-06,2.1480655921262874,-0.14428271999999998,-0.010562329376789071,4.529124374778495,0.23029526666666678,-0.015012712171767556,8.069307562090296,0.8594570653112525,-0.0014019907914146362,50,867,0,0,0,1
0.0025220533333335515,-1.7930847022222204e-06,10.390330475245275,-1.773333333333333,-3.7880888888888893,11.224210116342825,0.005957456666666638,-0.0017931497095504123,0.013824927203329495,-0.013063156666666673,-0.0008801590828413221,2.080309344613909,0.054439146666666605,-0.003227341172228086,0.6216897502047617,-0.0010268166666666675,-4.133021021722223e-06,3.2390447975938956,-0.09353360333333344,-0.01338734177103879,6.369439745400297,0.18295618000000002,-0.021424223768807066,6.278181855425713,0.8118998741778075,0.003091319304135896,50,868,0,0,0,0
0.0020129199999998626,-2.4366988943999795e-06,10.273043783690419,-0.6066666666666669,-4.136222222222222,8.591325662867565,0.005957446666666644,-0.0013064119594402152,0.008138087804070462,-0.0067782266666666716,-0.0007656981540640887,0.5498166728541684,0.02233257999999999,-0.005176617495939334,0.37167525406869534,-0.0005487133333333329,-3.6771690610222228e-06,1.884018692188552,-0.03464433666666655,0.002808842010630412,1.607637254880628,0.1010365299999999,-0.012176305261998567,2.7431386684777177,0.8681441067917376,0.0023989769044543857,50,869,0,0,0,0
0.0015044399999994962,-2.5157627583999752e-06,10.157115286519314,0.5599999999999996,-4.1888,11.11138625762391,0.005957440000000036,-0.0008196767313125297,0.016293013323347077,0.008376363333333324,0.00037212677209974446,0.3845188413595041,0.03634232666666665,-0.002013244156568488,0.3913849888322642,0.0005767500000000004,1.7690009425000001e-06,0.36510686371998846,0.12584154000000003,-0.00012352752301453274,2.172628470622586,-0.0625832666666668,-0.006200558972658223,0.7334145304882145,0.8530973426472197,-0.0013595905357292608,50,870,0,0,0,0
0.000995833333333307,-2.03029363222217e-06,10.042514455825009,1.7266666666666661,-3.945822222222223,8.448747535300729,0.005957433333333262,-0.00033294202516823135,0.011859276039690137,-0.0027469700000000083,-0.00018519570481349997,0.6155961306592851,0.039915763333333354,-0.0013426631169903887,0.3930564483577806,-0.00016007333333333288,-8.239423026222221e-07,0.6895926166284206,0.09704637666666677,-0.0014536385505199909,0.7706820686765984,-0.056445953333333354,-0.006805817102797823,3.046036188820739,0.7661085720570306,0.000778582257132579,50,871,0,0,0,1
0.0004866666666668573,-9.799390222221852e-07,9.929216931765719,2.893333333333333,-3.4072888888888895,10.873895405314027,0.005957446666666755,0.0001537958185603011,0.019261064424220296,-0.003156153333333335,-0.0001510173357092889,0.4157186693310734,-0.03159670333333331,-0.002095185275616118,2.680312376758911,-0.00023749666666666655,-8.006420566555551e-07,1.4334555285078174,0.015404833333333368,-0.00597811280085222,1.6921644979880284,0.025434179999999973,0.002277178141087334,1.4777462200685008,0.8185352760469322,8.641646061945979e-05,50,872,0,0,0,0
0.00016073999999999256,-6.205229200002824e-09,12.809960305588358,-0.8399999999999999,4.894399999999997,10.92178555598528,0.0059574399999999805,0.0006405294126463901,0.013824927203329495,-0.007676816666666669,-0.00019745132430972222,2.5800313756128954,-0.1172473633333333,-0.002744006098430391,7.781253184035422,-0.0005826733333333337,-8.829186106222222e-07,2.9665921328442364,-0.11122732666666668,-0.01061920550302049,4.947126303252126,0.14376764000000009,-0.009943731539486664,4.344665641904583,0.8951940003350833,-0.0017853504358580612,50,873,0,0,0,0
0.00016125333333327774,-6.207239822224661e-09,9.70646559499729,-2.6133333333333333,-3.4296888888888897,11.095701503097896,0.005957453333333307,0.001127270263466304,0.008138087804070462,0.0011456933333333294,-8.446154539982229e-05,0.1744212540185387,-0.009051416666666645,0.00279430138722361,2.5643649572388476,9.719333333333378e-05,-3.696400383555553e-07,0.42632591703980544,0.03630509666666665,0.00016784143602427068,1.020509022685939,-0.015692963333333476,-0.003626188629463725,2.6799509967574355,0.8051573782802963,-0.0015706658179464293,50,874,0,0,0,1
0.00016129333333347873,-6.26195288888827e-09,9.596995100834572,-1.4466666666666668,-3.990622222222222,11.299771632932728,0.005957446666666533,0.0016140027454941974,0.016293013323347077,0.004582416666666665,-9.842427232972223e-05,1.6712150593581951,0.04204501999999993,-0.002413553963441199,0.37531183230877363,0.0003386400000000003,-4.6190435920000016e-07,1.600651684713723,0.07325126666666665,-0.005276188083792887,2.647790917820411,-0.08287875999999994,-0.006050256429884531,1.816710289674391,0.7487953620292488,-0.002691335090837912,50,875,0,0,0,0
0.00016096000000020982,-6.280563199998209e-09,9.488795608532888,-0.28000000000000025,-4.255999999999999,11.42220235265313,0.0059574400000000916,0.002100734705538662,0.011859276039690137,0.022672640000000008,0.0011303559525871996,1.8486522871694362,0.03663093333333334,-0.003283961238092886,0.436607258994967,0.0015809366666666665,5.230442671877779e-06,1.9114454797077534,0.06008110999999988,-0.003122044768340033,0.6961783464141927,-0.1180745866666667,0.005730158160115378,1.52055185716863,0.8608263155607067,8.285700651743553e-05,50,876,0,0,0,0
0.00016071333333333992,-6.292716488889728e-09,9.381878111860246,0.8866666666666663,-4.225822222222223,11.095701503097896,0.005957453333333307,0.0025874779733817826,0.019261064424220296,0.02419612999999999,0.0010038960298964996,0.7743419581614395,0.04227017999999999,-0.0014663880905731973,0.2672406379130257,0.0017542400000000002,4.594654053066665e-06,2.9906071329058226,0.08106070666666682,-0.001111887050616621,0.8416113875073421,-0.20740932333333328,-0.013029941690881185,5.907134511322093,0.8655316940307668,0.0011696511358114817,50,877,0,0,0,0
0.0001613866666666519,-6.299682488886352e-09,9.276263541507648,2.0533333333333332,-3.9000888888888894,8.477356967248024,0.005957443333333368,0.003074208523495617,0.013824927203329495,0.005808066666666674,-7.209217975688868e-05,1.2584186380553122,0.04705648333333334,-0.0004588425408463912,0.3476959807961564,0.00044055333333333424,-5.475356815555549e-07,1.583946755297667,0.07725521333333335,-0.002292328041125955,0.5269342256640286,-0.11632163666666662,-0.02118279772337092,4.272130196966646,0.8278691316258269,-0.0008850922246700175,50,878,0,0,0,0
0.0001612399999998404,-6.349448000002125e-09,9.171984940447999,3.2199999999999998,-3.278800000000001,10.873895405314027,0.005957456666666694,0.003560954809777625,0.008138087804070462,-0.011301970000000001,-0.0006610246147623001,1.4496392942166216,-0.06609739333333342,-0.006691792407030089,3.8280867427143233,-0.0008036366666666667,-3.176557374788889e-06,1.5534431997074634,-0.10283966666666672,-0.016216229655315557,5.181670488672101,0.12330563000000005,-0.023524398751388568,6.868688547639562,0.8830013659428273,0.001543264818227728,50,879,0,0,0,0
0.00016090666666646047,-6.363141688890307e-09,9.069090718046967,-2.8000000000000003,-0.6720000000000006,10.441744951879437,0.005957446666666644,0.004047683572655766,0.016293013323347077,-0.01896648666666667,-0.0006965381689042221,5.021653135418943,-0.12767186666666663,-0.004945953596314223,7.64340198348673,-0.0013148099999999996,-3.245754676166667e-06,6.345915129887226,-0.19094418000000002,-0.012940192063535064,7.950313191046984,0.18927193999999992,-0.016756046580285733,6.622325790335249,0.87042673129432,-0.002844102549465995,50,880,0,0,0,1
0.0001606866666666873,-6.379451422223376e-09,8.967649650163738,-2.286666666666667,-3.8674222222222228,11.095701503097896,0.0059574399999999805,0.004534412809295452,0.011859276039690139,-0.011053630000000002,-0.0006483607728994998,2.638590179653743,0.021611096666666718,0.0026688787531818758,1.3675955897873149,-0.0007312600000000001,-3.015532563333333e-06,1.653327106091166,0.0108295266666667,-0.00536035653771676,2.771702110566755,-0.024247049999999937,-0.011724540828537498,2.5941040037420926,0.753718101233148,-0.0023734211103783984,50,881,0,0,1,0
0.00016328000000020992,-6.321587199997913e-09,12.149290417523787,-1.08,-4.307200000000001,9.249382880729407,-0.03489360666666663,0.0033523405910365622,0.019261064424220296,-0.002874943333333345,-0.0005049524804973222,0.4204907669594141,0.04944354666666673,-0.003154004705243029,0.36834591884006646,-0.00016553666666666673,-2.3692732565222224e-06,1.614123146099474,0.04083034666666674,-0.00819675959425129,0.9273004904449784,-0.048543883333333426,-0.012072152468982387,2.6248151585792328,0.7437568739369196,-0.002305538432565953,50,882,0,0,0,0
0.000162653333333318,-6.292945955555171e-09,11.426621772256846,0.08000000000000007,-4.4064000000000005,12.622819514404366,-0.028085106666666693,0.0006057661591655217,0.015581077621694908,0.002845246666666648,-0.0002709417172455556,0.3743500003649665,0.041616093333333326,-0.002353786279865962,1.5911486388343994,0.0002425400000000003,-1.2394643361333331e-06,1.5015053823231155,0.05802604999999994,-0.006682125032474827,1.5835980233230214,-0.09137862333333341,-0.01188578561229799,3.6611947081034355,0.7823452057202903,-0.0016057294755862862,50,883,0,0,0,0
0.0001620266666665371,-6.230947555552995e-09,11.306875227809128,1.2400000000000002,-4.239999999999999,6.955462234719734,-0.021276603333333366,-0.0015150062405914488,0.019261064424220296,0.00442652666666668,-7.940639517968893e-05,0.42378313178471766,0.04141878666666665,-0.003507156181967822,0.7377265566616383,0.00035651333333333417,-3.8911988608888863e-07,1.5330735404608729,0.03976871000000004,-0.006299768154153366,1.6074452760130193,-0.12235090333333326,-0.005055769111205857,3.8614523932362266,0.8456498800093043,-0.0010004760435913915,50,884,0,0,0,0
0.0001617000000001534,-6.16705000000065e-09,11.190550001874938,2.4000000000000004,-3.8080000000000003,10.873895405314027,-0.01446808000000005,-0.003009992594053046,0.013824927203329495,0.00782590666666668,7.800981260924452e-05,1.6108912980239094,0.020356113333333314,-0.0024244300714687597,0.2796335928042004,0.00056389,3.822740311666665e-07,0.5494570330454454,0.039614166666666784,-0.0007027095418322207,0.2599398778004391,-0.07725883,-0.009082851439783903,2.6027117356582723,0.8675463078308812,-0.0010504716590478283,50,885,0,0,0,0
0.0001620533333335228,-6.1256291555566286e-09,11.078109735036216,2.1599999999999997,2.489600000000001,8.509778679017533,-0.007659576666666612,-0.003879157389164653,0.019238238576939,-0.0047978633333333395,-5.350498006118884e-05,2.8602047028540007,-0.10516363666666667,-0.0055539624849069245,5.104321632374213,-0.0003476100000000008,-3.619577420333332e-07,4.142446445419602,-0.09774806666666663,-0.011012101927774222,6.292724391507698,0.09202339333333331,-0.013160002349319959,5.208906757598894,0.9089297396656985,0.0007025367394431025,50,886,0,0,0,0
0.00016142666666663086,-6.082309155559846e-09,10.970672245686426,-3.12,-3.0880000000000005,11.960570427716501,-0.0008510533333334069,-0.00412253201883131,0.013605272596496812,-0.008694253333333339,-0.00011796717391795555,1.9513508442890155,-0.12229751,-0.010190073792620696,7.612234312358711,-0.0006205566666666672,-5.116095398555556e-07,2.29171737931807,-0.15731920333333338,-0.010510966303116789,7.825124341388552,0.13939326999999996,-0.0065392894440395016,4.332510053355673,0.8380097803069106,0.0005983284245727844,50,887,0,1,1,1
0.000160800000000072,-6.00563200000117e-09,10.873895405314027,-1.9600000000000004,-3.7408,8.624122013063339,0.005957446666666699,-0.0037400927866018258,0.008138087804070462,0.03790648333333334,0.0011756985307242779,1.468700852684243,0.05342209666666675,-0.0018854310155287848,0.5690605263766698,0.002654763333333332,5.578291504277778e-06,1.5461716480216314,0.05853265333333335,-0.0028259623548982232,0.4219415206333843,-0.13752633333333325,-0.006442235618095557,3.9097808664516736,0.8998420515323572,-0.0021533050440731318,50,888,0,0,0,0
0.0001609533333332136,-6.0131538222249005e-09,10.750740712908714,-0.7933333333333334,-4.136222222222223,8.577233545038052,0.0059574399999999805,-0.003253354835069361,0.016293013323347077,0.011121730000000003,-0.0002278892218685665,1.7495667300181843,0.05802191999999995,-0.004090952535582136,0.5336329307408805,0.0008193633333333332,-1.0414043269222225e-06,3.0198673903656252,0.06429744999999998,-0.0008468750890554995,0.5090371226745856,-0.12465061,-0.012212189248881232,4.091306285306857,0.837582736352067,0.00031091403013552924,50,889,0,0,0,0
0.00016141333333330454,-6.059576888887431e-09,10.629132172470355,0.3733333333333335,-4.236088888888888,11.457516202387595,0.005957453333333362,-0.002766623550202227,0.011859276039690137,0.013764729999999989,-0.00012750457464296685,1.501748155460794,0.06040163666666659,-0.0039938515055377224,0.6345254420823411,0.0010133833333333345,-5.715861990555558e-07,2.6490048715846046,0.07795698666666667,-0.0003845080006446254,0.7830958535838272,-0.12048541999999995,-0.008669727928668401,2.72630937339966,0.8991245916520603,0.0012808930975960326,50,890,0,0,0,0
0.00016107999999992462,-6.089249599999829e-09,10.509012164509295,1.5400000000000005,-4.0404,6.161830796558617,0.005957443333333257,-0.0022798840128563924,0.019261064424220296,0.009940053333333351,-0.00033825423341955546,3.753789575693283,0.05443470666666672,-0.0038437501112651568,0.39551206092394947,0.0008182299999999997,-1.201817380833333e-06,3.825550096527175,0.11869410666666663,0.003607873872559106,0.6327754706249178,-0.13739907,-0.009962890817962835,2.944773633176241,0.8739034872952652,-0.0013203306293932248,50,891,0,0,0,0
0.00016077333333341937,-6.094812088886912e-09,10.390330475245275,2.706666666666667,-3.549155555555556,10.873895405314027,0.005957456666666638,-0.0017931497095504123,0.013824927203329495,-0.013913876666666658,-0.0006111289012751889,2.603589206088255,-0.0006594833333333772,-0.0026052298011823884,1.4255956011977464,-0.0009869966666666672,-3.066081839322223e-06,2.6121312034046156,-0.012450400000000028,-0.005578626078605332,0.5885878344500368,0.016644803333333347,-0.0037816444391419873,0.4117061241594437,0.8056687701709281,-0.00011613073352137251,50,892,0,0,0,0
0.0001610866666666988,-6.097036488887942e-09,10.273043783690419,0.28000000000000025,5.6112,8.369519565083694,0.005957446666666644,-0.0013064119594402152,0.008138087804070462,-0.025437173333333327,-0.0007185357396486223,5.717617803747168,-0.12048252999999998,-0.006345662404560564,7.700605608472304,-0.0019321200000000003,-3.619818770933334e-06,7.933449781530774,-0.15278788333333332,-0.015531173706213722,7.5128722536146695,0.2163304666666666,-0.018064385199803554,7.9731475746472285,0.9198688470304597,-0.0020389183772854826,50,893,0,0,0,0
0.00016135999999988826,-6.150463999998142e-09,10.157115286519314,-2.8000000000000003,-3.2479999999999998,11.11138625762391,0.005957440000000036,-0.0008196767313125297,0.016293013323347077,-0.011460490000000004,-0.0003793768361936332,1.7191474935077822,-0.05730882000000004,-0.0005365701904686652,2.7444534246340724,-0.0008369133333333339,-1.940246831955556e-06,1.8174151953350886,-0.07624897333333325,-0.00377057803281396,3.8899245162907023,0.1329575733333334,-0.003844819772470486,2.8741743723649,0.8256931302863382,0.0028371246378190327,50,894,0,0,1,1
0.0018953466666664642,2.4243008279110343e-06,10.042514455825009,-1.6333333333333333,-3.856222222222222,11.095806734747935,0.005957433333333262,-0.00033294202516823135,0.011859276039690137,0.003238173333333337,-0.00020019307749528903,0.39765211103835063,0.04233522000000006,-0.004494809104719865,0.4202769255516894,0.00022537999999999985,-1.190077358533333e-06,0.527689531841632,0.04332643000000008,-0.009005595740111363,0.769499497115091,-0.06693131000000002,-0.0165804345088543,2.7695017139330886,0.799589756446762,0.0004602105266031282,50,895,0,0,0,0
0.002968693333333383,-8.954962872888696e-07,9.929216931765719,-0.46666666666666634,-4.168888888888889,11.106531803743994,0.005957446666666755,0.0001537958185603011,0.019261064424220296,0.009172763333333334,-2.297933323492236e-05,0.49128998575348487,0.04622536000000005,-0.0024351255005285333,0.4807772287785248,0.0007001133333333336,-1.200375740888896e-07,1.4066659555074765,0.07588728666666661,0.0011841590371392437,0.47451222099133816,-0.09220172333333337,-0.011447873439093056,2.744408680381124,0.8305603371503029,0.0010510043108357624,50,896,0,0,0,0
0.0024530000000001495,-2.0212205199999828e-06,12.809960305588358,0.6999999999999997,-4.185999999999998,11.14359165376915,0.0059574399999999805,0.0006405294126463901,0.013824927203329495,0.01576065333333334,0.00015647187925991118,1.6987408657309715,0.06621345000000001,-2.5173895015009884e-06,0.37552164205990035,0.0011245633333333343,5.670397517444447e-07,1.8181346003650036,0.08111952000000006,-0.0036395968217586665,1.5949118490353613,-0.09420029999999996,-0.015329776960378001,3.5983499866427877,0.8687832381282916,0.001322159590382052,50,897,0,1,0,0
0.0019369200000002307,-2.566937446399983e-06,9.70646559499729,1.8666666666666663,-3.9075555555555557,8.32473182397126,0.005957453333333307,0.001127270263466304,0.008138087804070462,0.01585971999999998,-5.5735746710399955e-05,1.7301078525012596,0.08805166333333325,0.0003561543141617461,0.7970823978764363,0.001059193333333333,-4.84657736488889e-07,1.6728017359293816,0.041171193333333356,-0.009060751014763418,1.5940107215388208,-0.03656434666666669,-0.015963321773592623,1.9509490734210975,0.8546988073588806,-0.0005047204152285215,50,898,0,0,0,0
0.0014204199999995337,-2.532110254799988e-06,9.596995100834572,3.033333333333333,-3.3335555555555554,10.873895405314027,0.005957446666666533,0.0016140027454941974,0.016293013323347077,-0.003033779999999993,-0.0003454411773006668,4.214147822858233,-0.04539823333333337,-0.008599945744257553,3.8971481735708755,-0.00011792333333333384,-1.738064052522222e-06,5.2810034241871255,-0.09591138999999999,-0.016057994266650968,5.175782904393079,-0.08865651000000002,-0.014283847693168032,4.231885893671729,0.8645167285998858,0.0016780536104495174,50,899,0,0,0,0
