0_mean_shift,0_var_shift,0_psi,1_mean_shift,1_var_shift,1_psi,2_mean_shift,2_var_shift,2_psi,mean_confidence,confidence_trend,batch_size,batch_id,ground_truth_drift_label,adwin_alarm,ddm_alarm,kswin_alarm
0.1476884241830314,-1.6643168340760424,0.22838129058543283,-0.0755010081458023,0.6285931169786672,0.32804706338213035,0.08450500927824844,0.3177832540644303,0.19407862726277358,0.8515841918066865,-0.001124300528050291,50,0,0,0,0,0
-0.9007876175223135,0.04360682400053584,0.3158564772460837,-0.43952684660497976,0.310292989279338,0.1633674724256334,0.2184229895518346,1.1097552371316732,0.10913872720489531,0.8373279515552398,0.0006508131652245292,50,1,0,0,0,0
-0.18261846018517947,-0.3423567318966487,0.1093715227723969,-0.6891224545007342,0.8146313259838092,0.33241771868909253,-0.49567494649678423,-1.0777361192139505,0.18949697478162117,0.8718870856701932,-0.00040172450251165713,50,2,0,0,0,0
-0.2447717899307449,-0.3972173331777391,0.38551480458119913,-0.23587338138389313,0.8675887682020758,0.45379586118960424,0.4022559408205808,-1.167016161335832,0.06972630619057138,0.8467354159763373,0.003611551315041361,50,3,0,0,0,0
0.44023853150184333,0.024613223465917322,0.19788919611659203,0.9004419662256113,-0.18067117511177777,0.292403165217483,0.1081616467856481,0.6014904533142991,1.2575532436254693,0.896185885365375,0.001349267548102747,50,4,0,0,0,0
-0.1169918780784549,-0.7600946697113562,0.19687076917939952,0.24186342499473046,-2.0309533037670597,0.36895088271182,-0.5495348207800976,-0.4123655749927302,0.21038496636507203,0.8887468523640155,0.0019193025484369709,50,5,0,0,0,0
0.40444478700483977,-1.0717681395375012,1.379046396778205,-0.05380113161920441,-2.292829704375758,0.3293089576499223,-0.7809096211216291,-0.8596653452932106,0.14583477618317447,0.8790101274334249,-0.0010538635658958724,50,6,0,0,0,0
0.2819568086287303,-0.15045735448332742,0.12517728898211156,0.6984453961518993,-0.21352044320808972,0.24848631786458455,0.17345253191714516,0.3063963446566129,1.2185171102930183,0.8918104538586565,0.0006814799918117213,50,7,0,0,0,0
0.017602338218374314,-0.6977404785304948,0.18450962498228568,0.12306883097990973,0.32421146462481687,0.18728306855860355,0.07192955576789206,2.534071937621773,0.2657721074600616,0.8897535451920531,-0.0026226552930480418,50,8,0,0,0,0
-0.4111186975262964,2.0623490484915115,0.26706553389631016,0.06664035725478801,-0.613992339160859,0.17805496728997058,0.7150000440042028,-0.05139264118170317,0.18235422835940765,0.8767986164021541,0.0021527318490595078,50,9,0,0,0,0
-0.1971261322305864,-1.3965408194297986,0.19750095940271586,0.3099364002227363,1.8188594821388824,0.29863749144826446,0.2426588629429327,-1.6494525335264587,1.2693332924093101,0.8652017982132618,-0.0007921147114361721,50,10,0,0,0,0
0.37258442208377573,1.3579089508480067,0.2059283111761174,-0.1613418427640747,-2.229612486239385,0.40076026098396333,-0.6935717970948589,0.9836709430058708,0.2813353646486826,0.8754412821099189,-0.001362986001625566,50,11,0,0,0,0
0.4612493231151866,-1.2474312686538793,0.1298888465117766,0.14026495470664724,0.9112383706710192,0.21340733978249904,0.5959319125942502,-0.9465119486296896,0.36782828378757254,0.8840109147487409,0.0007884235063080903,50,12,0,0,0,0
-0.32957864751420995,1.4625478237797527,0.15227265265202627,-0.35265196496768336,0.5978250609825739,0.17008389248558742,-0.35135221908586,-0.8994090946892719,0.2142895553235086,0.8894518624191002,0.0005573973319888875,50,13,0,0,1,0
0.10387389940272396,-0.6027980958228252,0.2083801661709429,-0.16194359888398502,-0.036716613931398356,0.07060578024166754,0.2734754186217492,-1.4390261457664426,0.1326569286820507,0.8924011623035943,0.0012285298759256243,50,14,0,0,0,0
-0.4787427492793954,0.48135777720234874,0.19344904813301475,-0.07717343844799807,1.4333968719792978,1.4622979126186246,-0.5978885652616048,0.38015298687190757,0.1806050360238491,0.9086263371957465,0.0025374589684531205,50,15,0,0,1,0
-0.23068296357214813,0.7612917358816409,0.14860419289946306,-1.3795392549128458,-0.2625348430387682,0.3894714979711275,0.2103917978781613,1.8121229933691492,0.10444459503439951,0.8371080015251404,0.00020005946532990098,50,16,0,0,1,0
0.08776097013709006,-1.356371715402049,0.4971241370854708,-0.16488370963173526,0.920045529746286,0.4124507579612342,0.4480106274807909,-0.45067307601601314,0.1692251533700492,0.8877121523329792,-0.0011197782675694027,50,17,0,0,0,0
-0.45301407199363286,1.1680050949214493,0.24613242096515103,-0.47736286651075144,1.6266446032725188,0.14756170621591874,-0.4921270070837984,1.021169703256314,0.16430388948236055,0.8802493098129834,-0.0012589166876934828,50,18,0,0,0,0
0.5642310710721574,-1.2089717865888234,0.16717804127945182,0.10712775234467564,-2.913024476223608,0.41893445453081674,-0.24843495688771355,-2.9116595943539645,0.18422094686438178,0.860474929734515,0.001704047067442546,50,19,0,0,0,0
-0.6163903091369702,0.7911579519069889,0.28538727591838364,0.4596342290326838,-1.0953261091938646,0.1972590058932757,0.09285857858464563,1.2873609392521743,0.15290284287534264,0.8543969120397102,0.0019373114772636667,50,20,0,0,0,0
-0.11976391108230278,1.3214463599968571,0.21467421897033323,0.14149418454043072,-0.6370779322223328,0.3529918323251085,-0.583758888987056,-0.6701437599753239,0.24411849461963925,0.8883168584960428,0.00029923876958900793,50,21,0,0,0,0
0.11957905248859912,-2.0566401382729733,0.30759318262363117,0.34812647303755284,-1.146870624274655,0.31780067481087615,0.1853267204178506,-1.6249491943411112,0.10320554319798568,0.8683082263593334,-0.0005816262284650848,50,22,0,0,0,0
-0.2998264591048123,-0.02805186310892349,0.26206276386986915,0.5678476716597185,-0.997593534190548,0.12753282469762633,0.24934931650236614,-0.626029788803879,0.16807902995529844,0.8818964234993777,6.267440845405459e-05,50,23,0,0,0,0
-0.22879407774711247,-0.1629740548790135,0.17827286105305895,0.22664128327681965,2.1031537562450726,1.4499604947991678,-0.3446195256366842,0.4902959245327585,0.28198937851424655,0.8820125503720315,0.0012231953306485206,50,24,0,0,0,0
0.4194102987797601,0.17002249810016146,0.17917384972890557,-0.6437963166939413,-0.8874647805588438,0.28944458347838053,0.4291228308797468,0.8279982827932262,0.24563647781036577,0.8473938369972792,0.000949847275605046,50,25,0,0,0,0
0.39261027453182695,-0.1401563176713001,0.054708712126635285,0.35316608414919326,1.0768686236384895,0.352032276053857,0.1803653288942071,-0.8811093989877739,0.12835766761261364,0.9070838086817576,0.0008713532124370802,50,26,0,0,0,0
0.5177496412452172,-0.06496595564164309,1.3301258840711445,0.38836962992054946,-0.40455296287142417,0.2842117589515662,-0.131617963836967,1.4308604367833855,1.3313278396045374,0.8682818600187316,0.00016456889711230765,50,27,0,0,0,0
-0.2766008924997605,2.749933854921231,0.24453300211402743,-0.22956228876329554,-0.9818514037381281,0.09939497434416725,0.09820884034215815,1.9879957929684942,0.20155826696271276,0.8899070241152954,0.0009455583889171981,50,28,0,0,0,0
0.754340746246891,-1.584449921539088,0.21070819477718652,0.39655967492985056,-0.1380874887980994,0.2516666964950866,0.3065744616944066,-0.7566729144445139,0.19344904813301475,0.8824783072180469,0.00023421248677107438,50,29,0,0,0,0
-0.12806180627261377,1.8053907233397624,0.1375857688812466,0.0662276347524342,-1.90095464338739,0.3080898260958943,0.12061285306900604,-0.6353161081155214,0.16815042419282356,0.8980348517349487,-0.001581989453567852,50,30,0,0,0,0
0.5685508723946118,-0.5889032280437192,0.2508303174053315,0.2687800253352446,0.6701484188039517,0.08854752691936724,-0.7965971149679287,-1.0065556183820696,0.20155826696271278,0.8970495273895694,-0.0009737840446353441,50,31,0,0,0,0
-0.08990198755891754,-1.4107027358473916,0.08035612065345048,-0.4929948981511467,1.3548881627942482,0.1887964422897659,-0.34794240144204114,-1.8488775501482726,0.11789303806232286,0.8815105429538869,0.0008546605868340395,50,32,0,0,0,0
0.24011370501095097,-0.771545042124103,0.17584734656229356,0.1488240085225332,-0.5187721983190956,1.281812555452413,-0.46581114465787543,-1.1125342220892618,0.20592831117611737,0.8769234667897279,-0.0017232069054480407,50,33,0,0,0,0
0.20176739847080327,-1.8869736858339978,0.2833499981414944,-0.6658185823141531,2.5075529693940446,0.38818014766668796,0.9280853555455426,0.6634763705578974,0.24933111316268688,0.8501492100831655,-0.003558436415963252,50,34,0,0,0,0
-0.006703819299594294,0.7304157911459495,0.36775688955004737,0.08935581721255215,-0.39460045203348315,0.20495616436684985,0.3912417868287239,3.4009865722079278,0.43467966245055745,0.9026497026795084,-0.0010165346013242089,50,35,0,0,0,0
-0.7416264637472256,0.18923566498126654,0.32828822395807455,0.013417958376605199,-1.052464201859598,0.19269653843602025,-0.17909884745360305,-1.3171043165874607,0.2574215462144809,0.9081308607148729,0.0004215750367660262,50,36,0,0,0,0
-0.2594384663707334,0.02058326108993569,0.08019093574086214,-0.10030376580349998,-1.0575713909712618,0.20259897594748855,-0.248940094379555,-0.22761297684883708,1.2345407702658213,0.8656604154956089,-0.0007076406595470544,50,37,0,0,0,0
-0.7981116893309252,-1.4167108912822997,0.38007092883698995,-0.20941705441650615,2.5336131096021237,1.4342951964721804,0.5886996761069625,-0.9011373172934265,1.292618698318964,0.862024437612098,-0.0015650803029453307,50,38,0,0,0,0
0.04331200528305157,-0.36760141596216833,0.1484626948917654,0.02502589276664846,-0.5458255126352594,0.03583477272292909,-0.494694626852354,0.3556991058685668,0.11408246920850444,0.8876478658301623,-0.0005764225438845643,50,39,0,0,0,0
-0.6720664400860858,-0.1585776352954742,0.24681541865649242,0.17805508648179025,-1.1532379562447783,0.23156166921593493,-0.7250348925282513,-2.2889906234899158,0.25569454801843594,0.8719562245150972,0.0008881104365963745,50,40,0,0,0,0
0.2694925064100442,0.2634168067447682,0.180216461246414,0.1906242165930463,-0.6194588701191588,0.2723263237483489,-0.14053959952071082,0.17470681323284332,0.3252806466686621,0.8707051280255418,-0.00106793016757204,50,41,0,0,0,0
-0.3514673908759214,0.8737401688624171,0.11925890230853284,-0.4441154490016288,-0.9557475192191305,0.09640937340025814,-0.036302656300787994,0.31613301721885634,0.24461986953267192,0.840505610824183,-0.0035533123285791035,50,42,0,0,0,0
0.7863301015498285,-1.5068764309917428,0.27429362274998753,-0.3533233925619852,-0.12606636696753526,0.48627679854225364,-0.2634612519568753,-1.3080324462011408,0.13702697289545532,0.8767169501452219,-0.0005376684687011371,50,43,0,0,0,0
0.19461481618704024,1.3644645828303963,0.19254805945716816,0.06968527801469104,-1.0782544519830042,0.17827286105305895,1.0194138024265333,-0.1818575962940976,0.2513269608775948,0.869756716214589,0.001888554101162544,50,44,0,0,0,0
0.5182432236630072,-1.1162526198364997,0.2665714740289547,0.03158448082041687,0.5004637803619243,0.24161516891120874,0.3284927074410291,3.0367320268904994,0.1550697844639121,0.8634423399503742,-0.001962257486188719,50,45,0,0,0,0
0.41071015189613114,0.4464267211155022,0.11925890230853285,-0.5035759412566492,-1.0057798946165413,1.2545694017895823,0.2592748257358428,-1.8221385054688177,0.24079128430572713,0.8653447078030454,0.0020299262932435016,50,46,0,0,0,0
-0.14429224207175562,1.316279287145207,0.19344904813301478,-0.11471960758142341,-0.5592708761776031,0.2610801455421827,0.9711458774545765,-0.4999590330232131,0.20092807673939642,0.8434867589303936,-0.0012322478954465141,50,47,0,0,0,0
0.30375816331894434,-0.13515964054122165,0.17917384972890557,-0.07543653748372758,0.4655530899926319,0.10978381923262487,-0.01008530058221968,0.303144705804824,0.1061911441418948,0.8945772735258879,0.0016473980031346846,50,48,0,0,0,0
-1.4820178054018243,0.4397760755108564,0.41520540756643004,0.09472710032007647,0.2893207074960982,0.1300267865637369,-0.15442052738129064,-0.13806990876118697,0.22671039137734067,0.8541133379255489,0.0015465554066368178,50,49,1,0,0,0
-0.7704590905374964,-1.3100781541846933,0.23429602618248258,-0.06402083969924277,-0.260424820856187,0.2550643577951196,-0.4287019767413973,0.1968490575576265,0.1304805783386498,0.8476657888211457,-0.0010176685732947244,50,50,1,0,0,0
0.06838652278954793,0.040505942441239284,0.07742322856004138,0.0834358684718115,-0.2728154144827526,1.2970588463025412,-0.08666891170487023,0.7145521400049706,0.09509632436828769,0.8693065773474806,-0.0019106442088579183,50,51,1,0,0,0
0.5122937133944987,0.375834330670223,0.14958170292026335,0.5579677701176937,2.9026938342979163,0.18625192385476802,-0.03862233769862389,-1.316673252945887,0.0774232285600414,0.8671827641188397,-0.0030160389665891876,50,52,1,0,0,0
0.22986245322297094,0.3820754520807892,0.016218437659395995,0.8241651878828344,-0.744059172600382,0.21306538319654786,-0.46917890617212077,-0.18231608864815918,0.0978644065385618,0.8496443775627672,-0.0036963240092038477,50,53,1,0,0,0
1.1115539612688945,0.7427376694146712,0.3735935030765235,0.22760929624893222,2.410809751845198,0.2833499981414944,0.012373969477944335,0.12081067513113908,0.2526388433043542,0.904345802329854,0.002678981315546816,50,54,0,0,0,0
0.21968213645620782,0.8168368040733522,1.2398819069252451,-0.38332104841746695,-2.291705236309678,0.3925796479167402,-0.07570960361059598,0.3628300738509598,0.09392345149613784,0.874736254307834,-0.0008187101635013567,50,55,0,0,0,0
-0.13688360612158856,-1.1388985113852446,0.1237228669373654,0.10073929825319983,-1.4241443889535201,1.263167312834899,0.0547742379087941,1.3874014914434163,0.19150415617388145,0.8750797374880862,0.0016739125017051837,50,56,0,0,0,0
-0.21879579514844938,-0.9689587249228833,0.1179694338177135,0.5213871416839231,-1.1423464472390208,1.3806480266634888,0.05902355624326461,-0.40917320103607047,0.13867198460456656,0.8841058080677381,-0.0001183644437210278,50,57,0,0,0,0
-0.19843956547928698,-2.1679880481435685,0.37752527119699286,0.04213274734781347,-1.39006201514679,0.2866765013081064,0.05377502326470651,-0.812825667506127,0.15928671621284218,0.8762019501289602,-0.00031240480582991155,50,58,0,0,0,0
-0.5969589281785712,0.8773142151776643,0.10320554319798567,-0.061649526186775994,1.1280999654884107,1.3135234527640147,-0.7472403104742709,-0.5877897923555206,0.074121794422669,0.8683930767515387,0.0014812316791765823,50,59,0,0,0,0
-0.1912044449913859,-2.155691214140246,0.30077642704619534,-0.49520735161888485,-0.6254797174979378,0.16378037997941888,0.14307290942802187,-1.7158228756918357,1.4724224743935765,0.8654251587468247,0.0012614817410274612,50,60,0,0,0,0
0.009542404061566145,-3.428181427041773,0.5069022929359163,-0.1156354290004229,0.39174518503451594,0.2254720853969144,0.07379445610417878,0.24811055039463525,0.24040208928234527,0.8523882650556228,-0.0023101727890488485,50,61,0,0,0,0
0.2953209838909858,0.7130815395611965,0.04847438589585382,-0.9837296876505537,-1.0631309260437822,0.22824154981302056,-0.25909677361703487,1.0519245281173504,0.22325921429430837,0.8954800721558114,0.002206398372489829,50,62,0,0,0,0
0.18906643776687915,1.7092806931908466,0.1584386322264375,0.2901791346361353,-1.3874091639417765,0.24890050313542514,0.32662319625505454,-0.5809820202347016,0.14779185621830981,0.9368357445232607,-0.0002795105744483617,50,63,0,0,0,0
-0.5106222196592345,1.0698691067769612,0.2316392315765366,-0.3461052537673446,1.5962449363101054,1.288319437249527,-0.20855530667994326,0.2963039772194609,0.2535770006254156,0.9461271031805394,0.0003631338204239558,50,64,0,0,0,0
0.23538853367612944,-2.5928842320244927,2.5779207440597736,0.1378075538514123,0.5091605678684497,0.2813365312538936,0.8859548300277744,-1.581445097871364,0.28604692217834754,0.9107904372630429,-0.0012397165106382928,50,65,0,0,0,0
0.16234196105618093,1.5174666216594632,0.26854262369250514,0.4522022471414573,2.088258215356361,0.2768901790677037,0.267481155209329,-0.0642941750235062,0.09786440653856178,0.9334442475286845,-3.219732063620857e-05,50,66,0,0,0,0
0.3787041421525439,0.5221608161091424,0.1633674724256334,-0.2069402054472027,1.1137832989294285,1.4651373890264237,-0.34906614622766785,1.9685514877273107,0.233158355664167,0.9242440982001717,0.00014685053481255095,50,67,0,0,0,0
0.18205334216885305,-0.3049808882949687,0.21777516302744435,0.6141172293043162,-0.5914028117570886,0.17618824878499648,-1.1745439879857025,-2.0537379494782124,0.40268913200246553,0.9127158019920865,0.000439493837907174,50,68,0,0,0,0
-0.17365822863448788,-0.9240527199124138,0.18298380748916648,-0.45916497202774487,-0.7862191843508004,0.13328650781180956,-0.14765937534390616,-0.5615219295807696,0.10257535297466933,0.9071299943171767,-0.0014409280925392115,50,69,0,0,0,0
0.18130312196506093,-1.9274732369307293,0.34718216482047387,0.6652946038411391,-0.4361738177730583,0.5227090439109034,0.9787157350046458,-1.9345560002186808,1.388686794507066,0.9131060970431284,0.0011593907217978,50,70,0,0,0,0
0.42498456234542203,1.0535045664740377,0.1776426708297426,-0.9189538119475706,-1.870677963812553,0.23600927578994124,0.17313976043757506,-0.13554653720325227,0.1435050389108296,0.9244142192377719,-0.0001073819860417745,50,71,0,0,0,0
-0.1116428458392793,1.1028112275266517,0.12835766761261364,0.4610393549632059,-1.4233525162202625,0.27429245614477654,0.10562162231562588,1.686168989978583,0.16798515856306567,0.9215663629110772,-3.9526920770737495e-05,50,72,0,0,0,0
-0.12857190355087234,-0.4365918564549558,0.16969531770815233,0.20564999278484564,1.5629582894261898,0.2439695380215125,-0.13974715318446496,-0.9052773043348434,0.09973754202367593,0.9102536047752935,4.614979921564355e-05,50,73,0,0,0,0
0.5710012189131302,0.3146096089682793,0.1032055431979857,0.1544610881162347,-0.5577722877704057,0.2382175076111758,0.408502592481816,-0.12346424078546825,0.467715902936775,0.9116648577265022,-0.00012727039068718374,50,74,0,0,0,0
-1.2628771902056162,-0.6255349679590756,0.265602159281704,0.4315267367540194,2.5197044992071618,0.23148687071701202,-0.3160402042873631,-0.03825139389345722,0.21607480778270463,0.9226735118982718,4.150951426078249e-06,50,75,0,0,0,0
0.2600478938596611,-0.09682512851240155,0.14438132758541666,-0.23825316007237252,-1.9349638198174874,0.21056847446825736,-0.36934193279809246,0.83339113433144,0.19913214137838986,0.9081286541776472,0.00012391092028313293,50,76,0,0,0,0
-0.6295078295261138,-0.29226398446217594,0.4075774223619216,-0.641661896656001,-1.4906904562438221,0.24550071692067546,0.5217861059240461,-0.7724965230078205,0.2726015081440142,0.9183005474630805,7.702136092890416e-05,50,77,0,0,0,0
-0.6833541208027185,0.11700587601935553,0.42719375742545473,-0.211971041756418,1.0730528975251623,0.1404872457298898,0.23127040953870814,-0.5713790004410555,0.3085021225561223,0.9155172014451973,6.364641361673542e-05,50,78,0,0,0,0
-0.09208798876859614,-0.37690440728491126,0.21687417435159775,-0.05355150483953164,0.1331424041866036,0.17827286105305898,-0.14439873694390748,-1.9337530140213746,1.4952183536402475,0.909046816491376,-0.000392172482515878,50,79,0,0,0,0
1.0501303262811517,-1.27340617271018,1.237840316807285,-0.5540946464576297,-0.6383048262954798,0.23607821295490286,-0.6436412702989935,-0.9987278482491257,0.2174354274099525,0.9046967397287201,0.00022107740323128793,50,80,0,0,0,0
0.07883164956550193,1.2626716501019875,0.22286562523624998,0.6161607518338839,-0.09073055261838903,0.2647047555239806,0.19279304650204843,0.20295329874726598,0.1584691488658532,0.9079941934640956,-5.36684285842639e-05,50,81,0,0,0,0
-0.0935188269755578,1.0836059369104731,1.2541571053293543,-0.8602699010914305,-0.8033219504992601,0.2938157942969962,-0.024020684075141574,-2.0802849613051047,0.3712363146571622,0.9028468008650712,-0.00015458007059757927,50,82,0,0,0,0
0.497664367780275,0.7417891989515812,0.3500194202598137,-0.40244642816373144,0.6160951742096099,0.18914978706357768,0.015205711310532166,1.5791194017098586,0.18564449708738412,0.903950786541781,0.00015395156988012244,50,83,0,0,0,0
0.2368664193963088,1.1575966010564542,0.11471265943182077,0.03824194917139767,-0.7546616416768277,0.22304132053122,0.0469190653580025,2.1229711795081583,0.16150391144223558,0.9067120918935336,-0.0001628717071734893,50,84,0,0,0,0
-0.37361877010317457,-1.913420337368918,0.31003330145528535,0.5082892831155279,2.2060185789508644,1.5140090414200762,0.4877337063060301,1.0121564284099867,0.12268038025382105,0.910266318448889,0.00033483899784819525,50,85,0,0,0,0
-0.3656428810394674,-1.1591331944184171,0.18616301951445755,0.4748142894797125,1.3555999185555567,0.41603947807464015,-0.8157983375495439,1.5640671949829317,1.414539560131131,0.9110285551723905,-0.00024098705942739604,50,86,0,0,0,0
-0.18908524645888747,-1.9208881555349304,0.2899282741761336,1.0131931285517544,-0.7632301406451667,0.17251917793887572,0.318192918299923,-0.7258501583038663,0.26615917756872676,0.9119714189808478,-0.00029136374667318904,50,87,0,0,0,0
-0.07259946167058207,-0.6360061829184378,0.15525825359593542,0.7688713085414545,-2.790315840781102,0.2857755126322598,0.4842838287565092,-1.203658515923359,0.13986478384644874,0.9134352870100138,0.00020459172384776876,50,88,0,0,0,0
0.2020296223745497,0.4516008310523656,0.12753282469762633,0.6032212425283268,-0.40634228160224595,0.16470796790881687,0.37170837133674706,0.29776675504838934,0.20689940362213669,0.91340250656767,-0.00022680006262677595,50,89,0,0,0,0
0.07937580372859276,1.5720722738386765,0.13368463480523107,-1.1213213280128382,1.1383736925466437,0.3137603288032534,0.4288018918800933,1.136792816916028,0.2091086898066195,0.9034676300799811,-0.0009450921583639565,50,90,0,0,0,0
0.438593034913068,-1.2309076025353587,0.2164871042429326,0.003649032030802246,-1.450949508799078,0.1102725114482435,0.07229878006740353,-0.2803809862576525,0.3928691592711605,0.9260241428219627,0.0005010835159569539,50,91,0,0,0,0
0.031226906503580842,0.718126640548582,0.17237829102473554,0.15829603485364085,-1.1276821897131217,0.16710793750927921,0.20770557228865894,-1.048529218995868,0.4685320081418267,0.9226736866536075,0.0011193153454760586,50,92,0,0,0,0
-0.14908738595531634,1.9761418698495188,0.19791325586294387,-0.7243494168981339,-0.884674668642055,0.2665714740289547,-0.6053977485755411,1.1992184530379504,0.2809635559950743,0.9479528410035098,-0.0003347430688508145,50,93,0,0,0,0
-0.25221082110195425,-0.7347935177784937,0.20415064013429057,-0.2519974373699867,1.129886419187807,1.2675315168932233,0.12526816968229415,1.222744945301999,0.43181115143859533,0.9362322748661175,-0.0005140165173778716,50,94,0,0,0,0
-0.09266304087000776,-0.9211924053506362,0.21890130970920457,0.13115641229402009,-2.7426387591446373,0.27024054487507543,-0.1840162517674857,0.06205822863621435,0.2652799282601517,0.9200364558452517,0.0005596573362843567,50,95,0,0,0,0
-0.2170811523720042,0.675499495146278,0.1805582929984011,-0.05620793793376322,-0.009952998617226427,0.3760194897781591,-0.1575507655984385,-0.9214347351116903,0.1829838074891665,0.9227990263835162,-0.0010964005584037087,50,96,0,0,0,0
0.35075806003569543,0.08269175981603283,0.3391418831557375,-0.7861538017885614,-0.7125662403149136,0.31117075716153897,0.04382147704092354,-1.4461053976011264,0.12898785783592998,0.9454241370000838,0.00036156007553874646,50,97,0,0,0,0
0.8328648730984236,-2.2037312004701173,0.26213310374414595,0.15050392946187507,-1.7181694861537515,0.5822359443259162,-0.16931549618974628,0.42408232982288396,0.0978644065385618,0.9559278446222494,0.00026628858663359955,50,98,0,0,0,0
-0.24888237375809297,-0.9549904602884016,0.0518932304374891,0.8243425297369376,2.196300853900391,0.16983406607478957,-0.37426877048839113,-0.2143388497546681,0.2164630444965808,0.9567419205109503,-0.0019282089918376893,50,99,0,0,0,0
0.6821161458238469,-0.7161105663480294,0.2796095330578486,0.7046694525763106,-0.6421993739015557,0.21340733978249904,-0.26040933785935216,0.05309740716410971,0.09793194562756616,0.9577486453231598,0.001068718261237157,50,100,0,0,0,0
-0.11218800099530224,1.4528753584179928,0.12835766761261364,-0.668295593163986,0.3170667807217127,0.21648710424293263,-0.5566674642393581,-2.183524041499883,0.2670619439433419,0.9579754784718888,-0.000321771584053868,50,101,0,0,0,0
-0.48844450677322104,0.46478255143378,0.11408246920850443,-0.2342898868338894,1.1486192593348203,0.3465019380934071,0.5610848340932648,-0.6407991516208025,0.3211982249990651,0.9681435140208086,8.829012055389167e-05,50,102,0,0,0,0
-0.43338222615475264,0.29841492193149044,0.19427223834415555,-0.027744139332641637,-0.16851430014783375,0.3385123040259786,-0.266588004954861,-0.5693344533533038,0.19643299637307735,0.9738837129989898,0.0001448874934425708,50,103,0,0,0,0
-0.14699705839425103,0.5921605890965758,0.18339493734418344,0.4460291370971463,0.9256924151289088,0.26618323731507854,0.013539697822654517,2.0542581530926753,0.2842992127944952,0.9742928108303671,-4.648852084524083e-05,50,104,0,0,0,0
-0.06603306719551671,-1.449112554385085,0.15906882244975384,-0.35330226578708857,0.9436788925141872,0.14035347606206736,0.8750552769758881,0.7070528403004026,0.23229348154620477,0.9746786461619795,-0.0003389299719961286,50,105,0,0,0,0
-0.17034234394534664,0.398579803857249,0.30906091854191364,0.2618083258518942,0.047390450357497116,0.054708712126635285,-0.2672200822406836,2.5415265294031,0.4071662925069047,0.9734175643840038,-0.0009537627702602788,50,106,0,0,0,0
0.016846014166414847,-0.40812059769880626,0.3005405698571987,0.348439643431921,-1.6893268337199956,0.14209082914620183,0.35493738289446597,0.18871512825057657,0.3041320783427177,0.9723014715118523,0.00021507750773578415,50,107,0,0,0,0
-0.3087465913688403,-0.16720778637131772,0.19269653843602028,-0.8311990165280561,-0.04634756657295647,0.19815999456912228,0.22269343060409152,0.035650360301882955,0.14229671531735416,0.9586917716468518,-0.000982876482853886,50,108,0,0,0,0
0.5378929919995965,1.157146983728616,0.2275410173211653,-0.09084636171369809,-0.5406166537409316,1.2697455888695381,0.06550646296879048,-0.9157126294516047,0.1041065318738323,0.9856686331315614,-0.0004716187660074639,50,109,1,0,0,0
0.44505008644120814,-0.43160057418164754,0.24647286372994304,0.6463597686428288,-2.3931404889578545,0.4408781488407763,-0.5137258567718677,-1.0484176816478659,0.08830015457056015,0.9713721089843087,9.230158613925888e-05,50,110,1,0,0,0
-0.030342610422851912,-0.4573744425663584,0.09939497434416726,0.4639630080587933,0.6900349773564436,0.13118111083050507,0.41705375130671385,-0.5410820258803088,0.2056818096071214,0.9709834769663748,-0.0008282855794196954,50,111,1,0,0,0
-0.12163912635610785,0.3285279540337882,0.09509632436828769,0.05154769788263458,-1.9966066150891786,0.1339166980351259,-0.1621631806624224,-0.028394344865398935,0.23673362952978205,0.9731723919865098,-0.0007389797928127808,50,112,1,0,0,0
0.10381731149905882,-0.7526253800819127,0.10619114414189479,0.2690498029117441,0.7575706535455042,0.16870744247984626,-0.2171898707725406,0.7038698454201366,0.08893610169680236,0.9414900265393884,0.0008404839496696985,50,113,1,0,0,0
0.31421880567345184,-0.050306937966155374,0.17521715633897722,0.6320389936447564,0.37083099173102596,0.2387029667826734,-0.3476820826352185,0.6385196402402915,0.058219189956736285,0.981017826625295,0.0007601876488060899,50,114,0,0,0,0
-0.48774993751581963,0.17589078140865233,1.345785053533879,-0.08684032326836544,-0.2282658193731315,0.2904870701619249,-0.2728880636883577,-0.3596650672539461,0.13758576888124663,0.9271572869626048,-0.00055976355955371,50,115,0,0,0,0
0.6483135534231721,0.1002283385413989,0.1627604589855156,-0.2842109673075788,-1.2569750592432838,0.15276195596120243,-0.0063644043161286135,-2.0634874276156827,0.3653997011306861,0.9648318168868019,0.0010737671854160913,50,116,0,0,0,0
0.18920960332923809,-0.051852172555452825,0.2647986766555325,-0.3206164971505032,0.23038710697943454,0.24758532918873793,-0.013474221958879262,-1.0219338060143048,0.16094195793486799,0.9602974473879278,-0.0009332539899967211,50,117,0,0,0,0
-1.0330331137708573,-0.8829390663499632,0.44807941945591984,-0.07983795589183629,0.44212509405799505,0.14180802310173551,-0.42979984992699194,-0.2534816658408108,0.14797400267614674,0.9476286108516061,-0.0011603263842469586,50,118,0,0,0,0
-0.019433437864774028,1.736232632254124,0.14819189643923508,-0.8339359854725963,0.352937695339377,0.5152271373971521,0.33383380038426225,1.3325270569994192,0.5298231963344263,0.9514537545928491,0.0005380042885777088,50,119,0,0,0,0
0.25098370714235774,0.1548657051273743,0.11367017274827645,0.06823572955311796,-0.4653840042395494,0.12177939157797445,0.36007162796465053,0.42840816364294376,0.3201797980618725,0.9451228176878991,0.0009082156361158866,50,120,0,0,0,0
0.24187031660880098,-0.29146722942240366,0.18728306855860355,0.292557222139064,1.3364813254973678,1.2637875698562504,-0.6548488651776285,-0.6813158000153452,0.15651656164290007,0.9641365351712143,1.0761515461343818e-05,50,121,0,0,0,0
0.29190396098601923,-0.6576090906072256,0.20259897594748855,0.5815818252217086,-2.169977040180937,0.2498707611340801,0.5543171202153561,0.9294372761255776,0.16470796790881684,0.9440079609074706,5.844649533632817e-05,50,122,0,0,0,0
-0.0626797992195387,-1.031516515289403,0.15955751466537246,0.11537084383027985,-0.6887463897282968,0.18863823566608293,0.5266373661782966,-1.9870616734916373,0.2774345624502772,0.9414914397566337,0.0008532121131116863,50,123,0,0,0,0
0.6175908212792196,0.7818092159513839,0.35187786267017773,-0.8308096498187716,-0.5087017542247549,1.3947519238073043,-0.22589664151236022,-0.4972287606966628,0.04394399155262709,0.9229046905223359,-0.0005576823415722674,50,124,0,0,0,0
-0.5257624608297666,-0.15407484058703602,0.21070819477718652,-0.23174938900934006,0.8215211914235834,0.24072083331960634,0.2681356430722053,0.8144005416670144,0.22838129058543283,0.950992225275196,-0.00024360768592871036,50,125,0,1,0,0
0.37499835426368655,-0.5914457189895863,0.21359442487376223,-0.09521566759325673,-0.46228366471048066,0.0693140097303434,-0.11638342388297573,-3.1216927973161885,0.4844470925581415,0.9089220815921444,0.0001388765858013177,50,126,0,0,0,0
-0.815139397491393,-1.0853094595117545,0.2583936930237485,0.16823616500581018,-1.8233218854289293,0.2167850128169693,-0.2799111939680179,0.01060140285645872,0.24744560887980876,0.9485113291574795,-0.0005289339696912535,50,127,0,0,0,0
0.0993503603111785,-0.38276387232614617,0.17421250316938466,-0.0697236032113917,-1.060235939797182,0.09016748416909176,-0.8289927103283263,0.7634824585649591,1.453917895336396,0.9266337553541417,-0.0012336641550926414,50,128,0,0,1,0
-0.6862645186383345,-0.5419370684674885,0.1044445950343995,0.028902995242326313,0.309848091318198,0.3353319253954765,0.6458010440364994,0.42405770814971255,0.3234264983210688,0.9475512946833422,2.806667678145089e-05,50,129,0,0,0,0
-0.2849629925751156,-0.6391406748452875,0.16766673349507044,0.09992403796789695,1.9795605016912745,0.43417056082641603,-0.1107549416010647,1.0078102272359502,0.19150415617388145,0.9447577025336581,-0.0006663014297269496,50,130,0,0,0,0
0.1131205398144477,0.7241170145744498,0.18769536501883152,0.47918163784841106,0.8265360157016755,0.2049799880090975,0.17689854881444678,0.040495217948349094,0.03860285489320319,0.9554231111183639,8.71191724042947e-05,50,131,0,0,0,0
0.2429396082753401,0.8112571430328206,0.17917384972890557,0.466375303728217,-0.7908517409724647,0.23358130422661236,-0.06955407396923263,2.9821952856658775,0.246954099617199,0.9244922849723216,-0.001573474872610091,50,132,0,0,0,0
0.4757622292320285,0.40308662557821684,0.24758532918873796,-0.4114292058450415,1.4063966623527264,0.3090609185419136,0.12179147654462508,-1.3485385117104407,0.26040761936926027,0.9390778086689537,-8.921549699726106e-05,50,133,0,0,0,0
0.71865573503203,0.19639964443920377,0.265602159281704,0.45125287453061347,-0.7673210371949519,0.10978381923262487,-0.6257023950494913,-0.8026612226175764,0.4707019760915544,0.9486834442890028,-0.00032568506335996797,50,134,0,0,0,0
-0.4404319218813795,-1.1786593196162798,0.06438516953114748,-0.4403810871665961,0.2026806235202745,0.10015777772691929,-0.34008875455934184,-2.966767340653348,0.1805582929984011,0.9004863086313948,0.0012622208533906018,50,135,0,0,0,0
-0.24960031405865113,0.638463054977727,0.19448975711779054,-0.22730038603253533,0.725644845353079,0.1130245760777514,0.21117767773407436,-1.5537144346297938,0.2550643577951196,0.9006287500624588,-0.0011389656336959428,50,136,0,0,0,0
-0.5628326293111039,-0.7217173600513664,0.11367017274827645,-0.21766523410549965,0.8648039539599388,0.4656929478329972,-0.08846236901390014,1.7280801762852729,0.27087073509839177,0.9153370875403709,0.0011323973530744426,50,137,0,0,0,0
0.6543594563932231,-2.0094901557452713,0.38705822281881924,-0.24324897998470885,-0.7134987825177079,0.19643299637307735,0.7859421394996007,1.4649112393662413,0.3672786326665398,0.9359482907941863,0.0005544483763469233,50,138,0,0,0,0
0.278539362669199,0.2933230884766669,0.14529488561278314,0.24543400506498614,0.5095135733865224,1.2775127698610935,-0.44230007508496616,-0.7894136684487201,0.2657721074600616,0.9519048092736181,0.0008556091176570902,50,139,0,0,0,0
-0.6457407709083585,1.142003360338082,0.1948334914025103,-0.0549727235346511,1.0177959111790251,0.2316392315765366,0.2547625033695544,-0.5509340962310532,0.12712052823739833,0.9014340015694797,-0.00018775957287531884,50,140,0,0,0,0
0.20491296298884976,0.0913743470114543,0.1258074792054279,-0.06585458593861748,0.054883650744464774,0.19070478960498832,-0.11965767097820734,-0.2816395022162643,0.04671207372290119,0.9547064862961221,0.0005776521844233115,50,141,0,0,0,0
-0.15874138795824955,0.1538333798517577,0.3734445464783967,0.41723759456337284,-1.6925480644030353,0.26720166425227104,0.24831021990513946,-0.742625933059994,0.20485117262614586,0.9201483118660743,-0.0006992291549402056,50,142,0,0,0,0
0.03423757194938304,1.0762306465175548,0.40182515584748085,-0.46475459309666256,-2.441481463073467,0.5558445466335981,0.7683238874811718,-3.3377774566545577,1.5697598995797664,0.9233392992837672,0.0002632040098605706,50,143,0,0,0,0
-0.02813044637076967,-0.19352693486933426,0.049697674666810306,-0.2823146619731567,2.4070646084727585,0.19947524804937528,-0.32641374078607477,0.12224332881502864,0.2921852320251912,0.9334338669501809,-5.206093983644712e-05,50,144,0,0,0,0
-0.4894387461414622,-0.21674593658584662,0.14139572664150757,0.29911959960266543,1.3691895001932561,0.26026577414561436,0.17013628141628523,0.4867099347002304,0.27797743272078473,0.9261493014723233,0.0011811446144956597,50,145,0,0,0,0
0.7996272394476795,-0.5526912974058522,0.27743456245027726,-0.24112620145711894,0.46344505037747474,0.12712052823739833,-0.957459001676269,1.1568494622414445,0.3779863165689275,0.919449741218362,0.0013175592438037383,50,146,0,0,0,0
-0.2040147615358272,0.13693267593492386,0.0578068934965083,-0.8249703896749159,-2.7364613516333076,0.44851186433346996,-0.12441152801070032,3.83766131676371,0.3780577108064526,0.9405472116891335,-0.0004145749875219319,50,147,0,0,0,0
-0.12495266126486548,-1.1482648239066036,0.15657191372146337,0.0032552271441659286,0.7464875272661882,0.14653530867502976,0.25086046380814064,0.11106149615372907,0.35259319695436503,0.9113081543439716,-0.00027023495700640403,50,148,0,0,0,0
0.16361010714884472,-2.6556633090082356,0.28985687993860854,-0.4876232092209811,-0.3448679665095593,0.18298380748916648,0.0037600422792714028,-1.5031429169256532,0.3293077910447113,0.8784143812000488,-0.0024120886905764412,50,149,0,0,0,0
0.027092097132675796,-0.4681730611886712,0.23649050941513083,0.794519004873762,-0.8456220548660003,0.23876269335128222,0.20695243271664054,-1.629889896812263,0.3198488654741789,0.9114271223444358,6.892816087357893e-05,50,150,0,0,0,0
0.32308850684477974,-0.09792675592167654,0.14846269489176536,-0.3154476296999347,-1.4369395729161756,1.4527910616408166,0.04349534775719466,1.3124370501282616,0.20017578054123056,0.9228084274196449,-0.002756026396120776,50,151,0,0,0,0
-0.15871402809570334,-0.510008295010608,0.19687076917939955,0.7623131862250263,-0.9198650913889432,0.23114937275570696,-0.20910573236758712,1.426030592992964,0.12463482688530342,0.9328152474817116,0.0020602504480041863,50,152,0,0,0,0
0.5249342654463911,1.2565942709083728,0.16062382499116445,0.17531929583939654,0.5458366257105149,0.2593636188645567,0.14059619378066035,-0.8204835106311901,0.14139572664150754,0.9175115985809399,0.0005227977865834658,50,153,0,0,0,0
0.0411753538984998,-0.44771683377786164,0.20946114083985487,-0.16279060858377736,0.034420596654772595,0.17251917793887572,-0.009355966499797752,-0.5738556305647045,0.1866528783352872,0.9423392348732933,-0.001933262007975254,50,154,0,0,0,0
0.018009221067043946,0.33443961239628983,1.3911111423926201,0.10647262285240444,0.07044210636981774,0.24141934961432676,-0.2604319028757365,-1.965960975408625,0.2661341745635077,0.9130151641518777,0.000626814541997688,50,155,0,0,0,0
-1.0778509340963653,-2.066719919170443,1.3821021014922865,0.0846821817386827,0.7575101420219559,0.1032055431979857,-0.0748581525539258,2.325552731667342,0.15865652598952584,0.923440649993292,-0.000320820479326454,50,156,0,0,0,0
0.032080869602753914,0.23898408023428264,0.18242562259693273,0.1479196482386067,0.5008346377607076,0.12795315035062238,-0.20468815229009962,-0.5765072308555332,0.16678746698020436,0.9225140750578563,-0.0015928630580764919,50,157,0,0,0,0
-0.12812482852128415,-0.06258190056159929,1.2889496274728434,0.6518335005471538,-0.3896008419615349,0.20430678924357235,-0.2502712394407247,0.5282567295646601,0.32056803477574874,0.9546858458449059,0.0013319828222152982,50,158,0,0,0,0
0.09339320041626831,2.347283292331907,0.1861641861196686,-0.3372786608866516,-1.6608400600503614,0.25569454801843594,-0.16723002262423137,0.2801818813621324,1.2974711427627694,0.9298712524565202,0.0006316420312910712,50,159,0,0,0,0
0.34120458878671034,2.7114195962118792,0.32755902013547655,0.3780456432350494,-1.1425470903788888,0.2942269241520132,0.1852635282107613,0.35898114092297995,0.1972590058932757,0.9553268333254981,-0.0006117133420376362,50,160,0,0,0,0
0.567579537124324,-0.6053764861470281,0.19750095940271586,-0.5690622911831209,0.3088855458398294,0.14685889805830116,0.6062649018153499,-0.5992066540844334,0.12087863900623197,0.9377633586701932,0.0006950371682899922,50,161,0,0,0,0
-0.4110349464155405,0.6283967380703661,0.263008829953579,0.1775092879268838,-0.548322679857633,0.12517728898211153,0.20050177513664913,0.4947230330242416,0.08893034479387649,0.9330490885938508,-4.671590641988564e-05,50,162,0,0,0,0
-0.6533922844950268,-0.049579062495890724,0.16191305038088724,-0.3620947312075611,1.1929163163863912,0.18504951555267704,0.5931827178241802,-1.2456867747772948,0.22498339318129576,0.9138316034493948,-0.0012984634796336131,50,163,0,0,0,0
-0.13972302104836754,-0.22521486870672902,0.14797400267614672,-0.6467691840156213,-0.03984604228727928,0.21680523718663616,-0.501692892130075,-1.9819672263735102,0.3131128298116147,0.9370140355705395,-0.00105958040700662,50,164,0,0,0,0
-0.7478882567379763,-2.090574524078219,0.26844460951406884,0.3892624694297604,0.23746407620584264,0.08893034479387649,0.16247303125609847,0.17632570039148554,0.04028297962993705,0.9363260345147271,0.0006305331355963622,50,165,0,0,0,0
-0.13549354868029795,0.3394987962179954,0.052878053297312384,0.6164179637860112,1.0553243493211504,0.38532810268547457,-0.10990351078844363,0.12825897303874356,0.19386134459324275,0.9490322674147847,-0.0013043840133871673,50,166,0,0,0,0
0.25010126924768805,-1.8232542621164116,0.33921327739326257,-0.05918809006265846,-0.5466505692328152,0.3583699815053944,-0.2064659033571088,1.7336815253746067,0.23912084022255436,0.9148174677181273,0.0012265669464425213,50,167,0,0,0,0
0.10057813670758264,1.3445574259732211,1.2001862776574712,0.23150251894167173,0.2516776852148297,0.06438516953114748,0.33538968037451244,-1.9587925165987832,0.2164871042429326,0.9301525004431785,0.0002930366818469207,50,168,0,0,0,0
0.9292770285330381,-1.9661534287247848,0.4656210654893319,0.11188973969548588,-1.8908538308590597,0.21306538319654783,-0.011895477255337461,0.28522154990058013,0.13328650781180956,0.9295791566341971,0.0002972725976933809,50,169,1,0,0,0
-0.08475490879079128,-0.13863345036137886,0.26276151626869376,-0.13937844571510372,0.10510129955619263,1.4142491269268502,0.882468156375686,-1.8623294086360138,0.33411828344447375,0.9314794234605412,-0.0004804308127399875,50,170,1,0,0,0
0.6873386564457276,-0.06182807652265154,1.2697455888695381,0.05622698510333013,0.0031571571459618752,0.11408246920850444,-0.2567928775851893,4.007709888462191,0.29082902674787603,0.9556841625430751,0.0010032655556444145,50,171,1,0,0,0
0.06882162971760586,-1.2218112007592348,0.18977997728689405,0.006869677872784585,-0.4384937046249888,0.18769536501883155,-0.5168694105875531,-2.854568981184207,0.2853884425235947,0.9437218013023437,-0.00027296202237413387,50,172,1,0,0,0
0.20464354059703904,0.940860115034603,0.28117699637518384,-0.13415854092838408,0.3847372246414462,0.14756170621591874,-0.40323587138878825,0.0293504871298218,0.32999195534126363,0.9350550899386024,0.0009004562494123222,50,173,1,0,0,0
-0.560276293222369,-0.479753306356117,0.1379980653414746,0.1418738160621551,0.6587289453027747,0.18665287833528724,-0.16997701015253597,-0.42607921045855424,0.12449507184044005,0.9521072800640873,0.0007986317589207989,50,174,0,0,0,0
-0.9385855706904493,-0.4931205467359341,0.2512555666400697,-0.22174055160660533,1.1858489117931619,1.2315551693219122,-0.5645324126845086,-0.4054335712584347,0.07783552502026937,0.9386846974249282,-0.0006782660639085916,50,175,0,0,0,0
-0.14483562888433532,-0.6707329283969212,0.19643299637307737,0.2755487799660017,1.0318778032611995,0.25871957734831785,0.41508055004898203,1.338215250179985,0.2617915904278856,0.9518473408421154,0.0007657697931906094,50,176,0,0,0,0
-0.10361196344901202,0.5960590230582472,0.0835892081344526,-0.23589326005068312,-1.0393702314280757,0.12177939157797443,-0.017154441177787305,-0.5675613191834152,0.07783552502026937,0.9137242468598678,0.0008916041139149234,50,177,0,0,0,0
0.3198683812337766,0.4963224602944205,0.15777310918618012,-0.6665521194381299,-0.007453718720860536,0.22731064916741317,0.08166906928950635,-1.1633453501668276,0.17375631731409102,0.9229490721399043,-0.00036123466841049133,50,178,0,0,0,0
0.4319567179504942,-1.9430549652361506,0.23967834663606197,-0.16080139248726777,-0.03640521207685232,0.15249054641511467,0.656328627381054,0.36524647360583806,0.15664330795898845,0.9384681464414741,-0.001502131293422346,50,179,0,0,0,0
0.10198340072844747,1.5308515588618974,0.32437682593079853,0.7238015119058279,-1.4628112424520419,0.40755336261556985,0.6710109647613418,-1.2577380756357384,0.38007092883699006,0.9311998206185044,0.0015600354865553511,50,180,0,0,0,0
0.006394313658580231,0.6831290005271224,0.34693425950908435,0.11601154169680328,-1.0067530001798,0.13945248738622074,0.4328621242036661,0.9039274036148477,0.18543809033011216,0.9102399441735988,0.0004280794523212257,50,181,0,0,0,0
-0.28336212040458,-0.6903688736161397,0.11901130940770036,-0.4782332464905732,-1.2075203968746138,0.1298888465117766,-0.41046853140692363,-2.98658512091741,0.3826616670839154,0.9322446787390476,-0.0010392711700567686,50,182,0,0,0,0
0.6707473228877676,-0.0017328709375430407,0.16399766264894974,0.13466227725233804,2.3620855108125536,0.24933615102703058,-0.0010067527065569237,0.8862068171297093,0.29415614100804555,0.9302348083543504,-0.0004889004637562637,50,183,0,0,0,0
-0.8517366665610897,1.3006537259311273,0.13118111083050507,-0.2500917781866363,0.46871400342246083,0.11935387708720903,0.11172208883707935,0.3477701826410007,1.4121119207256492,0.90639765916166,0.0012227470587487517,50,184,0,0,0,0
-0.32882587440492905,0.3460467135100842,0.24979936689655505,-0.17098542354116208,0.1064711902179436,0.21874847644192297,-0.23225147427609105,-0.2676759571424654,0.21728647081182573,0.9570904386908008,-0.0005372929492911791,50,185,0,0,0,0
-0.11908581862155643,-3.836758857088596,1.4289615902186503,0.008036632736388327,0.18899224164948691,0.14756170621591874,-0.8466671795474694,0.96727404427204,1.2969887425323687,0.9174649854746042,-0.0010729593904626861,50,186,0,0,0,0
0.4636689973432331,1.8557938556028812,0.1939635888650601,0.6905169414853187,-2.088816648730246,0.39184921851280874,-1.0589657936089951,-1.0207153121304922,0.3345220861978299,0.9663788762291259,-0.0010067670866114107,50,187,0,0,0,0
0.5557538209122033,-1.2508275654792413,0.1867242725728123,0.079276026614858,-0.27428723027424695,0.09509632436828767,0.4603362496795098,-0.3577603656390522,0.2206158060404546,0.9293276755272036,-0.0006268442016348923,50,188,0,0,0,0
-0.799213795324702,1.3941444532388818,1.361932333059854,-0.1095439737323245,-0.2131371901342387,1.3766678782092114,0.33223470702127944,0.6484853151987,0.2735698801037043,0.9201257343095715,-0.0007175880125132985,50,189,0,0,0,0
0.3140095084937613,-0.7650511729490113,0.30777169315219083,0.3938103522051266,0.04409252736563829,0.11221575070353032,-0.025998627911114625,-0.8069237211830949,0.1762596430225215,0.9303194608436917,0.00030792767265586693,50,190,0,0,0,0
-0.18566198869603223,-1.9699974115996834,0.2174354274099525,0.014755837742127298,-0.22535918251617115,0.14209082914620183,0.12358591847478362,-1.6260645931955269,0.30770275598722924,0.9252426675839053,-0.0008959750941127315,50,191,0,0,0,0
-0.3569144659555672,-0.6110793619696908,0.19643299637307735,-0.18600425446583024,0.14793052374678073,0.18298441858272402,0.38232787307668126,-0.3124936602242263,0.23331013078462873,0.9202763250654721,-0.0008991555614781522,50,192,0,0,0,0
0.7080646336608512,-1.2735432744840143,0.4621816274068395,0.14263621619264288,0.5324222825197955,0.2501355175959237,0.36075090195771065,-0.3012374737146848,0.1828429205750263,0.9481294663723847,-0.0014016901552339116,50,193,0,0,0,0
0.191652489136243,0.9693049881506308,0.34026761186262566,0.2788952747633777,0.597488461516182,0.12323417472174678,0.4818179444658064,1.1535096382986927,0.13118111083050507,0.9083565690351876,0.001701670816934016,50,194,0,0,0,0
0.42855038176682037,-1.2677746156479328,0.17681666130954427,0.31756518013946167,-0.5382488129750831,0.25562561085347435,0.06027311651295797,1.1837893520180787,0.11408246920850444,0.9448388487550373,-9.840402800867564e-05,50,195,0,0,0,0
-0.7766569136890338,1.1079652918779255,0.41939968365050323,-0.4350066151852099,0.3383924264792668,0.36762972586120907,-0.8115886254006695,-0.2149154912771074,0.43958508218508163,0.9408210410929143,-0.0002071430773575147,50,196,0,0,0,0
0.8860392269760382,-0.00829742912534126,1.3177173069505925,-0.4682892800935452,-0.8684406108909881,0.1665478510561355,-0.29599860575179715,1.7896149110122312,0.07589228576498258,0.9485800438789252,0.000786068832830738,50,197,0,0,0,0
-0.3272928217444475,-0.028876054893160585,0.17470062047261425,-0.3904914052652808,-1.8331759176718458,0.16870922017861478,-0.10936465056347977,-0.46782673286520904,0.13140904368647624,0.9172464513922288,-0.0010215233092074512,50,198,0,0,0,0
-1.0034709258170782,0.05781912961650448,0.30808982609589436,-0.10287300014226908,1.0772823669822156,0.17917384972890557,-0.2895770224106071,-0.5836438316343857,1.212351130718607,0.9363554068598979,-0.0009727449418842213,50,199,0,0,0,0
0.568853059112084,-0.8614099405335738,0.2895159777159056,0.5733161359130845,0.5235076516765957,0.2746806928586527,-0.046158914143243024,-0.05974897583412897,0.050109971127038286,0.9575071986755376,-0.0008430887158486434,50,200,0,0,0,0
-0.4296780073559079,-0.36318482812400443,0.16807902995529844,-0.4164290297995441,0.9500328140105463,0.1369555786579303,0.47464629010099824,0.19275363363964892,0.23114937275570696,0.9162692018465907,-0.000849479913212162,50,201,0,0,0,0
0.2450682943936915,-1.2830488463442409,0.1400826776095371,-0.06164609073298433,2.0096813654677774,1.327139810916365,1.0962069257090317,-1.0296653376096119,0.30850212255612236,0.9099589812575323,-0.00046301716475256833,50,202,0,0,0,0
-0.7126781013495531,0.5449347203752435,0.37601901756728884,-0.13170307639511858,0.12942690739818374,0.17681782791475528,-0.04322527048057978,0.3740751942249503,0.15380383155118926,0.9087296205473417,-0.0004810976060501267,50,203,0,0,0,0
-0.47733451432041374,0.31001589990230904,0.17868515751328692,0.335517358169354,-0.10441234728767235,0.21160918345303317,-0.7649165599338339,-0.4702035545390064,0.17091850636309763,0.9043110518094915,-0.0014487924204214595,50,204,0,0,0,0
-0.8022392760592223,-0.24068306806338313,0.394521720566816,0.16818859732087965,-0.5144329459752015,0.26706016624457335,-0.05941621515559614,0.9822679714931599,0.1379980653414746,0.9202009812577822,0.00027846751018257237,50,205,0,0,0,0
0.4755810404472012,1.9389519477638029,0.20712227093271848,0.0641350166788941,-1.325890919003787,0.14139572664150757,-0.04800013081742449,0.9815919604935974,0.11925890230853285,0.9410126445189466,9.090355507239234e-05,50,206,0,0,0,0
0.35414536428744814,-0.9489040120686072,0.1283576676126136,-0.04542370813761476,-0.8544102295729594,0.09259941563999721,-0.0780461669965904,-0.312728307009678,0.2924994089369923,0.914638833806726,-0.0014136024870312074,50,207,0,0,0,0
0.5002809752914477,-1.0254125599343027,0.19687076917939952,-0.2824116635568865,-2.3308344548428614,0.34351253846269963,-0.6618165190569973,-2.189904568816746,0.19344904813301478,0.9157214941884374,0.00011793319122534804,50,208,0,0,0,0
0.6261452404623515,-0.7009381921365474,1.2430622855557474,-0.15654451962491667,-0.5647464020608988,0.3440198039456369,0.030179993473521627,-1.1974310975046958,0.10320554319798568,0.8980416744808225,-0.00014493237900076097,50,209,0,0,0,0
1.2637139716371983,-0.41274355080118674,0.4057099109234515,0.26115962585058483,0.8553192044028135,1.3482105680246443,-0.5308711538874737,-0.3971142105401455,0.20813654299735193,0.9060233304947981,-0.0017119148094919565,50,210,0,0,0,0
0.05187523473597633,-1.10727819512483,0.18728306855860355,-0.5282536192853478,0.08700485306207728,0.16399766264894974,0.27912505811847055,-1.8984725066552146,0.3039622909035834,0.9099432087048299,0.0008880975054324856,50,211,0,0,0,0
0.35493223366034243,0.23149558004391046,0.1584691488658532,-0.14438980358350317,-0.012689613156792845,0.18194193189917968,-0.06553163420484065,0.3271465009970882,0.11408246920850443,0.9237885790730361,-0.002111451244746096,50,212,0,0,0,0
-0.5041982523474662,-1.1516107148182808,1.2697455888695381,0.23196082249814332,1.3954322592611081,0.18914978706357768,-0.21349158225017106,0.5604749689402952,0.13328650781180956,0.8969563340249327,0.0010124839835935788,50,213,0,0,0,0
-0.5919840754015926,-0.3873381483641385,0.34831364778741986,-0.07809917856608806,-0.3949032056500066,0.13531363264491283,0.9108123484182595,-0.08490749749104864,0.1972182167094348,0.9112710677119051,-0.0012371956085732872,50,214,0,0,0,0
-0.17299614187224854,1.507179602607751,0.13088739326559518,0.1546168231689098,-0.47523977127289996,0.14846269489176536,0.050432693031639886,0.31973030288818904,0.2202035095802266,0.9222478315240791,-0.0017655854704167065,50,215,0,0,0,0
-0.2895538818762269,-1.1930016909009398,0.17480485987874925,0.5103747110101597,-0.16965479619121737,0.10750419317386525,0.34284783136956776,-0.02347357869216271,0.08830015457056013,0.8808536766451495,0.0007425266872497934,50,216,0,0,0,0
-0.03894767434166457,2.9954626370652155,1.3671594318180333,0.3450216909848143,-0.08484830483885375,0.048474385895853817,0.5502175756750525,-0.8639085974751577,0.14008267760953708,0.9477362739734683,-0.0018032780923502177,50,217,0,0,0,0
0.1898721144925144,0.4259301420097579,0.12282187826151879,0.10593537113067786,-1.3779506757377407,0.33741700987440926,0.32087052138946337,1.383836719789329,0.18832377754337934,0.9065140501327251,-0.0004211158676085457,50,218,0,0,0,0
0.1566663241313453,0.8987772372055325,0.15906882244975384,-0.8107109464924891,0.7962271713894813,0.36985303799287766,-0.9281221073495054,-1.9802436544553421,0.29818550635255414,0.9235327759969298,0.0007565348787692361,50,219,0,0,0,0
-0.12603981768590877,1.0154811133938093,0.03583477272292909,0.24308365700664591,0.3477861369046167,0.0496976746668103,0.6242405245631328,-0.8406508436959328,0.2661591775687267,0.933305354294725,-0.001460406928421271,50,220,0,0,0,0
-0.32121262951479324,-2.6666124924886017,0.2235300127468386,-0.036213081114437884,2.6751009878816916,0.3248666847516283,0.5049694399979119,0.4847422550806586,0.28415203238295744,0.8830574288017408,0.0012719468223381912,50,221,0,0,0,0
0.18568005167610924,0.13806208818361654,0.1866528783352872,-0.1691406093282417,-1.4443417304909119,0.15477017247387426,-0.3239978516065092,-0.20536501731360168,0.1032055431979857,0.8884909205649896,0.0006000446947435726,50,222,0,0,0,0
0.2821905014291808,-0.5822148042126933,1.3308802760000111,0.06710532292815152,-0.13443837750139487,0.10410653187383231,-0.10630865227910835,0.23790800938321066,0.10486423583173787,0.9164213950440615,-0.00148638433462725,50,223,0,0,0,0
-0.0424666997966785,0.45264285147462857,0.06438516953114748,-0.030310252242637503,-1.901584120043963,0.19947524804937528,-1.162389040095034,-0.029595324597327277,0.5007829407053783,0.9081953549224273,-4.185105195863572e-05,50,224,0,0,0,0
0.053390531840643796,0.8409268298182564,0.07589228576498258,0.8504049637662545,-2.273225144980434,0.48182131390175,0.20184341516769422,-1.3162555557065723,0.4887023626658019,0.9430065964621026,-0.0016392098897977923,50,225,0,0,0,0
-0.5313028353039391,-1.3762778906445536,0.2245963230726306,-0.06879288523374072,1.615452075369313,0.16807902995529847,-0.10988850761831337,0.11179888683401096,0.07547998930475461,0.8987973716766647,0.0010728604794808263,50,226,0,0,0,0
-0.17245168887984974,-0.25906545830660477,0.16470796790881684,0.21790267394080676,1.1073013517010892,0.28936840264110064,-0.21975639664198088,0.7709991362697828,0.18949697478162117,0.9091812133379699,-5.209789906407901e-05,50,227,0,0,0,0
0.8177926385759307,0.5507653692386683,0.4202438822327132,-0.7499200345989792,0.08643337353483016,0.22671039137734067,0.4681932240850273,1.356278745760985,0.16710793750927921,0.934439029396517,-0.000520710531530005,50,228,0,0,0,0
1.0043391474221801,-2.233565092990233,0.2279942204767677,-0.35451226427331584,-0.3236166276217993,0.13328650781180953,0.11505837461346058,-0.4897066389564806,0.06593038815675223,0.8828717757963647,-0.0029776122840791904,50,229,1,0,0,0
0.09490232635911688,-0.8686867445635507,0.09431202627357295,-0.17187331922631532,0.6836567358940009,0.1522726526520263,-0.8125434441580364,0.1558246469263711,0.21306538319654786,0.9091456869943948,-0.0009454494631314076,50,230,1,0,0,0
-0.3636047536008489,-0.646389568732955,0.03243687531879199,-0.5871240891406604,0.5578514521821472,0.2059283111761174,0.3718999313490263,0.8835988101684489,0.028672728822384995,0.8892621448308247,0.00013421976085169966,50,231,1,0,0,0
0.04312993497935658,1.6063466116006193,1.449580697923741,0.5343378181530793,-0.3843885511583274,0.37067929637013947,-0.29921427554939584,-0.2509272698142766,0.19144448370492242,0.9144675120900223,0.0020228255064382397,50,232,1,0,0,0
0.31242183407452107,-0.49294661168198317,0.42744110722519074,0.16703424151025636,0.6529493773446138,0.07028699647222027,0.5936623090349,0.6056920131733001,0.30005071103636904,0.9323681241013465,0.00018464563934334621,50,233,1,0,0,0
-0.7933773022115549,0.28278724784659737,0.32295633398296564,0.5979059331103924,-1.8366202723260123,0.3756071933179311,-0.05150240749889168,-1.7022566654395659,0.38107253168290517,0.9149822722719272,-0.0020320563738081116,50,234,0,0,0,0
-0.08430245199229969,2.4809271224172154,0.3966315591864414,0.4040636954688841,-0.8235398277417891,0.34198135956353665,0.38198468096531446,0.8740783236021983,0.0639728730709195,0.9261653776159221,-0.00016645408064501022,50,235,0,0,0,0
0.3642307913792848,-0.3029016944942011,0.19150415617388145,-0.4206420325961844,-0.18592016873067863,0.2356911428462377,-0.29181334951488935,-0.6490665187382572,0.18298380748916648,0.928797478170678,-0.0007143744426309975,50,236,0,0,0,0
-0.6088627578895967,0.3433986751391789,0.2565955366942826,-0.7559949133845665,-0.8396747237804201,0.23697920163074948,-0.3617129153040022,-1.4599479114799587,0.29561172965800275,0.9082246704241678,-0.002057251761740584,50,237,0,0,0,0
-0.6241757036617779,-0.5524045873646699,0.10834918399283608,0.4031816318338777,1.8675273945829556,0.23989464612407685,0.7654740498152641,-2.1323516864292973,0.3817951077239774,0.9398244335935821,-0.00032594166741913694,50,238,0,0,0,0
0.17529409567947862,-1.7739188384202862,0.48888875436287804,0.03715760422923253,-0.7658935049730289,0.3367877629024972,-0.38372495157716724,0.34768529579688234,0.2419667498178635,0.8871062351688666,-0.0017064096190495905,50,239,0,0,0,0
-1.0991415510353404,-0.9389791112858425,0.2668145941436059,0.3792855050417394,0.19521626174972084,0.1584736416780354,0.22628081107122355,-0.11333271795574618,0.2974848651431169,0.9049751297481385,0.0009166267707891412,50,240,0,0,0,0
0.35330074747392715,-0.8493113530873533,0.18242562259693273,-0.015430418544578828,-1.5493796803765143,0.2431463478103717,-0.2485921135201501,0.5479602953856695,0.16470796790881684,0.9352784071051685,0.001807903426603761,50,241,0,0,0,0
0.8628403800464897,0.8608465334384707,0.27661263204327585,-0.3212216155965626,-0.42904872159577856,0.16402172239530155,0.42873725969178533,0.03944712777402515,0.21537231616440752,0.9321225626380003,-0.0010079396144069045,50,242,0,0,0,0
-0.12712331347155548,-0.671347217928993,0.2009994709769215,-0.14871021583369615,-1.023814062099377,1.2693332924093101,-0.6987678815521745,-1.986135582250478,0.6215192472565483,0.944189708293976,0.00038987982117346206,50,243,0,0,0,0
0.5072133982913067,-0.826055918100435,0.12463482688530342,0.4056605078238693,-0.6150848521295762,0.23739149809097745,0.1970025914906417,-0.2978683479709012,0.22797016073041587,0.9272971659197425,-0.0015451911844117905,50,244,0,0,0,0
0.1882041405674011,-1.1346957679212837,0.14229671531735416,0.6431273172266154,0.1533690403254706,0.3986459438221899,-0.11895082864201623,0.10500008987373732,0.07249438836084547,0.9578285971371188,-0.00027375415614999134,50,245,0,0,0,0
0.2634662772508136,-0.2634421919361092,0.23918965442044335,0.16280416031809608,0.04682891605341677,0.20218784609247162,-0.28118573525032,0.6599759140435131,0.1339166980351259,0.9535547276159231,-2.1992232484059512e-05,50,246,0,0,0,0
-0.48613635466226857,-0.6739409865773789,0.1848511370876981,-0.32114254152081134,1.3533152431163424,0.2672406379130257,0.2728493924652282,-0.45919571963956596,0.23163923157653662,0.9284604101810201,-0.0005562225547926553,50,247,0,0,0,0
0.0211856289218586,1.732272776499233,0.33497579829034807,-0.5006325433726913,1.1527579329715536,0.21160918345303315,0.5521185637894792,-0.3939079472938314,0.2857995723786116,0.954905724638014,0.00027572446519231634,50,248,0,0,0,0
-0.31450753298068523,-1.7171406492469323,0.2823778513322268,-0.4984769152661084,0.027585778894254176,0.14846269489176536,-0.7822366610390947,1.2072349566750171,1.2725188666925586,0.927938358461989,-0.00014745031984949358,50,249,0,0,0,0
0.8433573348465337,-0.397149359740272,0.33103266432603945,-0.5202506713428523,-1.1656043170300263,0.2550643577951196,-0.19903767651908844,-0.3305892222706861,0.16276045898551558,0.9175947595510608,-0.0005174306744357876,50,250,0,0,0,0
-0.12379296821571906,-1.0121311555327246,0.32272596582921353,0.590744701758326,-0.8453004602280929,0.22588438185714238,0.33166592242624837,1.1029009154960985,0.2776662938025618,0.9343401015839996,-0.0010171741192578675,50,251,0,0,0,0
0.6496209339423746,0.5460885970507885,0.16710793750927921,0.5738289211908141,0.2057726309713761,0.2942269241520132,0.7651541605568957,0.04059452784806439,1.3000444472464503,0.9318267899537162,0.00033226621890281727,50,252,0,0,0,0
-0.33325908516284297,-0.034580943753123705,0.37456444847867704,0.3052524197081805,-0.26384631942739745,0.15657191372146337,0.29649740377603706,0.012124957429335836,0.09939497434416726,0.933810556799125,-0.00047264654524961934,50,253,0,0,0,0
0.3892663458281538,-0.44020399921042586,0.1490928851150817,-0.33834189092111533,-2.4067026413493613,0.3232671797810612,0.03837529963399877,1.851214293212216,0.278981467749249,0.9242147203130124,-3.307165547432001e-07,50,254,0,0,0,0
0.4528194046652043,0.07930867210712655,0.16678980456557566,0.3380759041948984,0.8773237354315837,0.20859360655105252,-0.4571510272381927,-0.031397111247102316,0.2164871042429326,0.9552827342016298,-0.0004096380704951796,50,255,0,0,0,0
-0.6028027163477088,-0.8476727325354085,0.21736403317242742,-0.051316096694144164,-0.11090155067775864,0.3539700918392768,0.24012141831941225,-1.0537592469371901,0.22785297503558546,0.9270299876073987,0.0010426030323969632,50,256,0,0,0,0
-0.16253325500016214,1.1458317657504349,0.19344904813301475,-0.8280878218933001,0.3802645002856151,0.16470796790881687,-0.3089546663401759,-1.7985444472900918,0.31823748930769263,0.936292858359819,-0.0010589491235947926,50,257,0,0,0,0
0.02575425260337383,-0.26927183589532433,0.4423458847590588,-1.092658353950699,2.2535720190678177,0.3492699575000417,0.6462827105114632,-1.7568917210967703,0.43289586319653833,0.9241464177627957,0.0009329522202159767,50,258,0,0,0,0
0.422458928949232,-0.4219156607157837,0.22061580604045458,-0.0961927933587674,-0.46756945825712215,0.27299008292144933,-0.5414447068877797,-0.6294727642884963,0.25977591532478467,0.9181948273689765,-0.001028650344102892,50,259,0,0,0,0
-0.7172183333520223,-0.05202043332069728,0.2925738068026263,0.16250651888309697,-0.6030017461438657,0.17334402085386302,0.24795097144063227,1.2356230054258042,0.18194193189917968,0.9450171766517065,0.00036472821438625954,50,260,0,0,0,0
-0.254608789073699,0.944513589166915,0.2459144299806458,0.03989389881603245,-1.021467825325856,0.2592946816995951,0.6474005468491537,-1.1548181943514253,0.21687417435159775,0.9318114466735211,-6.241554364726843e-05,50,261,0,0,0,0
-0.402579273563588,-1.4821802998159974,0.17868515751328695,0.5695195210851152,0.31560649788197814,0.09509632436828769,-0.14268488171150207,1.084633622277666,0.34732249622296063,0.9414769633098778,-0.0012997742498152935,50,262,0,0,0,0
-0.7762280605169689,0.7583062012417159,0.2267546341159884,0.6267698133427171,-0.4097727149642765,0.09509632436828769,-0.38834200628629034,-0.4547253605870907,0.09827670299878977,0.95662548673926,-0.00019549350278095137,50,263,0,0,0,0
0.2853902974722038,1.029384183438987,0.23157555434640087,0.4344247900876308,2.0691572211135707,0.27752657349363263,-0.32081797914163346,-0.9785371541673964,0.06913444462333353,0.9604533912841937,0.0005715933475404077,50,264,0,0,0,0
0.08057155207701605,0.3126821189059772,0.22650979897291584,0.13458318948301162,-1.6603663414300769,0.2726015081440142,-0.4946826657951844,-1.56499425358452,0.11457116142412307,0.951985964066661,0.0009516029661549232,50,265,0,0,0,0
-0.41447549480254686,-1.7518900765961236,0.1943500368088614,0.19011835439123104,-0.4585301903183314,0.1032055431979857,-0.5132679925228611,-0.15436124772335802,0.48014783148870444,0.9507478993749783,0.0002219044301119548,50,266,0,0,0,0
0.6183432553017632,0.2573529417977838,0.3239656960757817,-0.22571681522866083,0.7070735309083478,0.24758532918873793,-0.2213925734994886,-0.4442320106808699,0.1948334914025103,0.958039355303766,-0.0008085706372185399,50,267,0,0,0,0
0.42366432522836295,-0.13391086397681917,0.1490928851150817,-0.6921285841471052,0.0019692677882598986,0.25528225155820794,-0.11541335028658217,0.14529853785946578,0.19442119494228227,0.9573256429417873,-7.600223587054947e-05,50,268,0,0,0,0
0.3884737278830075,0.8958869233337445,1.2639157599944957,-0.6395069983796198,-1.1230759732278415,0.300463007496597,-0.29466554619109164,-1.1612026883780615,0.21369379572109565,0.9634160512260186,0.0006595676608691718,50,269,0,0,0,0
-0.3612575645360261,-0.1452368614640296,0.30906091854191364,-0.036358862678985915,0.007194879594296211,0.32326717978106123,0.26857416190563566,-0.09269505511460707,0.15249054641511467,0.9493529978343311,0.0009567155693688342,50,270,0,0,0,0
0.24343166145327721,-1.030719491471336,0.2665714740289547,-0.5544414264453321,-0.5136170397026811,0.4193341093639521,0.1989900780138001,0.9197354618841516,0.15906882244975384,0.934736415995139,0.0005820291882594429,50,271,0,0,0,0
-0.4991478258626767,0.579087186330721,0.37123960617708995,-0.2944732798724683,1.1982640832565128,0.2605118593480523,0.2717842067589533,-0.7089143093543324,0.21873252174027055,0.9615533162105946,-0.0006309430492826718,50,272,0,0,0,0
-0.8030629490727215,-0.4237069222340608,0.2652799282601517,0.3254493787289192,1.9653358985439375,0.16237373782428977,-0.008981813267332939,1.9517713701258206,0.2173640331724274,0.9323146458050318,-0.00022441514077096265,50,273,0,0,0,0
0.45670938368659275,-1.33147252011819,1.4156563176553494,0.40541441651731347,1.6690710611359716,0.16273789329587454,-0.05942687520910539,1.7955556559038168,0.19109185971365344,0.9638513779274084,-0.00011031146882038042,50,274,0,0,0,0
-0.29214824269968886,-1.7326180099948791,0.18786499724182323,-0.20081665719465924,-2.070519619298671,0.33443093671963,-0.3058048267298563,-1.8949650713310984,0.16399766264894974,0.9120742527081706,0.001247171311928759,50,275,0,0,0,0
0.171545852967383,-0.8430796532719089,0.21070819477718655,0.005940169209497803,-0.6383111278100326,0.06931400973034339,0.3717377191085731,0.12077042928494386,0.25118546286989707,0.9544659472170889,-3.666948888373091e-05,50,276,0,0,0,0
0.49055468438120453,2.0602883029838734,0.20405517569100323,0.8071431357323702,-2.5278527125116215,0.397578939102057,0.26981240717075217,1.5836972202344874,0.2900762875228561,0.9531473587637744,-0.00046773955131183896,50,277,0,0,0,0
-0.28586841945141384,-1.4838297673032335,0.2996981643914926,-0.039934132654249055,0.22307566254714395,0.16572184153593714,0.06355265589450276,-0.08482397204546643,0.16377860228065036,0.9417644536257694,-0.00037835444056972156,50,278,0,0,0,0
-0.1950924679391468,-1.6049702064067723,0.2659418948991959,-0.1710957111524678,-0.5623485695643602,0.1143003629715928,0.5941200694676851,0.6777484812781562,1.297058846302541,0.9669717831939275,-0.00010031189281503858,50,279,0,0,0,0
0.6806165540537457,0.18582827311893002,0.20626921339882032,0.01843859476591092,-1.135276732205594,0.3042810349408445,-0.7992239743585099,-0.46985044287376887,0.28944458347838053,0.9488991972382377,-0.0007127895151014534,50,280,0,0,0,0
0.23479527866745808,0.32672611392109374,0.2819907812235617,0.37660381185594805,-1.1809772868354367,0.4131669631843298,0.18826921155115883,1.722919028634065,0.3288850202706287,0.9503260648137635,-0.00020562504881431196,50,281,0,0,0,0
-0.6806091374175107,-0.005029801609307327,0.16399766264894974,-0.8203984195332747,0.06594806105787043,0.25871957734831785,-0.3069309226147219,0.4109611553979384,0.3101880156872077,0.9336419304617659,-0.0009055599926237541,50,282,0,0,0,0
-0.9839308051423101,0.9422792883691802,0.30233614298171113,0.20678866185688172,1.714716604541267,0.2037620653568555,-0.7744370038650805,-2.519225200172862,1.3342067791666228,0.9340207257906258,0.0013125566621993942,50,283,0,0,0,0
0.06500245213312095,0.8017550219354499,0.38412823639698684,-0.5471221388499883,3.1470341026224418,1.5212405383867833,-0.38003655268493297,-1.6406399851314521,0.4365246810796563,0.9597030864748539,1.2474338058831963e-05,50,284,0,0,0,0
-0.2967935363271961,0.20835318288859916,0.07856401458142329,0.029173156404034728,0.41965895469583714,0.038602854893203184,0.5763128352379949,-1.1878771157566375,0.16717804127945182,0.9361435953904517,7.404522912414946e-05,50,285,0,0,0,0
0.30743289449028843,-0.6861585199583988,0.1977476981088943,0.19860007891627518,-0.9893762338018259,0.2938146276917852,0.5876102237959833,0.07932854924705346,0.35303001145118146,0.961847571446247,-0.0006896189481722354,50,286,0,0,0,0
0.9862938695430792,-0.4325851355886545,0.15402618244909128,-0.1364706430549587,0.337402288305503,0.18055829299840112,-0.15731199873301627,-0.2866863678257481,0.3845393662520038,0.969342078158689,-0.00019330422190117633,50,287,0,0,0,0
-0.10843416051660437,-0.38040766420620464,0.15657191372146334,0.31993264742302685,-1.099644014112533,0.24314634781037173,0.4086407066526583,-0.00535929540180291,1.2349530667260493,0.9622063152615007,0.0005038965171133025,50,288,0,0,0,0
0.7798935295606908,-0.4566700314207903,0.21444385081658107,0.5759909528221749,-0.8425498373133635,0.1867242725728123,0.3456704491713394,-0.7853664656911317,0.16654785105613548,0.9623516972662844,-0.0005941668740166956,50,289,1,0,0,0
-0.18867398063159424,-1.402516993862644,0.18235422835940765,0.4560042777855404,-1.5136283053403545,0.33979613312540563,0.3831048170728746,-0.38694199440312893,0.16563643325664335,0.9524596574902959,0.0018143305196338768,50,290,1,0,0,0
-0.02005409728186791,0.8306897406297242,0.20585691693859232,-0.0810042540482474,1.225027174714084,0.15290284287534261,-0.14144402672455758,0.8626921771197429,0.14263286601672284,0.9543719749990492,7.316715466583851e-05,50,291,1,0,0,0
-0.42394374645762056,0.9430363900800902,0.13960044995239304,0.4788139327727645,-2.4437069266905844,0.3778145906918014,-0.018737371710455086,-0.9549154510919724,0.1891497870635777,0.9529557733689168,0.0020023580110173065,50,292,1,0,0,0
-0.21214619547284208,-0.2623577974564437,0.21857637263098886,-0.0622651980497837,-1.354022437222003,0.17827080593932204,-0.4849705631782264,-0.8219887039000797,0.20155826696271273,0.9337201863798904,0.0007251835020061873,50,293,1,0,0,0
0.04452656972170388,1.605072324324798,0.1887964422897659,-0.2836475914409098,-0.495216849112623,0.22163640704852317,0.10509533784191571,0.9901185832829063,0.10750419317386525,0.9619745678546517,4.289705670735682e-05,50,294,0,0,0,0
0.6734318166360254,-0.898698210864584,0.26147345748418205,-0.4767069690766075,0.592755221470167,0.5543784637340851,0.27162193745112084,0.03962871589985362,0.1258074792054279,0.9587381851492301,-0.00037537787760951087,50,295,0,0,0,0
0.028595871390105998,0.19225322796364885,0.3242371056218694,0.1534076773204731,0.7335905280752275,0.2895159777159056,-0.39258388535731736,0.4123739941332323,0.1008617090956923,0.9423856494611456,-0.0004413165720133241,50,296,0,0,0,0
0.09265580129389761,-0.44831901921589434,0.10978381923262487,0.0559357878813751,1.4623376166955575,0.222629024070992,0.26773328592036716,-0.2660522385411186,0.12898785783592998,0.9414595977089633,-0.0005405699116244055,50,297,0,0,0,0
0.33479620764197104,0.00888745001677016,0.15402618244909128,0.24753652328683096,1.3026085790661952,0.20259897594748857,-0.005062042500740382,-0.5107293093883438,0.1326569286820507,0.9341807994407847,-2.6466402309018026e-05,50,298,0,0,0,0
-0.45585592185243673,0.6025688040894703,0.2823778513322268,-0.44562181295431635,0.24489374636178773,0.1456068433272033,0.15913819155019215,2.517793692528599,0.310758460701311,0.9400446298247949,0.0003420228029704127,50,299,0,0,0,0
-0.1502040364672883,-0.22328989853911274,0.15290284287534264,-0.7421111589175249,-1.7994238469370325,0.2808466724330639,0.07830881695380398,0.08560969265893625,0.06972630619057137,0.9542050557445937,0.000979490268652808,50,300,0,0,0,0
-1.2510149284331016,-1.9977548866350814,1.327949185260713,-0.7705668278647284,-0.2526020605897852,0.24550071692067543,-0.724595781888973,1.3122127778769332,0.16899478521629707,0.9255544006008803,-0.0007293594872868372,50,301,0,0,0,0
-0.21704771349565544,0.49390336900028764,0.24161516891120874,0.6532832375868196,-0.7216310373387209,0.15940210702586186,-0.09928632614720723,-0.8362455985641155,0.19662942676351686,0.9555099248038704,-0.0008261172952350831,50,302,0,0,0,0
-0.6795971860362835,-0.8900595849535309,0.2963008260659564,-0.11070148605960295,-1.1004223239484885,0.34530786273014863,-0.6049520168936064,-1.010878587460052,0.21369379572109565,0.9505838500567185,0.001475444948223392,50,303,0,0,0,0
0.16692748816219005,-0.4887579775688451,0.24778756546576,0.522654784810781,-1.2622514383129806,1.2439859127827817,0.5700549588641861,0.0038453601645116464,0.1308691531160849,0.9295282947177421,0.0007590265583571448,50,304,0,0,0,0
0.1476633581808775,-1.0069291451947118,0.1490922740215242,0.2775167553838802,-0.39365522385888063,0.11408246920850444,0.016661276033920203,-1.3619079941475336,0.1592867162128422,0.9106427512030946,0.0027158345022481557,50,305,0,0,0,0
0.6673860522584247,1.266138967173731,0.20959738202223815,0.22782808501151663,1.0106568374764127,0.06972630619057138,-0.24551880918902125,-0.04239980972465318,0.02432765648909399,0.9378107280998301,0.00046954617767910157,50,306,0,0,0,0
0.7986341659880241,-1.3226246131975898,0.4071662925069048,0.07312049814111088,-1.4153927874181802,0.33889514444955904,-0.474515897572247,-2.2101168032323155,0.450696264164701,0.9483044236286088,6.354126873250667e-05,50,307,0,0,0,0
-0.1355302042574298,-0.9064831925398948,0.20259897594748855,-0.11929168882052021,0.2578078197922986,0.06931400973034339,0.4232891060580162,0.2812643279764542,1.3226433243777582,0.943092608064583,0.00020222351534338281,50,308,0,0,0,0
-0.28527385948226147,0.5718914404426823,0.2884746576375723,0.5171848369589078,0.5032003459420515,0.27664903347058034,1.0350082421156213,1.2764866228343772,0.29155442209800586,0.9332989920480932,-0.0010122815407170233,50,309,0,0,0,0
-0.2738251913568792,0.10340348605554617,0.3300490627760688,0.6102934880818776,0.7875851962609861,0.21553295808587145,-0.04580210923259198,-0.5964883910094825,0.0808211259641785,0.9239674374897612,-0.0021612849165950983,50,310,0,0,0,0
-0.2386999542455044,0.8291332135381619,0.30413207834271766,0.006471474123675769,-1.2460633347798922,0.24317017145261938,0.012512803929309868,-0.19264245881191844,0.12619376103116958,0.9215568435946458,0.0013198376279618545,50,311,0,0,0,0
-0.5257169353644464,-1.5827619422814312,0.2316392315765366,-0.7035767777425566,-1.2325324562521418,0.30286458218713586,0.110986382937452,0.771689619717602,0.1665478510561355,0.9627563649297133,-0.0008081683737841932,50,312,0,0,0,0
0.07328713047687163,1.1024188474008785,0.24681541865649245,-0.17835105642269067,0.46217092729429776,0.4156866411916197,-0.693645186281497,-1.3327801661588197,0.21063986870578244,0.9487923005146419,0.00039950965584892865,50,313,0,0,0,0
0.5330864416774359,0.18385604242792297,0.17764267082974258,-0.6727871547427204,0.7091784679750877,0.19199401499471114,-0.28683743401761674,0.2487172368171624,0.13862764447123344,0.9238729728435058,0.0006710089827737944,50,314,0,0,0,0
0.37598559761464934,-0.8778274890189781,0.263008829953579,0.15817980392674347,-1.0641163180111528,0.3015230368312262,-0.6888558277341197,-0.22459813207568402,0.38818014766668796,0.9445979440735104,0.0008116412710745655,50,315,0,0,0,0
-0.12684547918991473,-0.4913365847536495,0.23447587604380202,-0.0034205022431503807,-0.14138563600522858,0.18616418611966856,-0.4137187070231896,1.3570179984442774,0.3277061611594274,0.9603328435343182,-0.00033007621991250146,50,316,0,0,1,0
0.21994369366734645,-0.09285707082235639,0.03860285489320319,-0.046136270883348374,0.3920068787674902,0.08213417499614893,0.34385454117559444,0.21214258874264758,0.10431169015458011,0.9502029603189511,-0.0010015807856543584,50,317,0,0,0,0
-0.19386533686553786,0.15876809564660377,0.13328650781180956,-0.012220621301511692,-0.07332709598218301,0.09786440653856178,0.26174506821481547,-0.1317933615433038,0.15402618244909125,0.9048664006349317,0.0009190640322819067,50,318,0,0,0,0
0.4884770859885652,-0.7151798561417024,0.36305543533243706,-0.32278979687583753,-0.7816326436649899,0.24711517998966862,0.177178445533821,0.3263423858893084,0.5351631663886393,0.9420540482603187,-0.0001532102604768665,50,319,0,0,0,0
0.028568717470735194,-2.4986726138056294,0.19913214137838986,0.36600974460409397,2.1542616338552474,0.21234204640020737,-0.2931306127194606,-0.2442921373632263,0.27235038349470075,0.9412800338139299,-0.00015388078405616657,50,320,0,0,0,0
0.907965788045229,2.34495380668067,1.528937878700296,-0.39590029199226695,-0.16244681388597382,0.12177939157797445,0.9064861119223062,-0.8431356112606379,0.222629024070992,0.9550630215963468,0.0004097077070867911,50,321,0,0,0,0
-0.33421549410590057,-2.4495226021519914,0.2356911428462377,-0.3219876906842982,0.6873989027554117,0.1885785090974741,-0.18722960481263584,-2.4924256526347817,0.3439931609943317,0.944009397120839,0.000885062734205305,50,322,0,0,0,0
-0.2675437937710159,-0.44154310238197514,0.1738278395225601,-0.19009317463887854,-0.6647183875900415,0.08074469543088557,0.4625714498283733,0.14266722602259208,0.1724490741687031,0.9330258352214034,-0.0007082121978381709,50,323,0,0,0,0
0.20422041436404648,-0.2604072465714262,0.13369880427203754,-0.11225241799529329,0.24749129304025885,0.23649050941513086,0.020887676786843556,2.2545131488655645,0.19386134459324272,0.9288882558062511,0.001348990693954313,50,324,0,0,0,0
-0.2538622488718669,1.8921490203024094,0.13328650781180953,0.6358218271301368,-1.4524271315017456,0.21687417435159775,-0.11715374218355734,-1.0535026862268584,0.14236810955487925,0.912929258565527,-0.0009923726067614677,50,325,0,0,0,0
0.021245717997063096,1.8397069710213936,0.21857637263098884,0.06561857050244857,1.5817100225302845,0.15290284287534264,-0.2115155275538081,0.006962100327816856,0.06290011839255207,0.9106588041106148,0.00020096443899551833,50,326,0,0,0,0
-0.7505714995587436,0.7169039342846109,0.291941492206671,0.3172690748353899,2.010623486524798,0.17521715633897722,-0.5923331377724068,-0.2947470914632202,0.28951597771590565,0.9429976048711116,-0.0007090314595045086,50,327,0,0,0,0
-0.4209574743076727,-0.11160518602782865,0.13531363264491283,1.0443639418934465,-0.26384457863740884,0.16766673349507047,-0.1406256854141743,0.4936069033334949,0.2382198230807747,0.9388353182347128,-0.0002683210124024893,50,328,0,0,0,0
0.2966338617313493,-0.3092598437620637,0.11408246920850443,0.28586463523178907,-1.9291874575750008,0.26213310374414595,-0.5354581067134809,-1.002554111146952,0.18083540417760124,0.9585729621290254,0.0007091153966233005,50,329,0,0,0,0
-0.38442701267939405,0.5267532556012231,1.2582384726357032,0.20053938947157945,-0.7241508266907317,0.14229671531735416,0.10991539489489188,0.45495945176538477,0.20345254294021625,0.9273165868593551,-4.0977743902763815e-05,50,330,0,1,0,0
0.5391120330912997,-0.8107007962737569,0.2164630444965808,-0.38478738553239467,-0.1065733040125263,0.13695557865793026,0.8517428757637386,1.9976155650375471,0.2647062693451398,0.9477873920635967,-0.0006366027181312342,50,331,0,0,0,0
0.33487517970541614,-1.141245033416082,0.25596534647096625,-0.09157658726941165,-0.6632167455312015,0.45302840807243794,0.19950460024245942,1.4405180904650567,1.277442511239008,0.9277828759570137,0.0008806277783800707,50,332,0,0,0,0
0.7020353728013378,0.5379005488516011,0.2148324255940162,-0.4760712073110662,-0.5168020790649805,0.15227265265202627,0.35191741941085564,-1.2804973537291415,0.24890050313542517,0.9368671105373069,0.00013552704494866998,50,333,0,0,0,0
0.23702562102529878,2.1443932339256904,0.25999319799431553,-0.5647775709841731,-0.2334814843698627,0.25875167623125656,0.5767054749638438,-0.09159526857325773,0.19750095940271586,0.9402810990389838,-0.0007742481590049252,50,334,0,0,0,0
0.09102926230753638,0.5946393954166336,0.19344904813301478,-0.29295869020617715,2.1123235454013356,0.26082138176469155,0.3996610266710938,-1.451661038331915,0.12835766761261364,0.9236831711237872,0.0027832525252509737,50,335,0,0,0,0
-0.06803821304358504,-0.8541415480934837,0.15290284287534267,-0.06128014810906901,-0.2666762103397229,0.2235300127468386,-0.015601550478719695,1.8396803107683706,0.29553416729740106,0.89252237000971,-0.001370926591008766,50,336,0,0,0,0
-0.3438545298205469,-0.09925840994607249,0.09446613414497133,-0.3295591802838853,-1.6804064275509134,0.2422453591345251,0.15019293140661194,-1.0032133921266198,0.06913444462333353,0.9271205299279167,0.000665099862727652,50,337,0,0,0,0
-0.27843252779806527,2.572719527321107,0.15664330795898845,-0.04695173236104644,0.5167374093877228,0.17188782111034834,-0.42681060927629844,-1.012275664002802,0.5947459303462554,0.928395701542345,-0.0008481562225827959,50,338,0,0,0,0
-0.4499440087249491,-2.6449125240501674,0.2992279930360985,-0.09106308233421156,1.5345095967546616,0.26040549445454353,-0.3568737376582396,0.4116054455854812,0.04028297962993705,0.9526588912803624,-0.0006465850885916445,50,339,0,0,0,0
-0.44764822560719786,-2.143683733130426,0.2843226044086729,0.6664364347170357,2.0157328364872846,0.2107103196919033,-0.7590983969233456,0.12769703569939317,0.22671039137734067,0.9290739837845478,-5.573347189466921e-05,50,340,0,0,0,0
0.1962736365947988,1.2734997065999387,0.4209444147245685,0.37288125860275745,-0.1352558903649861,1.3680923899780422,0.04809289534664973,0.2530476354874569,0.21736403317242742,0.9329949685002569,-0.0017191799798674844,50,341,0,0,0,0
-0.10126798690047334,-0.41978049489586766,0.2746806928586527,-0.3244619708181471,-1.3506865001457484,0.39757893910205694,0.08760577940347325,-1.3922112180580672,0.17827286105305895,0.9023128531188311,-0.0032837801909386182,50,342,0,0,0,0
-0.4291455336165164,-1.1358360644945797,0.2994851303991442,0.4953164248263775,-0.5362457917735579,0.31330864910849665,0.21041006686850405,-0.7545202459660478,0.25569454801843594,0.9079779040016984,-0.0005250996014480022,50,343,0,0,0,0
1.260091690213196,-1.101593355108716,0.28660152215245815,-0.6810341558946895,-0.9227563027546353,1.3796765870015213,-0.2829122815106917,0.8618732245717684,0.1490922740215242,0.9343500413246402,-0.0005149317439621031,50,344,0,0,0,0
1.5584646550071959,-0.7814936222306903,1.568405751358773,0.320115794202394,-1.5331979069514663,0.338895144449559,-0.18651071147029885,-0.5848172824548268,0.09827670299878977,0.9502831653221108,0.0009434562793912098,50,345,0,0,0,0
-0.282781040724144,0.5946754579302649,0.1919500177122034,0.812894878718776,0.7211209609390856,0.2800473058641708,0.41175394678700794,-1.3303704754514207,0.4026303538556357,0.9336476204194619,-3.9121017212392834e-05,50,346,0,0,0,0
0.03533501452534171,-0.7015760428188713,0.31879963018730684,-0.2162731400447564,0.15782917287397424,0.06931400973034339,0.184321475216362,2.2623461145032344,0.21687534095680877,0.9448991735190995,0.0006000194362612627,50,347,0,0,0,0
0.09531988460182639,-1.0174088176867118,0.2898568799386085,0.09671705122128493,-0.14922460233401225,0.04671207372290119,-0.08859986079969762,-1.6634743099807352,0.19199462608826862,0.9581925757959584,-0.0008718518387724238,50,348,0,0,0,0
-0.12324495364602317,1.4174586742809065,0.15657191372146334,-0.1465944829069672,0.6573198084311702,0.09509632436828769,0.6941435259159556,-0.16226756112055796,0.20218784609247162,0.9450237343681627,-0.0016165448903331134,50,349,1,0,0,0
-0.4111418880874016,-0.04343412708921335,0.06972630619057138,0.32466117992583143,0.8230810814301233,0.14797400267614674,0.24697523782207131,-2.146250695647324,0.34977207046007774,0.9537899565649711,-0.00015114632520483884,50,350,1,0,0,0
-0.5566211608786356,-1.1933536143760062,0.20259897594748855,-0.5358585106891853,-1.764108665019858,0.23607821295490286,-0.6011524480426074,0.457908148394651,0.11551197557144399,0.9465548003861926,0.0003053843194702889,50,351,1,0,0,0
-0.9082581315675098,-1.7349629909125648,0.14756170621591874,-0.8034095780848123,0.5691720324457812,0.23199890673475998,-0.1103426180785867,1.6222320800869099,0.22353001274683862,0.9306828317128988,-0.0005752432860971758,50,352,1,0,0,0
-0.2839615093157759,-0.2876455581636481,0.20259897594748855,0.9587858125402464,-0.9818874269698474,1.3095381093456442,-0.2686927702827999,-2.2612256416446384,0.1948334914025103,0.9232139159275389,0.00031021053110285326,50,353,1,0,0,0
-1.284313152088497,-1.3588515437641444,0.4112248905342541,0.32103864813926375,-2.371458829564209,0.297556259380642,-0.8125023280030819,-2.2813520417282227,0.25868014896234504,0.9366398563034021,-0.0010184680095599208,50,354,0,0,0,0
0.8892224141047258,1.7140038269687086,0.3877587553106745,-0.19210080796759854,-0.42422767147469465,0.296265979627671,0.02804735517908341,0.5277167902928248,0.17016364222336094,0.9254111634581902,0.00037489246477330745,50,355,0,0,0,0
0.33457850925263966,-1.3334978006200862,1.4295444459507933,0.29837387089863654,-0.9868272543365757,0.13702697289545535,0.4234589439225207,1.3287732544048323,0.2827198079181781,0.9597672896253104,0.0015695563680573925,50,356,0,0,0,0
0.9314182883480084,-1.2404374970208814,0.43805385458101714,-0.316518454098178,0.6562349850389619,0.09745186008380248,-0.3603102940524048,-0.22387755297289935,0.34358086453410375,0.9388065674614581,-2.5917914815317e-05,50,357,0,0,0,0
1.4013176147109103,-0.539060599104979,0.40304605516579955,-0.2868236451400952,0.018134974811646387,0.18533817659947024,-0.024376980047920327,-0.0765946959506918,0.040282979629937044,0.933159611395991,0.0007657189144598239,50,358,0,0,0,0
0.35262015260567026,-0.766965273867112,0.13349343218188556,-0.35973009650710264,1.0854370462182361,0.17210688147864775,-0.2929465311275532,-0.27421951571250247,0.4044351197775069,0.9340680779327222,-0.0005526852319419083,50,359,0,0,0,0
-1.1631194341555542,-1.9377244102090936,1.4103151809959253,-0.24156628512528755,-1.7670420726862242,0.29820725934425063,0.8192290099673087,0.28376705744765385,0.15969901267307018,0.9135476372712569,-0.0009644449325595399,50,360,0,0,0,0
-0.4195786441823044,1.34367946236251,1.3044845952300275,0.23573086843323132,1.498816576941227,0.11367017274827645,0.24520004153569186,0.7170295318827264,0.14797400267614672,0.9279598217126751,0.00028161640636578786,50,361,0,0,0,0
-0.7652632680036922,-0.09553418881216391,0.18728306855860355,-0.5024219188032291,-0.9116464779254985,0.15028223541211863,-0.05007552972944307,0.43413876388054184,0.23607821295490286,0.9329091167665766,0.0003327559270810418,50,362,0,0,0,0
-0.6428410685641488,-0.4530788137828301,0.17868515751328692,0.5045994154456466,0.7245379280056206,0.13867198460456656,0.09663087997493758,0.05088884524833226,0.15290284287534267,0.934524814853458,0.0009770457523438593,50,363,0,0,0,0
-0.23270976201121485,1.0899720395576562,0.18412105020485056,0.9637448637247052,-2.1420573662591966,0.5108589863258447,-0.22606145543200107,1.0105191596518583,0.24656806885675647,0.9139177412157111,0.003089989361228775,50,364,0,0,0,0
0.3672238892293702,-1.5410084881086936,0.13328650781180953,-0.8017431456646253,0.030253374941709765,0.21218845426705304,0.5350356997286463,-1.5356968814761922,0.377823412168248,0.9200977209256532,0.0007723159479351771,50,365,0,0,0,0
0.3196547803382197,0.0929432556115124,0.07451036920010412,-0.07107575842341607,0.7209479206997846,0.15028223541211863,0.3850715901372741,-0.01160322827867688,0.1623737378242898,0.9115446430674838,0.002408283759380769,50,366,0,0,0,0
0.4286954208423035,-0.16670168789057271,0.11602570846379123,0.16603946436588846,0.3914806414705918,0.040282979629937044,-0.6782736992125642,-0.7563519236977614,0.4137052479901131,0.9281188111410019,-0.0012416036266637027,50,367,0,0,0,0
0.42789641620134944,-1.068357401290311,0.23171062581406168,0.32833247092975437,2.2267264006965988,0.21703508928085152,-0.21963341295010164,-1.0995860914240412,0.14846269489176536,0.9551654844684085,0.0004050851521384148,50,368,0,0,0,0
0.03203940858095233,-0.8130410757846507,0.2746105890884801,0.44515932429601524,-0.3275970955749514,0.18728306855860355,-0.33499154304946277,1.0405626710914948,0.07866036793525667,0.9492204567537784,0.0014212199281457049,50,369,0,0,0,0
-0.4315627471034409,0.7983997149162025,0.09446613414497133,0.09272989523957609,0.3857608718210699,0.30097865344865266,0.35831674975545713,0.44736728949875904,1.447947735058867,0.9386285875127891,-0.0007274385198202952,50,370,0,0,0,0
0.6028323068637444,0.04797479192495846,1.4202019858605883,0.7931491784996991,0.655053912767638,0.36249868330291635,-0.1411973757589724,-0.047168014404284975,1.2762657934296475,0.9622037316224009,-0.0001187682871744097,50,371,0,0,0,0
0.16848611393216828,-0.10352406774622214,0.12884635982823225,-0.21298814374572927,-1.733950109538612,0.2947857201378044,-0.3596336430614775,-1.0468698622376902,0.11176802853447135,0.9041181707837553,0.0020424156224572295,50,372,0,0,0,0
0.1343612550379314,-1.4082617740878076,0.24336537950379314,-0.6184477909250363,-2.6680612603828147,1.4045614978817422,0.28227908401806356,0.46865477413100187,0.07783552502026939,0.933958347344892,0.0001495381350138114,50,373,0,0,0,0
-0.33537488541187255,1.239830248915922,0.18492588013924227,-0.32233209950070396,0.363044993123145,0.21070819477718652,0.48516788184274073,-0.10872076287122212,0.16273789329587454,0.9466394136463994,-0.0013066955045005293,50,374,0,0,0,0
-0.4427888802439526,1.1488110987147442,0.14479362404564464,-0.41243453307388833,-0.985270821584284,0.14943484170103288,0.1660075051580252,-1.1322811948383933,0.09509632436828769,0.9439958649393431,-0.0007991459710536348,50,375,0,0,0,0
0.3950927534323929,-0.41563988494484416,0.13328650781180956,-0.514281520572295,-0.6359483566949589,0.1785436595055892,0.16138932430858066,-0.001442649123490014,0.08893034479387649,0.8957537379655546,-0.001500958137202579,50,376,0,0,0,0
0.42023905601995626,-0.12377977411455543,0.2960228595130197,-0.28453444339202694,0.2525122463370906,0.33671636866497207,0.19982070609610325,0.4438770503645397,0.3663074744579663,0.9507112513980366,-6.61071403273002e-05,50,377,0,0,0,0
-0.4627920703945936,-0.41526855539014473,0.30996190721776024,-0.06360381694913197,1.399721140182887,0.22081495873935403,0.13906616846543596,-1.1586606925129956,0.3541529222065321,0.9298832578443162,-0.0006907499670754434,50,378,0,0,0,0
0.3404885766498369,-0.7653054908672585,0.09509632436828767,0.5399523528928327,2.0310462351916225,0.1834053552781748,0.14107012574417688,-0.19371754495691995,0.12219168803820243,0.945741771569612,0.0015811908526548154,50,379,0,0,0,0
0.28303695146246444,0.2294799698967882,0.2325326412556463,0.15045091897914276,-0.26094066867915267,0.17805496728997058,-0.3547435319902297,2.369754564918722,0.11621805373123702,0.9312578486094917,-0.0005869953618374837,50,380,0,0,0,0
-0.10510979769236872,-0.2901579446710274,0.11471265943182077,-0.3159402389217023,-1.7821028688387548,0.2559653464709662,-0.02622200041094125,1.1788382725813076,0.15290284287534264,0.9409413392122494,0.0007051524481655953,50,381,0,0,0,0
-0.711222258381337,0.5228786166347295,0.13945248738622074,0.5999888552395936,-0.6449323555920108,0.16509654268625196,-0.6299465493509819,-1.5751567933164603,0.3258976352604048,0.9520976720967592,-0.0016806991601013108,50,382,0,0,0,0
0.07955605977094127,1.1840542600700221,0.11605484584195155,-0.31220992021065275,-1.5220484259817724,0.28604914314680696,-0.012055908431952922,-0.5419881351272267,1.2426499890955192,0.9505725951781492,0.002130813789487895,50,383,0,0,0,0
0.31985547163036276,1.7112311497478352,0.27992494164408604,0.27025676685747957,0.4304494264176508,0.16717804127945185,0.13849654192486138,-1.1975352294421535,0.31910029885746627,0.9048724398027591,0.0012550114519142507,50,384,0,0,0,0
-0.36447162277111556,1.0181385834607148,0.24719825908007284,0.3013092085010083,-1.727601566751198,0.15847364167803538,-0.37481853716695923,1.0980513153656428,0.3783733866775926,0.9268680127708577,0.0003434482332282692,50,385,0,0,0,0
-0.18095430599089735,-0.2946600424400554,0.21646304449658077,0.4587851307810382,-0.1800412158864102,0.16766673349507047,-0.008012913175667435,-1.2119474448363272,0.23163923157653662,0.9100055449597574,-0.000848582864342508,50,386,0,0,0,0
0.341507392638869,-1.8382746821135783,0.30969049767167245,-0.013758900903137139,1.0769757820416848,0.30996190721776024,0.3239546238093949,0.8871490439901528,0.10444459503439951,0.9255226948428055,0.0007169927080904721,50,387,0,0,0,0
-0.29636682865317,-0.9092929969479151,1.5467107200573096,0.5411191591815179,0.2600320343876783,0.17084711212557255,-0.2658569957467991,0.6132600621798439,0.26147345748418205,0.9214088936333765,0.0006282909752846491,50,388,0,0,0,0
0.12493434883699095,-1.200166422702572,0.1805582929984011,-0.388334617662105,0.46896792447054647,0.16654785105613548,0.2191140616874554,-0.9868145666999997,0.18363805745883466,0.9172037759900078,-4.684433543206931e-05,50,389,0,0,0,0
0.5053382963743251,-0.6277069454048734,0.2328153195977351,-0.8130259588766293,1.6224258820735686,0.28514593350250095,-0.014389758927757512,-1.360573394316499,0.21153420429738487,0.9295491862123473,0.0005647879268680159,50,390,0,0,0,0
-0.3645661727812124,1.0438991341064927,0.13156968560794016,-0.42601929264500615,1.0851778519904478,0.20536705811776265,-0.423669533207109,-0.08560372253130133,0.24662601742174542,0.9285272432102252,-0.0011687881355411749,50,391,0,0,0,0
0.00765061749237983,0.8989040469689655,0.1972182167094348,-0.32701634437812555,-1.2833489160994214,0.2021878460924716,0.5816841115356475,0.27835068138629904,0.2684684046480348,0.9294421197920536,-0.00019585742527988186,50,392,0,0,0,0
0.5961650112158985,-1.1434299701771673,0.13585650291542037,-0.3202196534177748,0.1991953945864271,0.2422787075322837,0.9101879135593967,-1.3306119226449802,0.2363507891062017,0.9314036250282572,-1.3921172714117576e-06,50,393,0,0,0,0
-0.6218144703812429,0.33747679895729377,0.11027251144824349,-0.3252537294144888,-1.6338526293289517,0.15865652598952584,0.23078557938353672,0.49481080449335213,0.17271383063054668,0.9252161202772308,0.002578710238428825,50,394,0,0,0,0
-0.7798856682647672,-1.0283117918641196,0.4088551115768767,0.47952505044452565,-1.6096777663515542,0.3310880136802736,-0.4780040306000446,-0.09423200147327826,0.21070819477718655,0.9282752510814918,0.0011407003227459761,50,395,0,0,0,0
0.40868151889781235,0.3566409870240346,0.4178007094963297,0.13732679218090915,0.03843871468069615,0.21178603134878263,0.4057868012928072,1.6438171981973575,0.1143003629715928,0.9505141174913192,-0.00041245434621179993,50,396,0,0,0,0
0.15015634583304038,-2.149080882847432,0.25977591532478467,0.6274927312799976,-0.4769714675168544,0.1400826776095371,-0.09811135518348557,-1.4362107654283847,0.24508842046044746,0.9347664030729531,0.001732125878881766,50,397,0,0,0,0
0.08520374657484897,1.7537271667839356,0.37781459069180134,-0.1386624401120624,1.0311514352932551,0.18235422835940765,-0.9586148496986304,-0.3156537320583963,0.3313029671724492,0.9377279947873507,0.00017055810460548285,50,398,0,0,0,0
-0.5227132175876941,-0.7857522109826212,0.31993784455243235,0.5223610897641162,0.13261475285128466,0.22418402661240264,0.35074533968802335,0.3118011945529613,0.19199401499471108,0.930149247035664,-0.001990878537357411,50,399,0,0,0,0
-0.23264821588633122,-0.17159737228471617,0.08698710553858968,-0.013268285359743892,0.2850987427734495,0.11408246920850443,-0.3536699236804095,-0.06810825406762078,0.10991253310641777,0.9361167061557919,0.0005465171634141,50,400,0,0,0,0
0.05092511529230226,-0.8225630675136335,0.25318842584798046,0.2855786150213824,0.8458094874971849,1.2183385042559665,-0.41651900602535097,-0.9207467294319125,0.16717804127945182,0.9472149385342569,-0.0009323452643464088,50,401,0,0,0,0
-0.015175203449713237,-0.8793476064509438,1.3370690568744563,-0.28202411719721354,0.1914532593717766,0.2857755126322598,-0.30395194698848726,0.9068892397217247,0.2120228965130035,0.9230540084228371,0.0011620217554984057,50,402,0,0,0,0
0.056651849068158455,0.6292457291047411,0.058219189956736285,-0.5001758889004115,-1.2990384263402257,0.24411732801442823,0.5137024854916978,-0.06784348546369756,0.20454221520277535,0.9267419130641962,0.0015585716650094767,50,403,0,0,0,0
-0.016163343062191693,0.4563070873635491,0.29852618522145025,-0.3864233699977726,-0.09332677657748434,0.22865246402741646,-0.13205087307940833,-1.0703751638619456,0.23974728380102361,0.9587418966767709,0.00021071902924409093,50,404,0,0,0,0
0.4893265844745951,1.1202445037621036,0.35162114619884016,-0.0703060267443254,1.4899599640144885,0.07866036793525669,0.19162192129537203,0.1981877732302202,0.16717804127945185,0.9494743287256321,0.001789745601346668,50,405,0,0,0,0
0.33946555944329404,1.619432673948472,0.2742924561447765,0.26058964614149804,-1.8359735069703307,0.21646187789136975,0.12873831298133265,-0.23091621053291167,0.15761440040500768,0.9491523195818112,-0.0004503032424740837,50,406,0,0,0,0
0.10567622478114558,-1.2396943702875856,0.15865652598952584,-0.20015001764653562,2.3166191923263515,0.25897654875589154,0.08014137225389106,0.38739328371919335,0.05752419381578148,0.9567138913020296,-0.0006695056752873602,50,407,0,0,0,0
0.0266268943217165,1.6028629279962825,0.12517728898211156,0.26110753052174207,-0.9201777995914329,0.15047732838457725,0.03449834128153473,-0.23113813294700591,0.18339671504295196,0.9235439842447672,-0.0006126867258219594,50,408,0,0,0,0
-0.5556276876461101,0.48696518528402777,0.23698036823596053,-0.0640237028754349,-0.6566841273821309,0.27874637685675185,0.23045968396463046,1.4609914984303733,0.120878639006232,0.9073103027941357,-0.00023141337165498836,50,409,1,0,0,0
-0.5264059091705748,-1.0861457089903803,0.19392151519658712,-0.6958235147652072,-0.9110533185296443,0.42874496891099767,0.700899369530668,0.24939069905670763,1.370579653366566,0.9438739504580416,-0.000925926064767698,50,410,1,0,0,0
-0.5190353167157209,-1.2761469986791072,1.2976884254323,-0.07957383554585284,-1.2848989153240122,0.20837788541323463,0.9057284055980066,0.03666652424198702,0.35501965469653474,0.9365908373674785,-0.001440197708368969,50,411,1,0,0,0
-0.03544058551151963,-0.5543647998514363,0.15906882244975384,-0.5642899670973351,-0.04890742756875799,1.3463438495196705,-1.2567027997081643,-1.638600347416439,0.35244715571903845,0.9390240700459671,-0.000358858419688757,50,412,1,0,0,0
1.0112099657596536,-0.8421840811665096,0.33484323317985787,0.0007269055727254781,-1.3187993156954718,0.32357745936190546,-0.6441352781019969,-1.0561272238481205,0.46546583856576507,0.8997055540424774,-0.0008170239451627571,50,413,1,0,0,0
0.11678272132836653,-0.12203717424547023,0.1403736883766527,0.31759532844517224,0.31854338871971066,0.312432755146923,-0.6374045485014763,-0.0161719470858408,0.26577210746006164,0.9359585037870717,-0.00039291989447924554,50,414,0,0,0,0
-0.284071097144305,-1.1104930503787696,0.21160918345303317,0.6098473602385663,-1.5977816292450537,1.3998520652667936,-0.2059300872734413,-1.5556608197556105,0.13086099332104414,0.9432152420644333,-0.0016990913581489545,50,415,0,0,0,0
-0.20441338832539735,0.19837923631756826,0.07060578024166754,-0.18999209082305324,0.19642445873378112,0.3836383775761572,-0.13242883086921786,-3.376900330689371,0.3916786592408937,0.949944275214362,0.0007413601899492375,50,416,0,0,0,0
0.24167372824148092,0.37340769690215225,0.14846269489176536,0.08292063965053664,0.9293878032259713,0.1780549672899706,0.6534959360782535,-0.07065406179570033,1.3081536660761481,0.9606998389279611,-0.00022722769102425836,50,417,0,0,0,0
0.06508258873199857,-2.1904987670405545,0.2342455078900499,0.8401097511340625,2.450327444994741,0.5548280792351126,-0.057060925076680036,0.9432776548308723,0.27330204063586944,0.9153772972956449,0.0004086050039246684,50,418,0,0,0,0
-0.11139786808054097,1.5334768576773552,0.24359574765754527,0.16410048183659054,1.0247436761413677,0.15567116114972088,0.1164688867408481,0.41462272615382023,0.2693395561992288,0.9498472425449925,0.00031180706149824724,50,419,0,0,0,0
-0.22854624773937626,-1.1188841959925409,0.3205680347757488,0.0782196992440074,1.0251909521246247,0.22653535322875223,-0.3039390226106313,-0.16474064509897257,0.13328650781180953,0.9355273562299753,-0.000682276699180958,50,420,0,0,0,0
0.33141908961738764,1.1774668920885185,0.13086099332104414,-0.26977050644960787,0.8618245423336699,0.10553370230368987,-0.23071594720718736,1.376672699196316,0.17016364222336094,0.9452341904697515,-0.00010580810052774475,50,421,0,0,0,0
0.5609205168314633,0.5932999435173514,1.263167312834899,0.19073352796852294,0.9871469454119932,0.18616301951445755,0.5665332061860369,1.914975505851423,0.19913214137838986,0.9615679502777678,0.0004570365474763194,50,422,0,0,0,0
0.18932390717917613,0.2060102143264846,0.3497720704600778,-0.09621794825934327,0.5212776623389903,0.1315696856079402,-0.13064929980346118,0.09130855699837603,0.1027932467377577,0.9415272008001968,-0.00015362777096803733,50,423,0,0,0,0
0.14122155472742826,-0.4599938992621606,0.0745103692001041,-0.2733664567538394,-1.2812453672890651,0.2776662938025618,0.7458427285926872,-0.39544972166967085,1.2899217742821107,0.9560411282108189,-0.0003235056925740469,50,424,0,0,0,0
0.3441155889427465,0.003035634543103072,0.10750419317386524,-0.9306792655060132,-4.7464209527284345,1.619277768120309,-0.2284705975954946,-0.9894294534551138,0.17917384972890557,0.9248765594233358,0.0010294757778461867,50,425,0,0,0,0
-0.6351477712980973,-0.5918287738718249,0.13418749648765615,0.5596531123891619,-1.3515060351154498,0.20959738202223813,0.25350377371106614,-2.1843637414890136,0.28888578749258925,0.9027224310650294,0.0025047038679326316,50,426,0,0,0,0
-0.07745278448558945,1.2757484434359778,0.14139572664150757,-0.36483656913754636,-0.5310992559943379,0.07208209190061748,0.46739049945838307,-0.16087712659776976,1.3907457148440683,0.9068625778368222,-0.0006213385848971468,50,427,0,0,0,0
0.05205471551551977,-1.440869179292628,0.425715622850305,0.2042426507971351,1.4277004387159131,0.06438516953114748,-0.6324192013993155,0.48171705946751153,0.34392483492292764,0.9187282905090125,-0.0008851912517910116,50,428,0,0,0,0
0.07120614676511039,0.20030444437175632,0.1502822354121186,0.35861839354057246,-0.9581896881669003,0.3238248091616414,0.48730021873745777,1.256348232239021,1.2489732625821173,0.9361702489975393,-0.00029521395385139794,50,429,0,0,0,0
0.07501331632641328,-1.398074913659273,0.13328650781180956,0.6286408872702216,0.3996864150630044,0.16470796790881687,-0.6460108465811478,0.40272990233379957,0.19687076917939955,0.9366930222566472,-0.0017520494861974975,50,430,0,0,0,0
-0.7210280714156152,0.4514177409374289,0.1714766912553314,0.19008384330582473,-0.7438238755795012,0.09980727080439525,0.44241146256733543,-1.5029118501235805,0.2933316305653094,0.9408177843327927,0.00045414265322559,50,431,0,0,0,0
-0.0803125190051821,-1.262084482600729,0.18977997728689402,-0.7487223572430883,0.9962750573740209,0.4812857079362107,0.3305850977005038,1.406940012421142,0.1759296439389338,0.9379334633544018,0.0004177609490162236,50,432,0,0,0,0
0.7999700074202796,0.6922462427252096,0.24040208928234527,0.03665089558076495,0.3821459048787652,0.0808211259641785,-0.6020500201429924,0.2165380563927659,0.18728306855860355,0.9338776805045436,0.0005590223045684374,50,433,0,0,0,0
-0.23632931501799348,2.1128689397245175,0.26026460754040326,-0.517046300645287,0.3819997192553952,1.2889496274728431,-0.25624327902795585,-1.5982368243710443,0.3493597739998498,0.9058923979504818,-0.0006181478787414455,50,434,0,0,0,0
0.8650703440399754,-1.232452556741591,1.281812555452413,0.1510585561521154,1.7433471455299347,0.5561639447216677,-0.06607746783596102,-1.473308519978219,0.13328650781180956,0.9198403598002947,-0.0018568419479279656,50,435,0,0,0,0
-0.7658234515984086,-1.4027054634060292,0.2717717237742384,0.23727612006173615,-2.05553441717299,1.3640407689701641,0.500886643591298,-0.7316043071240328,0.160941957934868,0.9225672170801467,0.0009085440581118493,50,436,0,0,0,0
0.7552111601157954,-1.3790473514101125,0.10791648963409324,-0.464235595344471,-1.0747946109958288,0.15506978446391206,-0.38310225098560124,-2.373379001478532,0.33533309200068756,0.9012822094417171,5.3060037643066585e-05,50,437,0,0,0,0
0.2529780531644201,-0.24490102707350658,0.17811465683004032,0.025218164552693878,0.9568634465920738,0.2144498264660434,-0.0335159237448579,0.5441214206777989,0.29602285951301965,0.9428834197901209,-0.0005093148115088856,50,438,0,0,0,0
0.2076050090761381,0.481719710952504,0.16642360236341125,0.44663181062145885,-1.122712845699506,0.23171062581406168,0.018982415786195084,-0.3103165929001115,0.1147126594318208,0.9677332218167101,0.0021083491198752363,50,439,0,0,0,0
-0.7558185527174537,0.9197344191855716,0.270872248919551,0.3867855569800538,-2.4593810090177772,0.14756170621591874,-0.4523958850031464,2.1685563836589195,0.3924116336326593,0.9189197134115017,0.0010456889104015212,50,440,0,0,0,0
0.042255783918343504,1.52891773008378,0.27461058908848,-0.11222150285054866,-0.3268179197493506,0.0951704279275838,0.05668722594725839,0.5661297911228003,0.06931400973034339,0.9334919377060196,-0.0022411806579355556,50,441,0,0,0,0
-0.40376570791304545,-2.7416949222732896,0.41622266789841156,0.31649723066467317,0.5071398857982841,0.14049497406976508,0.31197131996276006,0.36350077823228677,0.23302367484603215,0.9447944409994139,0.0009453318948970186,50,442,0,0,0,0
-0.0600345828183011,-0.6190323498538621,0.06972630619057138,0.17729621501699278,-0.7024945366960784,0.11653609744657066,0.9025581684583814,-1.8994594188473055,0.23586031919181452,0.930709302743737,0.0008261459006830776,50,443,0,0,0,0
-0.6087810277800489,-0.3232788940691824,0.300050711036369,-0.013301585363990398,-0.7717636973438049,0.22353001274683865,-0.6692231703992633,0.08801727679425042,0.16094195793486799,0.9322790067092223,-0.0003067563093856594,50,444,0,0,0,0
-0.41517316015051975,-0.1396243685557792,0.23649050941513083,0.4579930660799256,2.6344973447276274,1.3907240722839551,0.05731506635777972,-1.7117853958678246,1.383345657847642,0.9498420931120453,-0.0009442909677228716,50,445,0,0,0,0
-0.2453059085085858,-0.7349678170283322,0.20485117262614586,-0.3878579102547395,-0.7460530433703365,0.2827198079181781,0.9324908369615574,-1.593091388380853,0.25999532290903227,0.9359602510122769,-0.0007267647077194613,50,446,0,0,0,0
-0.07834526792237373,0.06426239584482385,0.15906882244975382,-0.21591137044269182,0.145626579882018,0.10257535297466933,0.47230129482933414,0.16290340830314687,0.18298264088395547,0.934174422968268,0.000573020825548713,50,447,0,0,0,0
-0.20711851255973723,0.15050266263422696,0.328487485483303,-0.037331882549893614,0.25133360504954094,0.23697920163074948,-0.9561076245079398,0.3784518947908575,0.2832807288186861,0.9118492438724951,-0.0007536043040557369,50,448,0,0,0,0
-0.37861330639436375,0.9890011709983231,0.2565955366942826,-0.8251278841791336,2.058398065552632,0.39129158913222845,-0.9502000279943452,-0.17554874101911633,0.268182444538809,0.9484725726943694,-0.00021375984221476825,50,449,0,0,0,0
0.7195532603348544,-0.7065060336026505,0.2361034393064657,0.2566334047173182,-0.13843638204192565,0.06972630619057138,0.4036429128798389,0.34753424997167937,0.15506978446391206,0.9435696521987499,-0.0016392504597303246,50,450,0,0,0,0
-0.07219304402939208,-0.40913998796090745,0.33421304295654153,-0.4206828398398992,-2.1939177891689994,0.28985687993860854,-0.4093502633123993,-0.24615256881790692,0.2275578642701879,0.8884658613351268,-0.00029669504019498436,50,451,0,0,0,0
0.25763324896867434,0.0013122896663011474,0.11367017274827644,0.4748229115979523,1.22288695705464,0.3553616112824859,0.0006931500658859946,-0.6602140801016683,0.22301933904775076,0.9310798015479946,0.0011210773637103108,50,452,0,0,0,0
0.15620205383953767,-0.41055082029724055,0.13960044995239304,0.20479212773667843,1.242764734108432,0.16470796790881687,0.0612076135178814,0.7383278791674446,0.21989994549858152,0.9325545154738261,-0.0010954916670346173,50,453,0,0,0,0
0.03254029985971929,0.6924803109177304,0.31805057374429824,-0.1893350264170781,-1.9141066679394996,0.2346253047313159,0.47136349580913617,0.9671870735166408,0.0693140097303434,0.9578546300120698,0.0007770772940057444,50,454,0,0,0,0
0.47390264084984945,0.950418907148527,0.2441691374972343,-0.07943505562289843,-1.2649098187023826,0.10410653187383231,-0.1814187880733682,0.6125544512044172,0.2546772876864544,0.923365124112483,0.0013676207863578592,50,455,0,0,0,0
-0.3685448673492786,-0.04904774661869382,0.07589228576498258,-0.10783407139117784,1.405534766831714,0.15906882244975382,0.20502178027486906,-2.1151407084222305,0.16654785105613548,0.9109900023815425,-2.962739048141021e-05,50,456,0,0,0,0
0.5291020895274734,-0.38629506225238686,1.239881906925245,-0.3344175073035158,0.16326542439442981,0.10361783965821365,0.22644861915822823,2.054190647055041,0.30053940325198764,0.9224873221753676,0.0009106034754318177,50,457,0,0,0,0
-0.7195217314205395,-1.5061397461392296,0.23447587604380202,0.5991316254608687,-0.8952056848762249,0.3864841193284499,-0.2814519084743905,-1.4328786035008472,0.38356944041119556,0.9322985607841019,5.850559796578932e-05,50,458,0,0,0,0
-0.42037742894822117,0.24983401118236515,0.19767013574829265,0.15976043282279573,-0.2079896302356019,0.2746806928586527,-0.21321692205647658,0.011030618017495719,0.13328650781180956,0.9029745843233065,-0.0006907149259861956,50,459,0,0,0,0
0.4687900586624547,-1.7298150269295292,0.25086732992619354,-0.24017305625779883,-0.19004400232709084,0.2641459595381893,-0.3952384554641304,0.2328752929071527,0.1032055431979857,0.9266477380499041,-0.0013348685825388988,50,460,0,0,0,0
0.5840184923542973,0.42805101349972485,0.2407891593910104,0.5667726021502313,2.552940671834392,0.2538292317712269,-0.33003286476140836,-2.8933476054459497,0.26186052759284717,0.9737991349448586,-0.00035794522535999426,50,461,0,0,0,0
0.1850380639983813,1.5860962293665715,0.3476622318404524,-0.007827795084742739,-1.15496693769754,0.16150391144223558,0.8739162174442345,-1.5058766229313099,0.1972182167094348,0.9391706448093141,0.00012751357846531986,50,462,0,0,0,0
0.8420742762252287,0.03527093823403238,0.2316392315765366,0.7126976812345589,-1.5818516550646775,0.22554464623965048,0.1085653586730988,0.13633726974100835,0.12835766761261364,0.9396257860344943,-0.00042051131133120164,50,463,0,0,0,0
-0.2528956521675205,2.5557255424481706,0.217559764353295,0.12009599229416956,0.5851138429354865,0.048474385895853817,-0.5288165096385269,2.575367988635197,0.24105409505348385,0.9423332360020408,-0.0014751871237330756,50,464,0,0,0,0
0.25461111215379173,0.5778824212157723,0.10791648963409323,0.4192869036359248,-1.6570900600279908,0.25569454801843594,0.06292780860932812,-1.1556515304481891,0.31864861916270953,0.9489818117342083,0.000376655509117988,50,465,0,0,0,0
-0.0474243569399837,0.8612173507543979,0.19879018479243865,-0.1701073442895673,0.4222149259843153,0.10054635250435438,-0.6292027558162188,0.780992263088141,0.3191014654626773,0.9392858067395532,-0.00039111607894646753,50,466,0,0,0,0
0.006803025305831767,-1.294717255656976,0.16954102221507988,0.021117528634698957,-1.4124911477893214,0.230254426070547,0.02625866015987377,0.30530259571462004,0.18298264088395547,0.9349187600151693,0.0014034696456388046,50,467,0,0,0,0
-0.6941367402503769,-1.9685197389370153,0.21218845426705304,-0.128717706016932,-0.7979443062186498,0.21160918345303317,-0.38368450997453163,1.0979584018745916,0.19747689965636403,0.894311130034273,-3.7044141053814357e-06,50,468,0,0,0,0
0.328135190903426,-0.03071129441481446,0.41316590882108156,0.1200546854741864,0.08637006086897081,0.16807902995529844,-0.13280413427700388,0.16697798539677855,0.07028699647222027,0.9399731338351603,0.0009266837088707035,50,469,1,0,0,0
0.23707716290949943,-1.445734545290347,0.2684684046480348,-0.5374909606997704,0.4861051301206567,0.1490928851150817,0.4205707783221264,-0.7401546976460169,0.17383106036563514,0.9161267549277062,-0.0015501482138519202,50,470,1,0,0,0
0.28936294534542206,-3.631692140051073,0.3414990715750988,-0.7711977908069754,2.425743941058104,0.26040761936926027,0.14934525743967075,0.2942689957354281,0.12712222637899603,0.9093749531280908,-0.0002601159186497664,50,471,1,0,0,0
-0.40669604705692297,-0.8921277092306719,0.13945248738622074,-0.21993497842344922,2.9965110468187337,1.2979439715155947,-0.14253034792357688,-1.2615830281299392,0.2308017484448784,0.9139736761416521,0.00044051325436258803,50,472,1,0,1,0
-0.07537698059944375,2.3699648179432335,0.36859326863980246,-1.795841387274014,-2.931558646932377,1.6010657634974224,0.611286305948,-1.0529039650707457,0.5227086702391884,0.901269606509825,-0.0001598767880409629,50,473,1,0,0,0
-0.4967286113764873,0.8605691000208981,0.2982074411841892,0.18108565355904283,0.039520430002447426,0.19427223834415555,0.13295855771409038,-0.5433623643019541,0.32461994604544986,0.9269820123605583,0.00011595499824910754,50,474,0,0,0,0
0.16266022091375376,0.19886238062359496,0.28944458347838053,0.5011462532527,-2.4031499234651186,0.20577935457799063,0.14587200696752323,0.9514700535963962,0.24508842046044746,0.9293743614716123,0.0004255025649086011,50,475,0,0,0,0
0.42645700725991187,-1.4253012327112904,0.17480485987874922,1.0808323657726016,-2.4544893381240884,0.31343096275531823,0.188888320361154,-0.0169116600444692,0.14438132758541666,0.9460284707926774,-0.00172313177208178,50,476,0,0,0,0
-0.3651928054869851,0.765538089057725,0.15251460616146648,1.1478264894079562,0.10160185720440928,1.4358421438143387,-0.21636733511061834,0.43768627791650605,0.2661591775687267,0.9425624926896516,-0.0010892324915005927,50,477,0,0,0,0
-0.7521244156016929,1.5297574959247022,0.2512555666400697,0.09393518867898454,0.523607498893405,0.11901130940770034,0.5430901686780132,-0.22090516891686374,0.37393655108358703,0.9254495732161765,0.0006612702866273044,50,478,0,0,0,0
-0.039984193496056086,0.6940378091950912,0.1633674724256334,-0.4957765469496289,1.3753962870270993,0.139600449952393,-0.43335866875556217,-0.4936954344351241,0.21857637263098884,0.9172024016554591,-0.00028544406959967226,50,479,0,0,0,0
0.22020093198394441,-1.0537653479502556,0.21483242559401616,-0.0067462147837504816,-0.5166224396506198,0.1298888465117766,0.09713429597800971,-0.906490355815377,0.12085640972118761,0.9378637751305299,0.00025894726128442887,50,480,0,0,0,0
0.39811027622389616,0.5060297271953136,0.1972590058932757,-0.14950355868130227,-0.4720942301225728,0.15996981112560046,0.1714619087929128,0.5358474313445587,0.19074395121306714,0.9485752391522027,-0.0004470626533014042,50,481,0,0,0,0
0.6527710460825338,-0.6227907634453924,0.31927880938602593,-0.5447685029784104,1.0113496774779556,0.20259897594748855,-0.24197693708429302,1.1175836023618562,0.35099156706908125,0.9411848980905367,0.00022396790717990058,50,482,0,0,0,0
0.997937480534083,-1.3248236169777634,0.26870083031618813,-0.3428393046656284,-0.4167922013340526,0.19816060566267982,0.07296085584197964,1.1822522042949535,0.12085640972118761,0.936265166999799,0.0005760456944390593,50,483,0,0,0,0
0.11756809652638811,-0.4568914089900815,0.043943991552627085,0.6831887324592527,0.23323204958731303,0.0844901968102992,-0.19882580449110154,-0.6560966760257045,0.10361783965821365,0.9537095061325631,0.00048659963595002457,50,484,0,0,0,0
-0.2454926883245765,-0.3670438458857319,0.06398147584740099,-0.3579470355605263,-0.9193457724584668,0.23607821295490286,0.5487315446336982,-0.6753777670854006,0.11471265943182078,0.9152104873464321,0.0018033205712549296,50,485,0,0,0,0
-0.3691150166531161,-0.12187289344693042,0.07783552502026939,0.3177789629222767,-0.4680170317699126,0.15865652598952587,-0.6167592308369967,-0.7933677655381004,0.19109185971365344,0.9468791913655827,0.0005789882701727287,50,486,0,0,0,0
-0.06855859177153167,0.027553560376199826,0.23600927578994124,0.9433635166285566,-0.11900150650549612,0.40651868222787024,-0.16753135046300383,0.12761535677620195,0.39656016494891627,0.9609098212621825,-0.0002569287648162728,50,487,0,0,0,0
-0.7998761593616415,-0.13496920833858717,0.19254805945716816,-0.540025802763747,0.9497477565795585,0.2103211246685214,-0.018554081552776047,0.6823013928063757,0.20517476200941726,0.9555690368069563,-0.00033747681924696293,50,488,0,0,0,0
-0.19464427162448583,0.49217167339487666,0.1776426708297426,-0.05804742783957195,-1.3675922810443142,0.24758532918873793,0.7440269599211762,-0.5827655723139831,0.15040593414705217,0.920581631285833,-0.00013029998968982289,50,489,0,0,0,0
-0.36180776089444944,-1.5861078412871654,0.2900982223544912,-0.5190512880796518,-1.248430694512841,0.34822348489880717,-0.4048750070082443,-0.7645901986167543,0.23156166921593493,0.9428091577755069,-0.0017915740535449642,50,490,0,0,0,0
-0.09600895309086788,1.6365626138206864,0.1147126594318208,0.09422995565493508,-0.5668942102851489,0.37881232608912585,-0.4312454630153857,1.8859663113200265,0.2445296244746562,0.940802365051107,2.1966942487445e-06,50,491,0,0,0,0
0.4049414934956195,-0.6051051023512066,0.15249054641511464,-0.47486066646451697,-0.24667072545027757,0.3725379213976574,0.19393414626597139,0.8993884910155803,0.14794800532759156,0.9510487989278179,0.0003933334505213201,50,492,0,0,0,0
0.6888924938786598,0.768060832365661,0.23298584454148497,-0.39567803329782514,0.5972759142539132,0.2565955366942826,-0.07073983924484484,-0.5283535468780718,0.24848631786458455,0.9442811124611933,-0.0008337809609303443,50,493,0,0,0,0
0.307834216953756,-0.7696886921951975,0.32015573831552074,-0.5776085884002411,-0.06966520811960386,0.3509915670690813,-0.5105889871729241,-0.8532216894896782,0.2565955366942826,0.9410354197453568,0.0007313949596644579,50,494,0,0,0,0
-0.5213376880735945,-0.9810697391989374,0.41719527416559005,0.9575527765686012,1.2833233278605363,0.21306538319654786,-0.3572280931154532,-2.0037807216383676,0.2561089693933807,0.9478421758547914,2.390109308558211e-05,50,495,0,0,0,0
0.5182118798847295,-0.9109347563357719,0.2715000514191322,-0.1920751154652045,-0.18866367799547845,0.3046827334902733,-0.057561802615222035,0.492984262124434,0.2316392315765366,0.9446517411787597,0.0002739035286305517,50,496,0,0,0,0
-0.5723411888868863,0.38179293285075033,0.2751693850742713,-0.11307140467173493,-1.1254166741255647,0.1183817302779415,0.11111877304644402,-0.1636725637841998,1.316745300870515,0.9360759442756872,-0.0005520218712361049,50,497,0,0,0,0
0.32856948058379754,-0.49916277473177484,0.120878639006232,0.09412130019336207,-1.1908631137568726,0.3324177186890925,0.08708121819777936,-1.6722719038550595,0.5108589863258446,0.9231941131461149,0.00012031962471132774,50,498,0,0,0,0
-0.4245905061397188,-0.4332161547470168,0.1676667334950705,-0.37512454998529243,-0.5836483215418307,0.16654785105613548,0.29534617425522747,2.469635680845551,0.345938052953465,0.9248363542137187,0.002134942987162441,50,499,0,1,0,0
-1.1401331006253592,-0.13221302402724788,0.2292137170857712,0.6770955937402432,0.23140651232307974,1.3376333602293566,0.54785315371248,-0.915510437614734,0.1633674724256334,0.9289205295430346,0.0003376052846719929,50,500,0,0,0,0
-0.17507368093067566,0.312855595537191,0.19961337500357945,0.3147060806315949,-0.7511218045487835,0.14479362404564464,0.5156607889597868,-0.03282481378979352,0.1833263751686752,0.927459918780506,-0.0009078669305958389,50,501,0,0,0,0
0.585463428662691,0.48883421896987933,0.2755816815344993,0.2977821157890457,0.9423266359896019,0.16807902995529847,0.0407608203917853,0.7277792605483349,0.30395368945642626,0.9187169584347942,-0.0014039753903589535,50,502,0,0,0,0
0.24821233567077616,-0.003046015746759778,0.1458347761831745,0.11273756810777336,-1.0213663320862736,0.14797400267614674,-0.5818098462853243,0.5729487371471169,1.3853574592784372,0.9440075381541004,-0.00022972044492668638,50,503,0,0,0,0
-0.17690627549755433,0.13855602948747148,0.15506978446391206,0.012670178801026388,-1.3881810978648073,0.10660344060212276,-0.15052303353089602,-0.5374561622499154,0.28834428076597396,0.9666090101653444,0.00019488253438352436,50,504,0,0,0,0
0.5953696355380202,1.1840762810143524,1.3353204239835883,-0.4777965602051246,-1.282904418574332,1.4653557422474228,0.39250968372333617,0.39981877327474713,0.2704584386381638,0.9319362854653318,-0.00018979663924136047,50,505,0,0,0,0
-0.5999639180562193,-0.9828545707241823,0.1326569286820507,0.041902733516193,-0.25022962328917675,0.12219168803820242,0.3122088164017436,-2.0954760330878806,0.17868515751328692,0.9261948716564149,-0.0007428899070541476,50,506,0,0,0,0
0.371193455152957,0.3173242432369747,0.2124351929732315,0.388137569262601,2.8316287204020067,0.36271487505347005,-0.07123330082464374,1.0074805605748534,0.2501355175959237,0.9508781784484129,-0.0004013240542354459,50,507,0,0,0,0
-0.33812499587198896,-0.5139661156906872,0.25346485282455256,-1.0059611003520033,0.8199523545084739,0.3054159074421447,-0.42683771686521066,0.36622657770834444,0.29478572013780446,0.9216835869809588,-0.00045259689754806147,50,508,0,0,0,0
0.17058009766762705,0.5687437449857828,0.29082902674787603,-0.09072426150340007,1.5857565193641445,0.3100333014552853,-0.004864016248593117,-1.8847259264168166,0.1041065318738323,0.9415473992452341,0.0010135496180889614,50,509,0,0,0,0
-0.047911781252753194,-2.246969376896332,1.6419317867543748,0.15336746751802366,-3.2513598406780053,0.3828156595758867,0.16908607528263442,1.8223267111630816,0.17938105013103778,0.8891025996141372,0.0005186466916756507,50,510,0,0,0,0
0.6290617160863858,-0.6434388377214635,1.3464152437571952,-0.0658680354510075,2.5999758506704875,0.4740313113201833,-0.07935499606951435,-0.004444535294327423,0.22280589866764114,0.9353820349250418,-0.00034519215491017526,50,511,0,0,0,0
0.4165622094635104,-0.4780539259202925,0.22731064916741314,-0.6094652940581033,-0.6780992060332149,0.08019093574086214,0.030693004470029983,0.6816178636568484,0.1093715227723969,0.9446980973387954,-0.0005827433703031872,50,512,0,0,0,0
-1.0081909148696386,-0.6432392929988504,0.4155936442803063,0.23733145785301524,1.6442743011770187,0.42695987360000115,-0.2842034442684831,0.6924243057735175,0.3115578272702041,0.9484297125896853,0.0005543846314660699,50,513,0,0,0,0
0.10527219533488363,1.2410621556927595,0.27150031422815063,-0.3269954845420484,-1.812705766904421,0.2857755126322598,-0.07310836720699943,0.11101083731921157,0.13867198460456656,0.9484914399703919,0.0023433586625279867,50,514,0,0,0,0
-0.15768160339780302,0.7417145691504086,1.3457850535338791,0.3481007811837413,-1.9697038271229577,0.3649241977936818,-0.00983356599393126,-0.8843868927221603,0.1061911441418948,0.9535485257201027,-9.886520614098218e-05,50,515,0,0,0,0
0.19642120589346224,-1.6896988099519632,0.3811439259204303,-0.00466270624849674,-0.6252707483236293,1.2903340707423387,0.006595271158735372,-0.9812620744549525,0.26940136280804344,0.9341189613378508,0.00015576974287197378,50,516,0,0,0,0
-0.14440227811903483,-0.5184257815244404,0.13507508383841677,0.2469673079788608,0.7645744340548646,0.054708712126635285,-0.03258185666921598,0.46737396883227866,0.2230193390477508,0.9449694997614341,0.0019440474800458732,50,517,0,0,0,0
0.8884433180966154,-2.2848567120120666,0.22221531101102163,-0.4446751738878554,-0.8102418664295898,0.060084636703405865,0.6329250136087907,0.8949149447838405,0.25270998868481587,0.9302698473483361,-0.0010274112522445202,50,518,0,0,0,0
-0.38176747099105857,0.6586401937362236,0.08358920813445259,0.46727880730611826,1.0660024876298575,0.19920107854335145,0.031452216399751265,0.802891933767576,0.22588438185714235,0.9453835145916091,-0.00029589887532167745,50,519,0,0,0,0
0.41925608903282985,-0.8823018910743219,0.20577935457799065,0.4256327415379273,0.8414776784394853,0.34358086453410375,0.07630081255981835,0.3366659090076265,0.22824157027650369,0.9516034228920741,0.0007525876518979243,50,520,0,0,0,0
-0.6316560990296427,-0.3245484973021808,0.2665714740289547,0.5114705128811075,-0.398734799879211,0.24978783072178723,0.4680608579232661,-1.3512335395396358,1.2768837152532169,0.9531070993947267,-0.0005171777432208376,50,521,0,0,0,0
0.4290219115664273,1.396381939968001,0.46507947306840786,0.3003433249169456,-0.19177918861853271,1.3650576274016597,-0.48621758087649614,-0.7052085222811382,0.2894445834783805,0.9250081035499014,0.0008711884092855959,50,522,0,0,0,0
-0.8233361131244239,1.6324696773639298,1.3977170933956984,-0.10661143222000913,-1.295733530380656,1.3870550014378344,-0.49904777611943363,-2.7337388150871407,0.4071662925069047,0.9400607831120249,0.0013898981805976068,50,523,0,0,0,0
0.21342789634490256,2.5911738386560383,1.2875933171932772,-0.2654484195164022,0.30020460375121694,0.1841210502048506,-0.31115507122156405,0.28351615494314153,0.122289172072733,0.969408659436378,-0.0007701983583957764,50,524,0,0,0,0
-0.35197145762521576,-0.10223365838678511,0.06972630619057137,0.1283019838696644,0.4117872685213335,0.19747689965636406,0.31415218612531337,0.8837234138988208,0.028672728822384995,0.9448015055311945,-0.00030842914516923355,50,525,0,0,0,0
0.10755027206707002,-0.8753956275091639,0.1032055431979857,-0.38427226652858515,0.30404577057021065,0.11367017274827644,-0.31258583835993203,1.6476127446695497,0.33914188315573746,0.9459860356717588,0.0006727498528196274,50,526,0,0,0,0
0.5407890108790205,-0.7655299433539611,0.1085466798574096,-0.10039749342585491,0.9391988735916659,0.2968703324058669,-1.0275370647405184,-0.6482965056341374,0.2422453591345251,0.942379080605831,0.0008279905476656568,50,527,0,0,0,0
-0.037630103279068905,-2.8223834594135964,0.32974460554152774,0.18274718472780727,0.36774511323820214,0.23607821295490283,0.512918931088314,-0.054471957194625276,0.3157881511746796,0.9477696585358868,0.0003649849731223167,50,528,0,0,0,0
-0.1412761164792986,-2.7581616259608097,0.42805915018018176,0.05799254093349049,-0.8963087126811331,0.19879018479243865,0.5555735348767143,-0.45272486717929983,0.16807902995529844,0.9184092662755873,-0.001453339187245355,50,529,1,0,0,0
-0.10422174194354739,0.5069472163425459,0.3621710733524682,-0.02192075455954612,0.9356567809027219,0.423359739918842,0.7301288952605383,-1.9467346192147597,0.3645119013334538,0.935798453703835,-0.00024219219393275125,50,530,1,0,0,0
0.42455063863337994,0.9777433688601951,0.16094195793486799,0.8765858621788771,-0.5570237441117918,0.22491445601633414,-0.1655391824191339,0.59627558959893,0.11887032753109775,0.9738503284410481,-0.0009424943127519065,50,531,1,0,0,0
-0.24048453150724747,0.5238697031665751,0.13432899449535388,-0.5320274713316477,1.5559016916325579,0.3346874187660194,0.20094457308862346,-1.354084311782473,0.19788919611659206,0.9477616314489252,0.00013601885598485655,50,532,1,0,0,0
-0.48660478992971523,0.176146572188439,0.128575561375702,-0.08731593932250359,-1.6188061056982335,0.20010206721919807,-0.3836149635635566,-0.11853862197100895,0.2796116579725653,0.9219523112843032,-0.00016286039557174793,50,533,1,0,0,0
-0.043146868542836,1.1955684717451192,0.15906882244975384,-1.1270180397776413,-1.7475404668275036,0.2565955366942826,-0.011607700940990284,0.3025009213825376,0.14797400267614674,0.9259017058038436,0.0014512465987150803,50,534,0,0,0,0
-0.2871119582426829,0.759743065308653,0.11106749604261607,0.5283962995215425,-0.9648835818130141,0.25312869927937165,-0.02059027646187772,-1.6577311631660336,0.1490928851150817,0.9453069824642565,-0.002041719796631228,50,535,0,0,0,0
0.7966936233271147,0.08415986204129133,0.23836364490024503,0.5650617711562766,-1.0239096163933752,0.30850212255612236,0.03794186323597071,0.10297509251641745,0.14209082914620183,0.9592646461768737,-0.00014700921652713704,50,536,0,0,0,0
-0.29595853063183686,1.0070476118805747,0.20405517569100326,-0.04172397697595365,-0.5900176731655833,0.0808211259641785,0.3473213143678384,0.7834640453649895,0.14846269489176536,0.9393142511008754,-0.0002384724626524585,50,537,0,0,1,0
-0.9514457121080859,-1.6983401369910682,0.21201396420475377,0.09592266891769352,-0.8416856703392099,0.15047732838457722,-0.32585587703704544,0.3577546396344946,0.24615809308042316,0.9363916634850026,0.0015902343954391138,50,538,0,0,0,0
0.7438672106734465,-1.4748948019193637,1.4346309263207984,-0.23217393792105057,0.19479040639685685,0.2904870701619249,-0.27760042420020614,1.6483040404425182,0.12088790014821459,0.9428551403575246,0.0011021775084000445,50,539,0,0,0,0
0.1388356476783601,0.36791026483039957,0.17188782111034834,0.3641016123933358,1.2438644504937404,0.1522726526520263,-0.2795849570638671,-1.1827323197214046,0.17618824878499645,0.9489714468068852,0.000817973728735523,50,540,0,0,0,0
0.13718037590819065,-2.6493580665252,0.3931384439025315,0.4416170535300816,-2.2429158763501738,0.2316392315765366,0.4479844773446713,-1.830800823816518,0.4031143812372036,0.9378520991998864,0.0019125906970255757,50,541,0,0,0,0
-0.021039089018286106,2.3149963778999663,0.24192999568802498,-0.03347847773449164,-0.2334796120447784,0.23354497539819463,-0.22207029996246952,0.549242286482774,0.11838173027794152,0.9311352880733631,0.0008352302623922652,50,542,0,0,0,0
0.5219849280631124,1.360675940661075,0.1606000013489168,0.016465120013038792,0.454006324864479,0.16378037997941888,-0.030191266560295027,0.024683517506343122,0.11408246920850443,0.9464708672859881,0.000601446979320264,50,543,0,0,0,0
-0.02803085834261143,-0.7318613903550943,0.09446613414497133,-0.05982684792592341,0.9459194376501534,0.23121074531366753,-0.21440609956544154,-0.33458564123371826,0.2755701453597315,0.9349671070954995,0.00017927930276257016,50,544,0,0,0,0
0.3010695591290409,0.051602753541704516,0.0612047909006454,0.34047201282458417,-0.933644837608032,0.28507699633753936,-0.1280724625945009,0.22023108495420374,0.0612047909006454,0.9137907932276338,-0.0017066100416542969,50,545,0,1,0,0
0.19431292901443342,-2.0670698621317234,0.28596691072234365,0.04998280987268444,1.9780636379951968,1.2637875698562504,0.44354458975728317,0.8088430747007287,0.2770483856913866,0.9534883253257347,-0.00040480628840540694,50,546,0,0,0,0
-0.5185398939869632,-0.11190833427793123,0.23649050941513083,-0.5838406993072773,1.487823344117567,1.4690226881788269,-0.5123785180543816,0.040742913740929865,1.2541571053293545,0.948272121414739,-0.0007251898683465067,50,547,0,0,0,0
-0.15060575658205355,-0.5607761877690294,0.0925994156399972,-0.6184278672194088,-1.9849706215489977,0.34385449504865084,0.22225828792222568,-1.0367198086037126,0.1977476981088943,0.8998273809579913,0.001967264075196214,50,548,0,0,0,0
-0.25588846902343576,0.7042439055105518,0.0745103692001041,0.06086192080051056,0.43806854102566994,0.27046935874754885,0.10465300098743668,1.1841611664025589,0.30913231277943876,0.9460679804425787,5.286679202225548e-05,50,549,0,0,0,0
-0.5033577331039663,1.3589747035365995,0.11137945375703624,0.3191343387415433,-1.3001352492040885,0.2994972776674695,-0.15411430018909478,-0.8296511287089974,0.1518609672853558,0.9300380030076828,-0.001972672557302517,50,550,0,0,0,0
0.4094661224634333,-1.9353575225373065,0.26407456530066425,0.29751432797671296,-1.4466327372509005,0.22103310401854814,-0.3577123399982751,0.0992578473019714,0.09211072342437857,0.9443149623600768,-0.000504048078607843,50,551,0,0,0,0
-0.07775586708882098,-1.5992404092659296,0.2550643577951196,-0.41219168903003833,-1.4139844887600352,0.1894923547430864,-0.10403334469992753,0.3603030904395492,1.3302903472611014,0.9263897961107697,0.0001423721070134472,50,552,0,0,0,0
0.2257515954501752,-0.381894748150148,0.08573204523022104,0.10579767354921366,-0.34314468934368936,0.2847588633938359,1.1894323317228563,-0.27541489346733794,1.4541179106449587,0.9297388445154076,0.0004088980911166897,50,553,0,0,0,0
0.048111703760264746,-0.4156508390131872,0.25166669649508666,0.7584129508264263,-1.0792734333517489,0.3252806466686621,0.5398219131256621,-0.7078756968618851,0.10553370230368989,0.9399772827542877,0.0012547477933087523,50,554,0,0,0,0
0.4878360817469396,-1.4268651424681593,0.2925716824299874,-0.5021836408532234,0.1574667180483038,1.3505649371349482,0.38014050987926495,1.6454216080372106,0.16766673349507047,0.9378635250269052,0.0014589409734123834,50,555,0,0,0,0
-0.1847751184237616,0.7717899224281926,0.1776426708297426,-0.3449108172601578,3.1566405344322552,0.3278785496393013,-0.2970803521852128,-2.025242034981388,0.2785909242807176,0.955377448664228,0.001216674385051315,50,556,0,0,0,0
-0.32240469619934675,0.06859659509690541,0.19442119494228233,0.049903787873629035,-0.8796526161530283,0.23506095262292137,-0.16782998523755932,-0.2176054258027662,0.19109185971365344,0.9241664048654973,-0.0005744275057654648,50,557,0,0,0,0
-0.0031908496534240882,1.1004909860157,0.2661341745635077,0.16175100674490128,0.18355675875413535,0.10410653187383231,-0.1129495047987179,0.9291558909211481,0.2549960317237155,0.9485433462388714,0.0006646229244663274,50,558,0,0,0,0
-0.26699407070237857,0.48359794685479685,0.13328650781180953,-0.5968024319613026,-0.8263412840455677,1.2935675001974734,0.11803180725333551,0.9316832390691712,0.12219168803820243,0.8971923879919816,-0.001569646367950944,50,559,0,0,0,0
-0.2600209337735988,-1.5516332479599892,1.209170752088105,-1.061046158186418,-0.43613760741954,1.46742318320826,-0.46785090769007365,-0.2784074733418098,0.2001887599050261,0.9242127779224774,0.0016194878701452859,50,560,0,0,0,0
0.1428435550137772,1.2131041298741119,0.2279942204767677,0.17959681009580208,-0.5195233413858151,0.35470091065927367,0.23327854833982542,-1.2406397431768896,0.2705309994809,0.9559608529780745,0.0001458673114513578,50,561,0,0,0,0
-0.46695440273964905,0.3731123722903975,1.2061851511441959,0.4634240405794605,0.9975726830604366,0.21607480778270463,-0.31805591420111945,-0.996044676273379,0.14326305624003915,0.9653735503194641,0.0017145186240209557,50,562,0,0,0,0
-0.10265768232782069,-0.9758680210144579,0.22948852624446656,0.9218891314982862,-0.17452958191698276,0.267213234111652,-0.25946136295533684,-0.5328130376594169,0.12111825951291516,0.944356262090545,-0.0011658058383241358,50,563,0,0,0,0
1.075581851777467,-2.1734465351443477,1.41827790030006,0.06342225518847666,1.3247514365972801,0.12517728898211153,0.542514116434047,0.685537981063435,0.21687417435159775,0.9462098562767663,-0.0009999335960204061,50,564,0,0,0,0
-0.6186564217565715,-0.6824708398657497,0.17829692079941076,0.5351709122301012,-1.3363211435670017,0.23254022025238325,-0.03278425960211795,-0.6608493455759445,0.1866528783352872,0.9140630060116941,0.0008456438187715793,50,565,0,0,0,0
-0.038524482756718825,-1.6665337069805046,0.17237767993117803,0.4863922007381616,0.6542576194900995,0.17397421107717936,-0.7058374827300966,-0.210387147081196,0.45434358201912506,0.9464581201646116,-0.0006504912215700919,50,566,0,0,0,0
0.23639207191204736,2.5774979417209396,0.38544257589630976,-0.3436750607231218,-0.3969655755521764,0.09446613414497133,0.10816913037627351,0.8538635956752385,0.05010997112703829,0.962044244857936,0.0015203920196970656,50,567,0,0,0,0
0.1501152244998023,2.8441255702840067,0.21444385081658107,-0.005723177607256602,-1.0497849440086178,0.28237785133222687,-0.05118147458864453,1.5012828512121752,0.2317106258140617,0.9369963567329187,-0.0010797631242403067,50,568,0,0,0,0
0.33710011244832216,0.42743247018391006,0.17084711212557255,0.22436498531033866,-0.2860395743295827,0.23731651893532918,-0.3000778518428815,0.24975925942690225,0.08503151273836579,0.9520388070356905,0.00017587679926247244,50,569,0,0,0,0
-0.523026696390513,0.97706675615078,0.1495051815753097,-0.41614891015707567,0.8907570611924438,0.15825570848574358,0.23593716976044554,0.6513387197750564,0.11901130940770036,0.9185959537629498,-0.00014863759036721984,50,570,0,0,0,0
0.2551214985154804,2.403123265584597,1.2960629576909342,-0.05217714194746215,0.5114164511574231,0.24890160854050025,-0.158970158877481,0.5289738616626192,0.04847438589585382,0.9290997459591872,0.000673290572649375,50,571,0,0,0,0
-0.3422907266478319,-1.0370956440717176,0.21873252174027055,-0.574777085703861,-0.05127224300784761,0.2350609526229214,0.9388507000508532,-1.652503805365221,0.3682535330223106,0.9315729648097434,-2.9610030296459e-05,50,572,0,0,0,0
0.23676930957259046,-2.9800817012710636,0.5061732662413,0.027202174365215548,-0.20133022571439696,0.0835892081344526,0.4271338118569554,0.11548092862143022,0.2307623026470418,0.9412057666060748,-0.0010248016734641621,50,573,0,0,0,0
-0.38324908113970757,1.0022216839575133,0.13369880427203754,0.31353075552412246,-0.22508275107992937,0.16899478521629707,-0.06876494149009105,-1.151110822320108,0.20024460683718479,0.9492834791812373,0.00012036172678902459,50,574,0,0,0,0
0.0965310563178381,-0.8757903490423908,0.08573204523022104,-0.03810476134382057,-0.1770944563600878,0.37752527119699286,0.08481750573267632,-1.0032291492118102,0.17521715633897722,0.9444534790473875,0.0005320843282615119,50,575,0,0,0,0
0.023050487593287095,0.24970281160725527,0.20221190583882342,-0.16795096241086416,-1.560580016393435,0.09446613414497135,-0.06893107854624869,0.5777758772032016,0.20259897594748855,0.9460165193846444,-0.0008832677270572252,50,576,0,0,0,0
0.36835180519253274,-0.5695564496363374,0.0808211259641785,0.27760771950716556,-0.5728990846867488,0.17522911144707853,-0.687138254582397,-1.3511599832639387,0.13328650781180953,0.9370130787516128,0.0026192029895838634,50,577,0,0,0,0
-0.108597082916285,-0.8218081279619343,0.10750419317386525,0.33571100645710494,0.3246052732439235,0.27829648402587814,-0.30109723439833935,0.380225427444282,0.22991223338049166,0.9225593184027442,6.742534269848425e-05,50,578,0,0,0,0
0.1157623597628854,1.1107322681474319,0.1940786272627736,-0.35955212155339655,0.6237295921853114,0.23649050941513083,0.10493207828266904,-1.1824698895439703,0.18235422835940765,0.9294791291559662,-0.001705633235755235,50,579,1,0,0,0
-0.29289783163663596,-0.5911075812946116,0.18006216575334155,-0.6589429444973298,1.267842218909923,0.4510836985207881,0.03461345315866193,-1.2295534742822607,0.11408246920850443,0.9279646781891386,0.0014162459209360707,50,580,1,0,0,0
0.3219888500865693,-0.8170132896454296,0.20813654299735196,1.0180644337438505,-0.9725602088915073,0.21340733978249904,0.14709946639656568,2.1905731856742463,0.2245383014885321,0.9303795338452607,0.00040399607849994217,50,581,1,0,0,0
-0.1749324872383502,-0.9858804344697738,0.17920376409933067,-0.24307346725044265,-1.2095832532570991,0.26490057482086254,-0.13892516336643368,-0.17109231083766652,0.1386719846045666,0.9154737593443701,0.000634616092766843,50,582,1,0,0,0
-0.3395808631812125,-1.2764788519548018,0.13328650781180953,-0.4804743895129322,0.2731001023539257,0.08400150459468056,-0.4992651814903386,-0.15629328476111848,0.07589228576498258,0.9002501804907503,-0.002051204938248566,50,583,1,0,0,0
0.04352228479695608,1.5649717662551508,0.25999532290903227,-0.6874324779227043,-2.2233959958975724,1.4180586410395584,-0.008675338773062258,0.5457370889305864,0.04200075229734029,0.9326427494407682,0.00015789666529881897,50,584,0,0,0,0
-0.31535515373283207,0.10378281988221438,0.2202035095802266,-0.2661838826969376,-0.5966937868385189,0.19687076917939952,-0.08580969356720214,-0.8267828959578791,0.4116347299219186,0.9366498639293911,0.0012492411151755433,50,585,0,0,0,0
0.19877221251886024,1.1385056324188634,0.09945724523506402,0.10912964828482608,-0.6926711917637896,0.1490928851150817,0.10109298937178401,0.7995621139479603,1.350084314603316,0.8774282321374794,-0.0012834282067849937,50,586,0,0,0,0
0.6206571754141299,-1.4096106323176505,1.4349716369247807,-0.10075657449087139,-1.7846383432237083,0.3549361131906843,0.38110053429515567,-1.3502713051011153,0.2427340513501437,0.9162619370902405,-0.0013341057448415037,50,587,0,0,0,0
0.14954827386329583,1.0286668691990197,0.21140908824019872,0.14427342502412266,0.4261136279262132,0.15413998225055794,-0.48644655300390127,2.0013799797804737,1.553640694133834,0.9383141937104805,6.712854605769425e-05,50,588,0,0,0,0
0.40014994109091173,-0.7404700029807278,0.4182611122805118,0.3050270091008249,3.4209557584292316,0.39288992749758456,0.575494082936058,-0.12395488839317537,0.1001577777269193,0.9367483908505448,0.0014282059765088697,50,589,0,0,0,0
0.3906643201628164,-1.2362052085756376,0.2783630277981036,-0.511308543562321,-0.2915795793632361,0.12517728898211156,-0.8054578668126071,0.026676121969405386,0.40277347901450067,0.9010246769522383,-0.0020081909827361437,50,590,0,0,0,0
-0.21583313611681643,1.9437431758032666,0.2512544000348587,0.27813532768030136,1.7313907702321245,0.328960292059995,0.1824950055540251,1.1007512812657048,0.29542367301833516,0.9212119348317276,-0.0010119318653117287,50,591,0,0,0,0
-0.16557092793738004,-0.9012112052716938,0.11137945375703624,-0.0801201678823702,-1.563025997602769,0.21032112466852143,0.37408868960885666,0.2969474892256425,0.1759296439389338,0.9174465599021268,0.0008002641489917584,50,592,0,0,0,0
0.3695137752484614,1.3920701885329159,0.29933558864233883,0.18697313244981384,-0.8695650700233211,0.32811845761965547,-0.12551421668137142,1.3071527726787568,0.4615739831087156,0.9258474347852902,-0.0014080363990217383,50,593,0,0,0,0
