0_mean_shift,0_var_shift,0_psi,1_mean_shift,1_var_shift,1_psi,2_mean_shift,2_var_shift,2_psi,mean_confidence,confidence_trend,batch_size,batch_id,ground_truth_drift_label,adwin_alarm,ddm_alarm,kswin_alarm
0.1476884241830314,-1.6643168340760424,0.22838129058543283,-0.0755010081458023,0.6285931169786672,0.32804706338213035,0.08450500927824844,0.3177832540644303,0.19407862726277358,0.8515841918066865,-0.001124300528050291,50,0,0,0,0,0
-0.9007876175223135,0.04360682400053584,0.3158564772460837,-0.43952684660497976,0.310292989279338,0.1633674724256334,0.2184229895518346,1.1097552371316732,0.10913872720489531,0.8373279515552398,0.0006508131652245292,50,1,0,0,0,0
-0.18261846018517947,-0.3423567318966487,0.1093715227723969,-0.6891224545007342,0.8146313259838092,0.33241771868909253,-0.49567494649678423,-1.0777361192139505,0.18949697478162117,0.8718870856701932,-0.00040172450251165713,50,2,0,0,0,0
-0.2447717899307449,-0.3972173331777391,0.38551480458119913,-0.23587338138389313,0.8675887682020758,0.45379586118960424,0.4022559408205808,-1.167016161335832,0.06972630619057138,0.8467354159763373,0.003611551315041361,50,3,0,0,0,0
0.44023853150184333,0.024613223465917322,0.19788919611659203,0.9004419662256113,-0.18067117511177777,0.292403165217483,0.1081616467856481,0.6014904533142991,1.2575532436254693,0.896185885365375,0.001349267548102747,50,4,0,0,0,0
-0.1169918780784549,-0.7600946697113562,0.19687076917939952,0.24186342499473046,-2.0309533037670597,0.36895088271182,-0.5495348207800976,-0.4123655749927302,0.21038496636507203,0.8887468523640155,0.0019193025484369709,50,5,0,0,0,0
0.40444478700483977,-1.0717681395375012,1.379046396778205,-0.05380113161920441,-2.292829704375758,0.3293089576499223,-0.7809096211216291,-0.8596653452932106,0.14583477618317447,0.8790101274334249,-0.0010538635658958724,50,6,0,0,0,0
0.2819568086287303,-0.15045735448332742,0.12517728898211156,0.6984453961518993,-0.21352044320808972,0.24848631786458455,0.17345253191714516,0.3063963446566129,1.2185171102930183,0.8918104538586565,0.0006814799918117213,50,7,0,0,0,0
0.017602338218374314,-0.6977404785304948,0.18450962498228568,0.12306883097990973,0.32421146462481687,0.18728306855860355,0.07192955576789206,2.534071937621773,0.2657721074600616,0.8897535451920531,-0.0026226552930480418,50,8,0,0,0,0
-0.4111186975262964,2.0623490484915115,0.26706553389631016,0.06664035725478801,-0.613992339160859,0.17805496728997058,0.7150000440042028,-0.05139264118170317,0.18235422835940765,0.8767986164021541,0.0021527318490595078,50,9,0,0,0,0
-0.1971261322305864,-1.3965408194297986,0.19750095940271586,0.3099364002227363,1.8188594821388824,0.29863749144826446,0.2426588629429327,-1.6494525335264587,1.2693332924093101,0.8652017982132618,-0.0007921147114361721,50,10,0,0,0,0
0.37258442208377573,1.3579089508480067,0.2059283111761174,-0.1613418427640747,-2.229612486239385,0.40076026098396333,-0.6935717970948589,0.9836709430058708,0.2813353646486826,0.8754412821099189,-0.001362986001625566,50,11,0,0,0,0
0.4612493231151866,-1.2474312686538793,0.1298888465117766,0.14026495470664724,0.9112383706710192,0.21340733978249904,0.5959319125942502,-0.9465119486296896,0.36782828378757254,0.8840109147487409,0.0007884235063080903,50,12,0,0,0,0
-0.32957864751420995,1.4625478237797527,0.15227265265202627,-0.35265196496768336,0.5978250609825739,0.17008389248558742,-0.35135221908586,-0.8994090946892719,0.2142895553235086,0.8894518624191002,0.0005573973319888875,50,13,0,0,1,0
0.10387389940272396,-0.6027980958228252,0.2083801661709429,-0.16194359888398502,-0.036716613931398356,0.07060578024166754,0.2734754186217492,-1.4390261457664426,0.1326569286820507,0.8924011623035943,0.0012285298759256243,50,14,0,0,0,0
-0.4787427492793954,0.48135777720234874,0.19344904813301475,-0.07717343844799807,1.4333968719792978,1.4622979126186246,-0.5978885652616048,0.38015298687190757,0.1806050360238491,0.9086263371957465,0.0025374589684531205,50,15,0,0,1,0
-0.23068296357214813,0.7612917358816409,0.14860419289946306,-1.3795392549128458,-0.2625348430387682,0.3894714979711275,0.2103917978781613,1.8121229933691492,0.10444459503439951,0.8371080015251404,0.00020005946532990098,50,16,0,0,1,0
0.08776097013709006,-1.356371715402049,0.4971241370854708,-0.16488370963173526,0.920045529746286,0.4124507579612342,0.4480106274807909,-0.45067307601601314,0.1692251533700492,0.8877121523329792,-0.0011197782675694027,50,17,0,0,0,0
-0.45301407199363286,1.1680050949214493,0.24613242096515103,-0.47736286651075144,1.6266446032725188,0.14756170621591874,-0.4921270070837984,1.021169703256314,0.16430388948236055,0.8802493098129834,-0.0012589166876934828,50,18,0,0,0,0
0.5642310710721574,-1.2089717865888234,0.16717804127945182,0.10712775234467564,-2.913024476223608,0.41893445453081674,-0.24843495688771355,-2.9116595943539645,0.18422094686438178,0.860474929734515,0.001704047067442546,50,19,0,0,0,0
-0.6163903091369702,0.7911579519069889,0.28538727591838364,0.4596342290326838,-1.0953261091938646,0.1972590058932757,0.09285857858464563,1.2873609392521743,0.15290284287534264,0.8543969120397102,0.0019373114772636667,50,20,0,0,0,0
-0.11976391108230278,1.3214463599968571,0.21467421897033323,0.14149418454043072,-0.6370779322223328,0.3529918323251085,-0.583758888987056,-0.6701437599753239,0.24411849461963925,0.8883168584960428,0.00029923876958900793,50,21,0,0,0,0
0.11957905248859912,-2.0566401382729733,0.30759318262363117,0.34812647303755284,-1.146870624274655,0.31780067481087615,0.1853267204178506,-1.6249491943411112,0.10320554319798568,0.8683082263593334,-0.0005816262284650848,50,22,0,0,0,0
-0.2998264591048123,-0.02805186310892349,0.26206276386986915,0.5678476716597185,-0.997593534190548,0.12753282469762633,0.24934931650236614,-0.626029788803879,0.16807902995529844,0.8818964234993777,6.267440845405459e-05,50,23,0,0,0,0
-0.22879407774711247,-0.1629740548790135,0.17827286105305895,0.22664128327681965,2.1031537562450726,1.4499604947991678,-0.3446195256366842,0.4902959245327585,0.28198937851424655,0.8820125503720315,0.0012231953306485206,50,24,0,0,0,0
0.4194102987797601,0.17002249810016146,0.17917384972890557,-0.6437963166939413,-0.8874647805588438,0.28944458347838053,0.4291228308797468,0.8279982827932262,0.24563647781036577,0.8473938369972792,0.000949847275605046,50,25,0,0,0,0
0.39261027453182695,-0.1401563176713001,0.054708712126635285,0.35316608414919326,1.0768686236384895,0.352032276053857,0.1803653288942071,-0.8811093989877739,0.12835766761261364,0.9070838086817576,0.0008713532124370802,50,26,0,0,0,0
0.5177496412452172,-0.06496595564164309,1.3301258840711445,0.38836962992054946,-0.40455296287142417,0.2842117589515662,-0.131617963836967,1.4308604367833855,1.3313278396045374,0.8682818600187316,0.00016456889711230765,50,27,0,0,0,0
-0.2766008924997605,2.749933854921231,0.24453300211402743,-0.22956228876329554,-0.9818514037381281,0.09939497434416725,0.09820884034215815,1.9879957929684942,0.20155826696271276,0.8899070241152954,0.0009455583889171981,50,28,0,0,0,0
0.754340746246891,-1.584449921539088,0.21070819477718652,0.39655967492985056,-0.1380874887980994,0.2516666964950866,0.3065744616944066,-0.7566729144445139,0.19344904813301475,0.8824783072180469,0.00023421248677107438,50,29,0,0,0,0
-0.12806180627261377,1.8053907233397624,0.1375857688812466,0.0662276347524342,-1.90095464338739,0.3080898260958943,0.12061285306900604,-0.6353161081155214,0.16815042419282356,0.8980348517349487,-0.001581989453567852,50,30,0,0,0,0
0.5685508723946118,-0.5889032280437192,0.2508303174053315,0.2687800253352446,0.6701484188039517,0.08854752691936724,-0.7965971149679287,-1.0065556183820696,0.20155826696271278,0.8970495273895694,-0.0009737840446353441,50,31,0,0,0,0
-0.08990198755891754,-1.4107027358473916,0.08035612065345048,-0.4929948981511467,1.3548881627942482,0.1887964422897659,-0.34794240144204114,-1.8488775501482726,0.11789303806232286,0.8815105429538869,0.0008546605868340395,50,32,0,0,0,0
0.24011370501095097,-0.771545042124103,0.17584734656229356,0.1488240085225332,-0.5187721983190956,1.281812555452413,-0.46581114465787543,-1.1125342220892618,0.20592831117611737,0.8769234667897279,-0.0017232069054480407,50,33,0,0,0,0
0.20176739847080327,-1.8869736858339978,0.2833499981414944,-0.6658185823141531,2.5075529693940446,0.38818014766668796,0.9280853555455426,0.6634763705578974,0.24933111316268688,0.8501492100831655,-0.003558436415963252,50,34,0,0,0,0
-0.006703819299594294,0.7304157911459495,0.36775688955004737,0.08935581721255215,-0.39460045203348315,0.20495616436684985,0.3912417868287239,3.4009865722079278,0.43467966245055745,0.9026497026795084,-0.0010165346013242089,50,35,0,0,0,0
-0.7416264637472256,0.18923566498126654,0.32828822395807455,0.013417958376605199,-1.052464201859598,0.19269653843602025,-0.17909884745360305,-1.3171043165874607,0.2574215462144809,0.9081308607148729,0.0004215750367660262,50,36,0,0,0,0
-0.2594384663707334,0.02058326108993569,0.08019093574086214,-0.10030376580349998,-1.0575713909712618,0.20259897594748855,-0.248940094379555,-0.22761297684883708,1.2345407702658213,0.8656604154956089,-0.0007076406595470544,50,37,0,0,0,0
-0.7981116893309252,-1.4167108912822997,0.38007092883698995,-0.20941705441650615,2.5336131096021237,1.4342951964721804,0.5886996761069625,-0.9011373172934265,1.292618698318964,0.862024437612098,-0.0015650803029453307,50,38,0,0,0,0
0.04331200528305157,-0.36760141596216833,0.1484626948917654,0.02502589276664846,-0.5458255126352594,0.03583477272292909,-0.494694626852354,0.3556991058685668,0.11408246920850444,0.8876478658301623,-0.0005764225438845643,50,39,0,0,0,0
-0.6720664400860858,-0.1585776352954742,0.24681541865649242,0.17805508648179025,-1.1532379562447783,0.23156166921593493,-0.7250348925282513,-2.2889906234899158,0.25569454801843594,0.8719562245150972,0.0008881104365963745,50,40,0,0,0,0
0.2694925064100442,0.2634168067447682,0.180216461246414,0.1906242165930463,-0.6194588701191588,0.2723263237483489,-0.14053959952071082,0.17470681323284332,0.3252806466686621,0.8707051280255418,-0.00106793016757204,50,41,0,0,0,0
-0.22771252920694085,0.8559753890487372,0.11302457607775138,-0.5247503937501881,-1.3550464649747518,0.11068457180436732,-0.13024371259031486,0.535973885992874,0.25085419576345336,0.8403539430802788,-0.0037068501908949073,50,42,0,0,0,0
0.5962703185878162,-1.5312766757630296,0.2800239544327933,-0.32788039628199694,0.029286394863586196,1.52355972952001,-0.2537258199904482,-1.3647926434957602,0.13702697289545532,0.8764305003834059,-0.0010904296294671305,50,43,0,0,0,0
0.3945213769418894,1.3743172335980143,0.22325921429430834,0.2218498356609091,-1.0655403699178807,0.19747689965636406,1.0767216815558251,-0.2691800053725233,0.2206158060404546,0.8706109670969091,0.0013640412577606308,50,44,0,0,0,0
0.4116315761827325,-0.4853255942519823,1.2793092297439823,-0.04096213054382947,0.490283635050746,0.2813365312538935,0.05537210015432148,2.691176575391422,0.14430918885686525,0.8570065199222876,-0.002318960337898591,50,45,0,0,0,0
0.5004187819268235,0.2678650205847237,0.1502822354121186,-0.7089681229716911,-1.2315187485969616,1.266347691465401,0.5719129950902424,-1.500788149596941,0.2647062693451398,0.8635939689546227,0.000775123006291128,50,46,0,0,0,0
-0.17216019610114408,1.5319564506300996,0.3199384556459899,0.17390130462703635,0.3632248318060709,0.266537823498376,0.5511369060538875,-0.519988550967942,0.2550643577951196,0.8704976303700624,-4.155167259017006e-05,50,47,0,0,0,0
0.23981354469863891,-0.01141194043300331,0.25076570781924,0.07917893192865488,0.23293334016092704,0.2009994709769215,0.2425948434385914,0.5740460321430554,0.16377860228065036,0.8571142109934736,0.00295519424459382,50,48,0,0,0,0
-1.1326493544436476,0.139641641196393,0.3993044234769427,0.36206209637437325,0.8896924762788032,0.4511953329926337,0.1641970705296627,0.41256489929333995,0.21500896966778285,0.8777385788662387,-0.00121187230970638,50,49,1,0,0,0
-0.09319980921579862,2.2707331430451365,0.15777310918618012,-0.7932899215435247,-1.5301577346865542,1.4451187462189354,-0.28135065100171364,-0.4916396564835317,0.15664330795898843,0.8650356181943049,0.0015700768470229137,50,50,1,0,0,0
-0.40118016560549563,-1.286104591018872,0.23853417881373937,0.5910958412108194,2.1180403351751194,0.2835458174383764,-0.25236932380603694,-0.42015904042365193,0.11106749604261607,0.8825251379029276,-0.000666848564196364,50,51,1,0,0,0
-0.26752250457787063,0.5539337288459478,0.08019093574086214,0.1974742411957644,-1.362197633484449,0.34401980394563697,0.5149789916976273,-0.5042777457506142,0.28478500621192554,0.8863491141519791,-0.001590848350169863,50,52,1,0,0,0
0.5612203450490982,-1.5387561355523145,0.2684684046480348,-0.23805816725514095,0.6596944185927569,0.22221531101102163,-1.0272883677047444,-0.5443829336888752,0.28582570338309354,0.8693068709644645,4.449253926733079e-06,50,53,1,0,0,0
0.09503020822609631,2.3447165684958406,0.3258330256743133,0.6833922419908385,-0.499213504251399,0.29165708803973567,-0.4450927563467362,0.6958262044348746,0.19344904813301475,0.8786646565969026,-0.0008625833344427277,50,54,0,0,0,0
0.6727313339877199,-2.9311232763053656,0.3859238095214993,0.2148842540616469,-1.1277064402935384,0.24320717288011015,0.651661221387382,0.13483197191469287,0.22498339318129576,0.8614777375128934,0.003732881241419032,50,55,0,0,0,0
0.18432875024688133,-0.6547072354431016,0.2459144299806458,0.4512834623847901,-1.376944939867636,0.16273789329587454,-0.3132509153501317,-0.019357156603920345,0.14479362404564464,0.8968754501118552,0.001628829624764884,50,56,0,0,0,0
-0.0027897897775783775,-1.1228504960531138,0.2904870701619249,0.1048826097585831,0.8817280354643149,0.15095960362005584,-0.23205459833285236,0.37034573125906434,0.19344904813301478,0.8734228284633357,0.00021990983727273323,50,57,0,0,0,0
-0.742944536649139,-0.7210873109774578,0.24569511677613803,0.300558763433016,-0.6520444424973677,0.14797400267614672,-0.17526401797244073,-2.057260659624829,0.15657191372146334,0.8453376725630457,-0.00020312085945119982,50,58,0,0,0,0
-0.3406454077686334,2.0457242588554774,0.2128849166707149,0.08470297902862978,0.4879440767622132,0.2439695380215125,-0.17243858432216985,-0.6315748839992219,0.08074469543088557,0.8703610611893237,-0.0017430184925295673,50,59,0,0,0,0
0.09749637589491122,-2.0904378719541032,0.21537231616440755,-0.2152062538149977,-0.08072317333593748,0.17584734656229356,-0.017599749730129233,-0.9991841450933725,0.2124351929732315,0.8934648153294305,0.0006547291539939338,50,60,0,0,0,0
-0.501618365371284,-2.8133257540328698,0.41993957422089445,-0.7356516881529442,-0.3301898962457619,0.1752171563389772,0.1419072099020129,0.4272671747965582,0.1032055431979857,0.8140158194782571,-0.00024097769968851993,50,61,0,0,0,0
0.5824636699819381,0.2906908134447681,0.14797400267614674,-1.0126040369232285,-1.186654643941317,0.2084398927395517,-0.19964384391964174,1.1280590028083841,0.291941492206671,0.913012362998853,0.0015132364211117848,50,62,0,0,0,0
0.04796822875769191,1.3314432838255446,0.18533817659947024,0.5043418016884882,-1.1419779697699912,0.22928416807189206,0.3686003604790251,0.015515816698943752,0.12049254510439447,0.9292982847164264,-0.0005037060604732409,50,63,0,0,0,0
-0.4308935051040068,0.6863637118299337,1.2737734403928875,-0.5271351120291188,0.7943178688341943,1.255882450821553,-0.24083212541157994,-0.2236895068909135,0.20220556650877028,0.9475106564876284,-0.0007944662892994412,50,64,0,0,0,0
0.44978847115841347,-2.7623901846649375,1.6658156102991641,0.2622565718001466,1.4922194497001087,0.2687008303161881,0.9952149178537182,-1.471748425505825,0.3935495737575484,0.9168239803331428,-0.0013263400978920483,50,65,0,0,0,0
0.21862472199808192,1.480012098405001,0.21537231616440752,0.2614561197295133,1.2448585552778555,0.2742924561447765,0.10460607278963163,-0.061832305356747774,0.08358920813445259,0.934770327639976,0.0001843508065640782,50,66,0,0,0,0
0.2662034029712297,0.5207629969970924,0.12712052823739833,-0.15077201843029986,1.2451567055599444,0.34288351484459434,-0.5484207147849087,1.4647033633374846,0.10545745812419018,0.9192903219799069,-8.290175632233738e-05,50,67,0,0,0,0
0.24244235132755865,-0.4478814544654224,0.230254426070547,0.917332166291219,-0.7970351955506452,0.22061580604045458,-1.0066788360003889,-1.9644069437940868,0.3148028154867977,0.9162312111345002,7.950267865391532e-05,50,68,0,0,0,0
-0.14292320478214737,-1.013246554008596,0.12712052823739833,-0.5966182244842893,-1.217665152555397,0.10410653187383231,-0.07903505552298107,-0.46572107661895235,0.14756170621591874,0.9037258581108475,-0.001749532533834003,50,69,0,0,0,0
0.07019806872319556,-1.6826206795065675,0.30500477758712774,0.39993925260086804,-0.18984523186508362,0.6065638369191143,0.9371615205527268,-1.202901575089184,0.386413668342329,0.914223618319392,0.0005936005529155868,50,70,0,0,0,0
0.34900007914889297,1.072163738037471,0.11408246920850444,-0.7777964677702718,-1.704328003268163,0.19781909234641942,0.08225927519640841,-0.11293782136698738,0.1328359420292075,0.9235853756507588,1.4919289618367934e-05,50,71,0,0,0,0
0.04035511861939689,1.0207630944422803,0.11408246920850444,0.39697821915783393,-0.2488619533324492,0.26001725774066736,0.09866658662037064,1.1179371176082036,0.20882846751698686,0.9209154254746035,-6.277956039781723e-06,50,72,0,0,0,0
-0.005602099679133943,-0.22499426596041872,0.14490631083534802,0.3594756652608293,0.035248561677075685,0.25596534647096625,-0.022512883150626273,-0.9161241233312989,0.14377557209790548,0.9099075824126559,0.00016883792369175942,50,73,0,0,0,0
0.3909920166766181,0.12513881282814054,0.038602854893203184,0.15656250027534124,0.09873069712406313,0.17917384972890554,0.2508752899923392,0.4322912684860736,0.345938052953465,0.9119780892027596,1.7715188484805728e-05,50,74,0,0,0,0
-1.3004750440261685,-0.6675407108070965,0.3233385740185863,0.3796573597895625,2.0249243881294863,0.2544771848580991,-0.17558287680529627,-0.7374226393669909,0.15906882244975384,0.9212680782590776,-8.089435513122319e-05,50,75,0,0,0,0
0.3840765842608169,-0.1931727423867855,0.10750419317386525,-0.34891708194942606,-1.6381097450062416,0.2699008092575836,-0.40166409457023544,1.101040961292334,0.16094195793486799,0.907240440597536,3.080849687112362e-05,50,76,0,0,0,0
-0.8327962434436627,0.0018156422874291422,0.37269251440067686,-0.4480570161992157,-0.9723103972313307,0.15906882244975384,0.5634590477882879,-0.308611809124379,0.19503076852054735,0.9196735730567595,-6.513386339483871e-05,50,77,0,0,0,0
-0.6493289017005184,-0.15583563530530675,0.41250626256111755,-0.3075490861940864,0.8422828600756205,0.20563919771287942,0.16587573195174166,-0.8698570918330288,0.22491445601633414,0.9153488060775474,0.00017124264718806065,50,78,0,0,0,0
-0.017529822994283073,-0.13505847268996973,0.20454221520277538,-0.1978857042789448,-0.01148640573278037,0.13287421135158156,-0.23556203686539856,-1.6188464143088508,1.3991514240573566,0.9069484988177515,-0.00038993216455901795,50,79,0,0,0,0
0.8397260252966703,-0.40003409897866593,1.2115400955569702,-0.3393800315090507,-0.4189949756184994,0.21070819477718655,-0.5074778242601425,-1.011914288422429,0.21752959092647692,0.9066480705734729,0.00027848160184002494,50,80,0,0,0,0
0.3037264359711358,0.48069194939085236,0.24359574765754527,0.4321472872960124,0.3809392379082599,0.19109185971365344,0.21497232286792833,-0.39535548155162736,0.12088790014821459,0.9086655216503975,6.501149423485234e-05,50,81,0,0,0,0
0.06291407599256793,1.38631480008576,1.2545694017895823,-0.7845510462574579,-1.1718108933237241,0.2999817738714074,0.07250438117956648,-1.6756611787836482,0.2556244442482633,0.9032927180978794,-4.257063918649806e-05,50,82,0,0,0,0
0.4838336991653476,0.4647232755743538,0.31896852980518164,-0.36189956194101125,0.6309577833749813,0.24224535913452505,-0.07285512728975885,1.8334867354905322,0.185280632470591,0.9042086636407185,8.581531347188451e-05,50,83,0,0,0,0
0.19235064106607958,0.7779177962879853,0.0808211259641785,-0.08703138811457034,-0.24623244697500546,0.26616034417393775,-0.009193415512075198,2.496657809306874,0.212109620732054,0.9073962095016675,-0.0003577620971187051,50,84,0,0,0,0
-0.4412714918662175,-1.5523137627265768,0.2667893677920431,0.7094863547378552,2.214064679944359,1.5674468061810791,0.46914449769315336,0.05538614419654664,0.12517728898211153,0.9125000146372837,0.00025175984969992663,50,85,0,0,0,0
-0.5243057117851544,-1.2155330974311873,0.18616301951445755,0.43304709573121425,0.5203804621025281,0.4092607684612851,-0.6990427914141639,1.9976254033420107,1.3640174175387867,0.9114577167496408,-9.485380108233017e-05,50,86,0,0,0,0
0.05568314983504141,-1.6163428744598,0.2641459595381893,0.9557617946347712,-0.30983928663446036,0.15290284287534264,0.11295251063088863,-0.5768679795494975,1.2991434585706036,0.9116474071640224,-0.00024711809142210047,50,87,0,0,0,0
-0.2175743807028221,-1.22185991818007,0.1785436595055892,0.8944138994704289,-3.0158475102523514,0.35023670292934456,0.6200689271219426,-1.5731839900040452,0.23586031919181452,0.9147469125554598,0.0002047205551554851,50,88,0,0,0,0
0.09902740520731168,0.8400490507077887,0.10597325037880645,0.5714514658179946,-0.24955720921300184,0.1608033789503803,0.2945767259748706,1.048026645175387,0.21243519297323152,0.9137074223064852,-0.00010147578402165641,50,89,0,0,0,0
0.22250049587734377,1.4454344640039434,0.18863823566608293,-1.1224023287987848,0.9516127788943933,0.3596476707203494,0.5586092087247909,0.8682802175135595,0.18235422835940765,0.9023933474338413,-0.0007887196477767792,50,90,0,0,0,0
0.45751365783117226,-0.796219366863351,0.2245963230726306,0.09112172381851913,-0.983310859265492,0.11471265943182078,0.026025018362109797,-1.0323172657538056,0.2699008092575836,0.9259747409728553,0.00044605652551011374,50,91,0,0,0,0
-0.07540921392343769,0.35713563587769404,0.1595575146653725,-0.18945153530108527,-0.7872894440992626,0.22491445601633414,0.17406087289137417,-0.39207338577924666,0.4643462003980582,0.930384626320321,0.0011610379227980925,50,92,0,0,0,0
-0.2834872118730649,2.668373113747112,0.3196911058462539,-0.6390905785704204,-1.2719636586692147,0.30233614298171113,-0.5237233502342331,1.0127310414612225,0.1810862876284682,0.94533775601404,0.00028362625631384996,50,93,0,0,0,0
0.011962177823908071,-1.9299048853848388,0.29956595679609094,-0.3038866331516541,1.148862201131216,1.3090759935350706,-0.016681081847966794,1.1842433642430432,0.3434411442251745,0.9288229900109742,-0.000982748390090047,50,94,0,0,0,0
-0.14211768772548616,-0.4777386203263685,0.18434898306082176,0.21458849901579136,-2.4641336469525,0.2469551389654216,-0.14555731093546775,0.12285312367244217,0.2536696774525996,0.9292407173582385,0.00013201434496505653,50,95,0,0,0,0
-0.194462447651933,0.9443370688400687,0.24411849461963925,-0.05444531464392721,-0.18247992114638656,0.2924318232383709,-0.003974954243378015,-0.9284071900329387,0.12712052823739836,0.9234280906427217,-0.0002859489237113959,50,96,0,0,0,0
0.5368294826004227,-0.6233805783192725,0.5043815605653782,-0.7028612041462337,-1.0248309209277169,0.2471982590800728,0.00487120006956232,-1.0426986189854084,0.1298888465117766,0.9492701365273649,0.0010970235869683387,50,97,0,0,0,0
0.9679245160360104,-1.75509854692248,0.26706713272351634,0.35011013565389604,-1.9115424591877064,0.3096926225863892,-0.09721672347778032,0.09922127551772952,0.3085021225561223,0.9631609645248056,0.00021227448753049734,50,98,0,0,0,0
-0.4172686444756444,-1.7756637076954824,0.09980727080439523,0.8100120775662498,2.5003967707321246,0.29296353151766774,-0.6448448054969891,-0.3386347716900886,0.17592964393893382,0.9639792949220443,-0.000715108628873812,50,99,0,0,0,0
0.5168952647455756,-0.4287091580077682,0.24141934961432673,0.5997644515176495,-0.6648106380926855,0.22353001274683862,-0.06278747298876919,-0.1855622774668948,0.1048331698118346,0.9589922616194301,0.0015705299452465596,50,100,0,0,0,0
-0.2247549755621554,1.6425684405898737,0.15906882244975384,-0.6146872620450745,0.8461940217463937,0.25977591532478467,-0.665143643970139,-2.4296843972742144,0.3586898921478665,0.9580842992023716,0.000254539535026204,50,101,0,0,0,0
-0.46966551394400113,0.39702561051959506,0.08934264125410449,-0.4518883226766661,0.42943883090655,0.18434898306082176,0.3723978272951678,0.04986761703879772,0.21306538319654783,0.9683916669080584,0.0005220601721898086,50,102,0,0,0,0
-0.35607700209805504,0.23947453027787446,0.09640937340025812,-0.07626896040422437,-0.20432898954678969,0.3277061611594274,0.028774037809672137,-0.4021534475308375,0.24695513896542162,0.9745101708928794,0.00050634988265252,50,103,0,0,0,0
-0.05187141769572179,0.9589611736271628,0.06632840878643428,0.6972004071351616,1.1810613120017805,0.3572904823009881,-0.07725576560845937,1.7507366738362702,1.2847284609755474,0.9746743255585631,0.00012696583412192256,50,104,0,0,0,0
0.03076715720872336,-1.0940922556403994,0.0808211259641785,-0.4533530276007012,0.6194165541971959,0.1785436595055892,0.9269582193214028,1.1849694182235933,0.25086732992619354,0.9751319355711249,-0.00036522296226557685,50,105,0,0,0,0
-0.046038484752073394,0.8587899544431004,0.28944458347838053,0.500282949156432,0.0027114515057977684,0.06632840878643428,-0.341650740878614,2.5319950006250043,0.3254459555656482,0.9740986292354357,-0.0011619145373080427,50,106,0,0,0,0
0.16820120783638792,-0.6289485216004564,0.3080909927011054,0.01937657857049846,-1.101263180517332,0.1048331698118346,0.5102102088228158,-1.3122969745923303,1.2774425112390082,0.9652908824389231,-0.0003588248622816605,50,107,0,0,0,0
-0.38009711423235615,0.3649477954037419,0.17421250316938466,-0.8283938038421583,-0.3542950771607849,1.2825001196604289,0.3686993020224971,0.5975323234285987,0.3196911058462538,0.9654425748038595,-0.001700608953887499,50,108,0,0,0,0
0.05295039545494884,-0.9874209985460407,0.12607865264741153,0.4861230424959029,-0.7664165689971902,0.2692706190342672,0.2058604478335102,-1.4618507973211239,0.14139572664150754,0.9758406789556563,0.0011981430733105675,50,109,1,0,0,0
0.6303132073688724,0.13085824723937556,0.16563643325664335,0.2782083574266272,-2.5359140213529043,0.26747435151541393,-1.0655841500550443,-1.111165291052723,1.2324561579977587,0.9693526365087739,-0.001099694682829692,50,110,1,0,0,0
-0.14818423813584491,-0.22213470637217725,0.22755786427018793,0.4149231743437616,0.13539173329532161,0.27426839639842476,-0.377521182441491,-0.4153373244509915,0.14438132758541666,0.9820962128028471,0.000251430059807817,50,111,1,0,0,0
0.3020184938221808,-0.752761477523542,0.33428443719406664,0.3504764206650508,0.68769543269004,0.08086700847019697,0.7485105710200051,0.5216494168385211,0.15826132435792337,0.9673986375660263,-0.0009673409055553894,50,112,1,0,0,0
-0.1744590560123216,-0.3319770010099008,0.2574215462144809,-0.13108756001976563,-1.4783616591426307,0.27842115794229855,-0.22303794784895725,-0.30037033212387954,0.13328650781180953,0.9580924410815855,-0.0004702666117390285,50,113,1,0,0,0
-0.43806549389504656,1.2227688871549702,0.3444068740543021,0.00573638180800895,-0.4788551221165731,0.1258074792054279,-0.38011384880421684,0.6398723420136339,0.1398647838464487,0.9301031300060524,0.0015066338146387912,50,114,0,0,0,0
0.4306398723162994,0.10029729017941946,0.1691524474376448,0.11009245412124535,-2.0789627622967206,0.14438132758541666,0.0745770441968796,-1.7335296328794207,0.15251460616146648,0.9632868024140764,0.000556429529870097,50,115,0,0,0,0
0.26019643596992115,-0.68925727314992,0.18504951555267704,-0.29176749924610057,0.708416570851135,0.10978381923262487,-0.2125935905972396,-0.3633343769441044,0.22913405051702998,0.9572281134605001,0.00021791001705137147,50,116,0,0,0,0
-0.46543714695307425,0.20259196024751525,0.173439264745125,-0.020353725257603372,1.8116427086814042,0.1714766912553314,-0.39437533883639464,-1.5897637117846006,0.13328650781180953,0.942447539985977,-0.0005128421447026354,50,117,0,0,0,0
-0.6991257564791304,0.3369105815953457,0.36085101624785404,-0.3321596713841197,1.0577676689773998,0.2361034393064657,-0.19097334192958115,1.6384328377847357,0.1572021039447797,0.9482961651572037,-0.0017047803577839497,50,118,0,0,0,0
0.3964495064649638,1.7049344688262167,1.3489654321643811,-0.3256278857579247,-0.4902322154868006,0.21218383977652439,0.48395481219425474,-0.5172207121928611,0.3091323127794387,0.9488256462949839,-0.0011118850801021102,50,119,0,0,0,0
0.3093388560593855,-0.8128848089478673,0.14100748992763137,-0.11338661824548435,0.6591153086047026,0.11388297773176226,0.13524836215713165,1.35968891626249,0.09169842696415059,0.9432859578221695,0.0019416474090462104,50,120,0,0,0,0
-0.14987111501493988,0.060962980480374185,0.1866528783352872,0.5648248232983502,1.1068201377345517,1.327949185260713,-0.36421702111106313,-0.6195451556759872,0.1339166980351259,0.9620217282888827,0.0012011006707618337,50,121,0,0,0,0
0.45508680154543324,-0.7264526240064715,0.15906882244975384,0.4364564939866389,-3.0863967355097737,0.3152268981163248,0.9243109033846055,0.5708114648053364,0.19060411073267514,0.9307858656031719,0.00043699049343266447,50,122,0,0,0,0
0.4073418433155389,-1.2580188454577188,0.38371664825173324,-0.0934580473798734,-1.355424139224958,0.32039173574468643,0.06183079947443382,-2.6172450599683854,0.41527434473139174,0.9501242986765817,0.00021592727847631168,50,123,0,0,0,0
0.3208774881587404,0.5654926138530367,0.16759351329177863,-0.7991907543699721,0.266144389624972,0.36516554020956443,-0.07092263449884761,0.05754571903784722,0.042000752297340294,0.9291008209908129,0.0010255078286433908,50,124,0,0,0,0
-0.5478109662457245,-0.0746481496576532,0.20259897594748855,-0.1805345329803716,0.6515890131934912,0.1825715110289385,0.2210251047813161,-0.4154484597783945,0.34256342236218373,0.939464796055544,-0.00018676143471938386,50,125,0,0,0,0
0.3003564527980549,-0.8087943400289026,0.23397476852714216,0.1617753008562035,-1.5383543807096514,0.10410653187383231,-0.16488967840332602,-1.7672859887352432,0.17917384972890554,0.9193696307464694,0.002075656559377636,50,126,0,0,1,0
-0.8465762730329498,-0.533114304634184,0.2173646442659849,0.295780474034653,-1.2593608571644523,0.3521049719374098,-0.4276577295078976,0.18836922948108725,0.23139249287035812,0.9336397618584088,-4.0838742834036454e-05,50,127,0,1,0,0
0.22354535809385467,-0.8406802340815602,0.20018875990502613,-0.4010510848922815,-0.8300886370183651,0.12282187826151877,-0.8408053752268962,1.0356355073099,1.394682330819316,0.9332774370707015,-0.001268084846900986,50,128,0,0,0,0
-0.639948835327333,0.3208671622138155,0.11925890230853285,0.25542243508093154,0.959964767733112,0.32770616115942747,0.7418910960007228,-0.5212008313138279,0.1759296439389338,0.9520114773703365,0.0004400824602175822,50,129,0,0,0,0
-0.21123416113975058,-0.3104551323495155,0.13945248738622074,0.04211023836788019,1.4276038787734224,0.17084711212557258,-0.3844141735750748,0.9661884910591283,0.2254720853969144,0.935013160975806,-0.0004064214501846765,50,130,0,0,0,0
-0.07630264781712448,0.3624998500151584,0.2194486454404899,0.32903628630820503,0.5144021024472094,0.3499899642231662,0.5279834477136145,1.0949844104247006,0.15969901267307018,0.9726180016550068,-0.002210675747996413,50,131,0,0,0,0
0.1862243994547832,0.6783797901352528,0.18194193189917968,0.31659162724002243,0.4985187385916614,0.21306538319654786,-0.06485438608786875,1.831105965469483,1.2449143781306082,0.9422175197062114,-0.0006472217333268091,50,132,0,0,0,0
0.8738187978007383,0.6033897013003724,0.24758532918873793,-0.5032475994822905,0.5224655699397385,0.11367017274827644,-0.13814650743475188,-1.2292515349822892,0.24040208928234524,0.9489066631728161,0.0003016970958498354,50,133,0,0,0,0
0.27058957897097713,0.16892063045722594,0.10978381923262487,0.618140801601097,-1.002564362336841,0.1364668864423116,-0.4642341462297246,-1.5665738488014975,0.5581989157439018,0.9449827254658563,-0.0018773492275241952,50,134,0,0,0,0
-0.08029780383332685,-0.9818735711409285,0.09599731304413431,-0.5044176149749164,0.40823949928003245,0.2002270358214064,-0.38362840686992605,-2.45437730781755,0.21032112466852138,0.9226847094881648,0.001292709767946756,50,135,0,0,0,0
-0.5152131359973566,-0.30224738866135326,0.17618824878499645,0.13319366782724273,0.03164337870048328,0.11408246920850444,0.1885356127232356,-0.20401957364701317,0.11471265943182077,0.8958035371441876,-0.00047297367561232944,50,136,0,0,0,0
0.045295693647736,-0.6681645373809602,0.06356032661616018,-0.5018977784479546,0.8653610777761855,0.28475556065256813,0.18480626820200463,1.3049493916385,0.23981984464375972,0.9300330729210262,0.001505865136464124,50,137,0,0,0,0
0.13023031404445273,-1.2126902224756195,0.3027537526764702,0.05663860819839961,-0.3782563618438646,0.19254038932673856,0.45982005264783954,0.36103844316068034,0.15472671494094653,0.9400223290106925,0.00048666662012779966,50,138,0,0,0,0
0.2646652465309245,0.17559354365565838,0.09431202627357295,0.1354105795028202,0.73828100649318,1.3186182956264392,-0.24566219793191113,-0.007206080125257586,0.3436060908856665,0.9490746923608456,-0.0010619466683887485,50,139,0,0,0,0
-0.5787850939251209,0.2405250892565114,0.2431463478103717,-0.3620829794451632,0.19094933824980131,0.20495616436684985,0.2985087670286326,-0.20882380622476582,0.07589228576498258,0.9157213467206126,-0.0005218614828025791,50,140,0,0,0,0
-0.05658008000225667,1.4234963922347532,0.2164630444965808,0.0644670389608244,0.4348022954477191,0.12884635982823225,-0.31695459145733196,-1.1913023913025302,0.12177939157797445,0.9493027688725941,8.068014875345879e-06,50,141,0,0,0,0
0.044685313978402696,0.31243765706950377,0.3779610902173647,0.47329444447557734,-1.6825816158191689,0.14860419289946308,0.2385065035585141,-1.0498264046002435,0.16579258236592503,0.9206217683764646,-0.00046504160633163515,50,142,0,0,0,0
0.05658764604763977,0.883323959117309,0.3894682064511997,-0.5242850648693453,-2.006451931137253,0.4314922255613958,0.5644508758198867,-1.6110840295945037,1.3994411660811084,0.9270125114840247,0.000769614367363241,50,143,0,0,0,0
-0.0007748391226289897,-0.6383216228618505,0.09827670299878977,-0.5266061291396467,2.9865592569943153,0.33481746824138464,-0.3272744128362337,-0.542378683342549,0.35772361412352405,0.9291473129583327,0.0002733854471983145,50,144,0,0,0,0
-0.4496557875687728,0.27120579565802316,0.13418749648765618,0.5006518384111596,-0.1680153823249917,0.14950518157530968,0.12473868762416895,0.8745557316037749,0.4016137455779418,0.9210848692780794,0.0007772434758312204,50,145,0,0,0,0
0.9102072792043261,-1.265551811741033,0.20882846751698683,-0.11701959148739594,-0.12618926609371783,0.230254426070547,-0.6931559467658319,1.6563839988720934,1.3119876835827613,0.9327186613303451,0.0017429837735133018,50,146,0,0,0,0
-0.3812455017352532,0.16809663569738476,0.0925994156399972,-0.9893955499470586,-1.9727269802667156,0.4166349643586395,-0.17980520706313374,3.584034528300683,0.4472768498729714,0.9279727250627653,7.480066443274727e-05,50,147,0,0,0,0
0.010594971998494351,-1.2086262867747193,0.15906882244975384,-0.2644248336396835,0.5809402894189386,0.2649539035790993,0.30428080389155987,-0.02787825770258401,0.13418749648765615,0.9067322496820576,-0.0010866634286588557,50,148,0,0,0,0
0.09157301020475295,-2.3788373989196927,0.18298380748916648,0.2701235830044242,-0.20092472609886514,0.06931400973034339,0.4535970902239601,-1.9988377435822358,0.31778841643070677,0.8925307674381538,-0.0010351299102492138,50,149,0,0,0,0
-0.10845383831661515,-0.9994198313061116,0.44421902024417287,0.5903650424290205,-0.6230206997437584,0.3227259658292135,-0.0036564287610554302,-1.289889740669512,0.2346311029673688,0.909643503207225,0.0020808903198161685,50,150,0,0,0,0
0.23911310524850826,1.2402960217233279,0.1857518896594406,-0.2374763242726461,-0.9212778111625433,1.4126722305325994,-0.09487975367124957,1.0377928120765851,0.18076269824519683,0.9163387093569267,-0.0018698204696241001,50,151,0,0,0,0
0.18171873488405055,-0.8785023228495774,0.16434023032845846,0.551893119977259,-1.3940827503985505,0.14756170621591874,-0.005582364881827395,1.3220091294070109,0.18279248421273656,0.9359416757446937,0.0021364061530588277,50,152,0,0,0,0
0.37960543286811177,0.8487706770238628,0.15657191372146337,0.21415330103926422,1.6260991866633532,0.20495616436684988,-0.06864756786133608,-0.4735577257620598,0.08400150459468056,0.9208290399569797,0.001992757592380745,50,153,0,0,0,0
-0.1613644114975621,-0.276242032995464,0.15737277835268576,-0.5186208899545033,-0.9525769918736309,0.30095169971221564,-0.3378097595748528,-0.5214733002552201,0.21444385081658107,0.9324890885556332,-0.0018895212985773038,50,154,0,0,0,0
0.046863857956669364,-0.16028592587125612,1.4156563176553492,0.4268791714542992,-0.024965608341632084,0.3134309627553183,0.1956086803556074,-1.7765366220156675,0.2779399243171089,0.9194704532142072,0.0011866092994256702,50,155,0,0,0,0
-0.8113053268015396,-0.9227293386362527,0.40755336261556985,0.260946402870883,0.5592125988415786,0.24411849461963925,-0.2856124082628382,1.5687126392463995,0.11901130940770034,0.9236015981883035,0.0008354783725536092,50,156,0,0,0,0
-0.26950470201375154,-0.017775922918099596,0.25215655531591635,-0.14829557346002975,-0.021339414061499085,1.2378403168072851,-0.24613844017926834,-0.5472868986554289,0.17060941010717984,0.9136485138598326,-0.001224148799958723,50,157,0,0,0,0
-0.16829672435849208,-0.07901660549368028,0.13328650781180953,0.4282255671111228,0.36825599936586073,0.19401416024285353,-0.38181853505399577,1.1749883256499896,0.2369803682359605,0.9549640065134433,-0.0005441221622315653,50,158,0,0,0,0
0.298528638703603,3.0521025739438743,0.22353001274683862,-0.21421339602408285,-1.522028464186577,0.20536705811776262,0.2654329911184119,0.3057535917663152,0.17424500952970964,0.9399866048695865,0.0006068811934511931,50,159,0,0,0,0
0.2747097230244284,2.124037599310123,0.2965356870318907,0.43523038333696284,-0.5184469456639667,1.2656642215631893,0.24776566733776484,0.8802173071243864,0.2836909003641973,0.9492151171713893,-0.00047647875666110575,50,160,0,0,0,0
0.4669993554975891,-1.092046000717895,0.16273789329587454,-0.5253730868809932,-0.18051405048187696,0.10108624307474576,0.3193334994977519,-1.581032160617995,0.1068746140441064,0.9336769743598168,0.0001405110113373346,50,161,0,0,0,0
-0.31388190518013914,1.14521605421624,0.2548174236876622,-0.026999595165423607,-0.366750256281974,0.1572014928512222,0.29444567708952984,0.40788375405776733,0.11838173027794151,0.9353942757366737,-0.0005786832578749538,50,162,0,0,0,0
-0.6399000221516538,-0.350453552656802,0.24654400911040464,-0.21230527397452725,0.8250385659141255,0.2886562384803942,0.6072429054538553,-1.2300855886532798,0.2693395561992288,0.903769461694148,-0.0011267839927667916,50,163,0,0,0,0
-0.05529452421191561,0.05336136937956404,0.1776426708297426,-0.5128114489940341,-0.10051690423197002,0.288060944577602,-0.47405630124956577,-1.7551029772772448,0.2891048478608887,0.9348709309661508,-0.0011776813679151607,50,164,0,0,0,0
-1.02407049209857,-2.6720288485667707,0.3023361429817112,0.3706641881791315,0.371162030598958,0.07742322856004138,0.0011964971841953442,-0.16350641009398714,0.08573204523022106,0.9237398804251535,0.00024607654491724156,50,165,0,0,0,0
-0.07435159270205904,0.4612233585027461,0.11685055137877852,0.6285291111256743,1.0705422102162423,0.38532810268547457,-0.10560461824533807,0.2004907607294708,0.19344904813301478,0.9311452537665375,-0.0009170903784384232,50,166,0,0,0,0
0.39130413969514954,-1.8184577924458534,0.30906091854191364,-0.2676481541820097,-0.5735351610317343,0.43052309265408367,-0.4177277038345837,1.801505402461137,0.24919420660799735,0.9113147182322087,0.0008673412947874423,50,167,0,0,0,0
-0.21367818975752417,0.7599373044449678,1.177876788455018,0.5985490404472138,0.13589065772649178,0.19344904813301475,0.47130857934176973,-1.9373172200117441,0.11748074160209487,0.9153759770088885,0.00011218997514878794,50,168,0,0,0,0
0.8545599642168282,-1.5429367798442142,0.37321735855037425,-0.1668942132632134,-2.667552400431336,0.3783063383232436,0.35897555519670377,-1.022695151062047,0.13627210875571866,0.9334512463580659,0.0009414886688077284,50,169,1,0,0,0
-0.04198048913818564,0.035653974705184055,2.6653367682322844,0.17130700933230703,0.5590265353429462,0.28944458347838053,0.28411718639879613,-0.9626088487062088,0.18235422835940765,0.9520006198527127,0.0004197616177654854,50,170,1,0,0,0
0.8924534534018971,-0.8727102136454716,0.2021878460924716,0.15898819921432938,0.4843297581939865,0.22280589866764114,-0.09915484598965829,2.1594552841463983,0.22286562523624998,0.934690453289426,0.0010068590653868584,50,171,1,0,0,0
0.20869058782016126,-0.1603683002849028,0.3570333449379424,0.06072472032895959,0.6675273305474434,0.16273789329587457,-0.00446685702593097,2.7596657355875323,0.2009994709769215,0.9592212085879273,0.0006198747506822444,50,172,1,0,0,0
0.006809855961610545,-0.29952551427363705,0.15657191372146334,-0.22808349103173509,-1.732631346677974,0.34360609088566657,-0.5307335373853075,-2.6990398423206265,0.4068548463208494,0.934713928948225,-0.001193011092944613,50,173,1,0,0,0
-0.7911117727810764,-0.9357269829842592,0.43046521057133835,-0.11536140945354934,1.7896582862783843,1.3649890921371841,-0.8745600049700579,-0.256695808863876,0.31612788679217146,0.9400681690588479,-0.0007736890309902991,50,174,0,0,0,0
-0.00272811246736282,1.5348337421319442,0.11838173027794151,-0.029080305954677144,0.941105486723556,1.3119636238364094,-0.008356428983081088,0.399795127734313,0.14846269489176536,0.9250109773009652,-0.000275489115771954,50,175,0,0,0,0
-0.049547200429622684,-0.8217697963772173,0.31546940713741856,-0.16795923762384568,1.1273623173505936,0.25790858572625297,0.5467364566000725,-0.4088037539328866,0.1032055431979857,0.9386567603571949,-0.002348241863547565,50,176,0,0,0,0
-0.013457377528822256,0.8737436687375801,1.1838007339103889,-0.2080991162512431,-0.7598323429984717,0.21194533415240183,-0.3536659071177395,-0.28567146765991147,0.10257535297466934,0.9377578912352054,-0.001681847184454436,50,177,0,0,0,0
0.4090423099360354,-0.27917192980530636,0.3019116116086613,-0.5274189073780153,-0.10742436432889946,0.11176802853447133,0.2298433386220795,-1.0933332226608492,0.17383106036563517,0.932978233685182,-0.0013819631229903058,50,178,0,0,0,0
0.19091348927581997,-1.5436320827370151,0.2124351929732315,0.31595201789132155,-0.7674257913905898,0.2093683580873782,0.6864813523055968,0.2144799470309735,0.13328650781180953,0.9494067225135197,-0.0007122985173972695,50,179,0,0,0,0
0.35873382698822187,0.46365752927717985,0.10874133254908054,0.34069591196210247,-0.31417082964200205,0.16191305038088724,0.644153730751583,-1.6303251420526115,0.2059283111761174,0.9208348815676287,0.002154170855205675,50,180,0,0,0,0
-0.45206735741111537,0.9932341771635329,0.2798809426039364,0.5941232417099149,-1.048000489694096,0.12517728898211156,0.7894766909420925,-0.5071816351435743,0.330785925619861,0.9253024854301583,-0.0006419330594089696,50,181,0,0,0,0
-0.10883690158652026,-0.7742851813426084,0.09364129122998405,-0.6766306358697127,-1.1161860380529793,0.1891497870635777,-0.3610966650320906,-0.8911822460634324,0.24996634125034692,0.9329033587669141,0.0008082883750485658,50,182,0,0,0,0
0.06519903354135881,0.34774414310488844,0.07589228576498258,-0.322102978081646,0.30010130990015327,0.20259897594748855,-0.42438138062990216,-0.5592571009875966,0.17487519975302598,0.9309535830576362,0.0002678684031788585,50,183,0,0,0,0
0.07210251244720656,1.0351518513537936,0.3102477422558166,0.13693471988394545,1.2554964368304606,0.16094195793486799,0.06940238420555467,2.1175048053883003,0.28133536464868253,0.9117336627626894,0.0008488888199206625,50,184,0,0,0,0
-0.8368395055815343,1.0599215769376293,0.29863749144826446,-0.29800136636494745,-0.19612389190282897,0.19344904813301475,-0.14184850676874117,-1.1845106925310045,0.20259897594748855,0.9425849350245816,0.0010083553325774114,50,185,0,0,0,0
-0.44329545791985225,-2.8736788419487125,0.43513954341582,0.5245400876250237,0.49365241514167657,0.13945248738622074,-1.2052178561084537,-0.27513866718876656,0.45317384342281747,0.942048220267448,-0.0003956270950551405,50,186,0,0,0,0
0.7509815350075151,1.347811762955308,0.20518664946669743,0.10999167865209536,-0.8338389281635008,0.1633674724256334,-0.7858118856055638,-0.20218942960688047,0.4197955808866693,0.9429559627089992,0.00229281636371991,50,187,0,0,0,0
0.31939000820997343,-1.7037959608214797,0.26678936779204304,0.26816544281194243,-0.38942629143411445,0.2124351929732315,0.48573373085203997,-0.03673423438383505,0.39693835349302664,0.9408470472384799,-0.0005705540564358342,50,188,0,0,0,0
-0.24507378103865296,0.6179998808875844,0.25999319799431553,-0.30796406908463414,-0.26476660493985094,0.08074469543088558,-0.08926839002049025,0.27530127338195065,0.058219189956736285,0.921133588850263,-0.0009932858430764335,50,189,0,0,0,0
-0.6210498251474528,-0.7886179443991974,0.13328650781180953,0.5544851269258011,-0.9564420603589685,0.2512555666400697,0.41728365516255916,0.017082229041276875,0.09640937340025814,0.9133384905874482,-0.0011096981271310493,50,190,0,0,0,0
0.2383504972482502,0.0820908660424724,0.21306538319654783,-0.460639692863837,-1.2248996393328273,0.19254805945716813,0.21682680743460825,-1.177832164113135,0.2661844039202896,0.9469613111705768,-0.0016339725222628914,50,191,0,0,0,0
-0.48468861697472665,-1.6177953329692558,0.1637100401051421,0.2728807083523668,0.9639864902079136,0.1972182167094348,0.3851970321773779,-0.35550939796831127,0.22180301455079365,0.9233866746016329,6.187220855974394e-05,50,192,0,0,0,0
0.4639695752490951,-1.2351215913076548,0.3521045047387464,-0.5562183034941119,0.34047480488298465,0.11221575070353029,0.5181883586911757,-1.4873583798135517,0.3922615149730367,0.9450438847249915,0.001164422445344454,50,193,0,0,0,0
0.316086139285912,0.18690540762687746,1.2571646688480342,0.6649456431093892,-0.7647240293964757,0.24890050313542514,-0.22801353434555516,1.033190419800201,0.06161708736087339,0.9052187713975917,8.892276719182568e-05,50,194,0,0,0,0
0.4806415637319299,0.35836822173335214,0.2531884258479805,0.12595659413403748,1.1020195956710133,0.29478572013780446,0.8418718877574598,1.4490999226270702,0.2736308888446957,0.934532433516686,-0.0002663182408133773,50,195,0,0,0,0
-0.318150275412977,-0.36975487025972953,0.1545690527195988,0.16443891746866068,0.03380089191169944,1.345785053533879,-0.7031657419488431,-0.624072453421503,1.3072891265332334,0.946187003998067,-0.0010043053641607656,50,196,0,0,0,0
0.29191184212988297,0.7467067272437662,0.3970186292951065,-0.799029462315417,-0.4131443205029699,0.23018662343854088,-0.6531681062014405,1.710045813109204,0.27152437397450246,0.9468011319701184,0.0012432373444752564,50,197,0,0,0,0
0.25437938310283226,-0.027619439363064657,0.16470796790881687,-0.3734712030487106,-3.1291656520503155,0.2741994592334631,-0.11628498039112145,-0.734407658538359,0.30906091854191364,0.9270890158048593,-0.002691299296598612,50,198,0,0,0,0
-0.8404236866728301,1.0854936867552336,0.3468390416293117,-0.24546043509998228,2.0949441637829684,0.15906882244975382,-0.7509054110482039,-0.6447411206796829,1.2641405380575994,0.9394117717390688,0.0008105996490896504,50,199,0,0,0,0
-0.2990165285773507,0.018673806367376145,0.24453079107986725,0.7992635065516147,-1.2708864058280138,0.25596534647096625,-0.07923131329439226,-1.185674113137324,0.14756170621591874,0.9486825305996106,0.0012428696847616375,50,200,0,0,0,0
-0.12879096873778995,-1.14750271377354,0.08400150459468059,0.16300899383879397,0.7323944585547899,0.10361783965821367,0.7920416373188042,1.870586187391142,0.3835694404111956,0.9243256474563437,-0.0016837100648335005,50,201,0,0,0,0
0.29212028740023577,-0.9707288277279398,0.1441640449158858,-0.4423451329649719,2.3798289658558502,0.4037686312068718,0.7417608537974996,-1.5843660134392712,0.44639779602875984,0.9094584636242589,-0.001403101045252307,50,202,0,0,0,0
-0.6016097520846362,0.6793850507287491,0.17618824878499645,-0.274388093144152,0.3790751746501684,0.24758532918873793,0.568229479764903,1.4500305188109515,0.36589634460294934,0.9262127909042569,-0.001605112343242105,50,203,0,0,0,0
-0.13514388430670188,0.20002713755997448,0.08934264125410449,0.04028032504552037,-0.08252165060103422,0.17999703994004634,-0.8757889014185709,-1.5719418941077308,0.29561172965800275,0.912327078480845,-0.0007346445638464245,50,204,0,0,0,0
-1.1495643334446246,-1.2604429605280396,0.34589293943075106,-0.014575159801972326,-0.2085531583798943,0.4290449580789339,0.3589440551605474,-0.1477919360867297,0.2024592556385594,0.8999158781857518,-0.0005227848816972431,50,205,0,0,0,0
0.27926601803936624,1.5639526446478857,0.21736403317242745,0.5396983549998273,-1.0261776993263139,0.21306538319654786,-0.3184880595886552,0.8972399504105422,0.1245076487385812,0.9457327713968664,-0.0002812519039011094,50,206,0,0,0,0
0.2632299615391025,-0.6488168844038658,0.32701463675290304,-0.3224674447327329,-1.3783535330292418,0.20218667948726055,-0.06062116078998603,0.0648662932763262,0.23918965442044335,0.9249418243300375,-0.001900724762242879,50,207,0,0,0,0
0.562700551914415,-0.4816809182435877,1.3426747786735496,-0.0804063998125617,-1.8044322001268958,0.21063986870578247,-0.650037538287596,-0.7955404909430221,0.27545075080393133,0.901973896672626,-0.0009211511260324621,50,208,0,0,0,0
0.5623410393739015,-0.01712944074966316,0.33443093671963,-0.15809214710319086,-1.6710010793740828,0.07589228576498257,-0.24896957885883708,-1.9279401858495682,0.10854667985740958,0.9199001496617509,-0.0007929360603669376,50,209,0,0,0,0
1.1165931453896505,-0.8284423834538215,0.3448826134954105,0.3590552627868524,0.891912989178504,0.4645845743000835,-0.26595315424914023,0.653922970814973,0.14438132758541666,0.9060738242985655,0.0009634687853337418,50,210,0,0,0,0
0.6795416385176036,-0.1435429867039133,0.1828429205750263,-0.2913801239016758,0.6951425700673219,0.08400150459468057,-0.32115794360323235,-1.794144452834903,0.512561230381197,0.9026578628293273,-0.00026391342875975427,50,211,0,0,0,0
0.265202462955652,-1.6231235426992416,0.4118758904978627,-0.19163633266681046,-0.4512554766842989,0.41865147390910473,0.3807584322665001,-1.1930956351703337,0.23600927578994124,0.9336285186172872,-0.0011079228176033658,50,212,0,0,0,0
-0.5637458664888042,-0.7323625813715164,0.37339274938258515,-0.16325333607065406,1.5949046393439295,0.18006216575334155,0.029089069828277303,0.30717010260758304,0.14756170621591874,0.8898655692234831,-0.0003972322646631851,50,213,0,0,0,0
-0.43040333143358644,0.061978749852667825,0.4810722675561011,0.4277188502462792,-0.6931748132550748,0.3168772346757509,0.162093837902904,1.4610036407934892,0.06438516953114748,0.9355084358189363,0.000317565584383979,50,214,0,0,0,0
-0.4701054196794985,0.9806468278855762,0.2385323251975301,-0.514085009846708,0.9110697443013596,0.15657191372146337,0.5585557235068492,-1.2482934864931234,0.21147016250375192,0.9035726088507714,0.00027591245733775107,50,215,0,0,0,0
0.11487935174035258,-0.0613783003778936,0.09259941563999721,0.14666263170310412,-2.110140566688143,0.13945248738622074,0.06206715527736151,0.6874700848411868,0.08830015457056013,0.8794848129399948,-0.0024237027846601006,50,216,0,0,0,0
-0.5522344283495952,1.2750727770307702,0.2806230388381604,0.7251664351602836,0.21221967796400065,0.31117075716153897,0.676710316737358,0.2537891291906451,0.24758532918873796,0.951093317579295,0.0019261134951018269,50,217,0,0,0,0
0.2525723435101286,1.3712295900550568,0.17917384972890554,0.09873734316761507,-0.7272208524299533,0.12424625210786831,-0.007731347876219985,1.1013861206300017,0.26678936779204304,0.9084441779316599,-0.0015267592486691572,50,218,0,0,0,0
0.188538052677381,0.518106985069636,0.14479362404564466,-0.26988556642475015,0.5033438170020617,0.27752657349363263,-0.49194057103922884,-0.5908019350236771,0.14479362404564464,0.9202472753002391,-0.001185396671476238,50,219,0,0,0,0
-0.21461273631574507,1.3617106573081799,0.14229671531735416,-0.09664291227782495,-0.4528513536059471,0.13646688644231164,0.16327341033235054,-2.026419938639237,0.20592831117611743,0.9449358983448096,-0.00041008641780615815,50,220,0,0,0,0
-0.1766758499023986,-2.7773934353793157,0.2489005031354251,0.47491329848488295,2.4146911643758635,0.45217670549450595,0.7305922029516907,0.7165428063934343,0.5106054966416367,0.8819348596024398,-0.0019344539058555135,50,221,0,0,0,0
-0.2642784499286108,-0.8404520437080922,0.1948334914025103,-0.34656175162177494,0.824656933082565,0.17827286105305895,0.07740426971140568,-0.1802153770829218,0.04651730586071851,0.8973038731467874,-0.000311276690498735,50,222,0,0,0,0
1.0336998843073797,0.08885386401633077,2.5478180264542534,-0.05349188954228179,-1.4627849494263456,0.20592831117611743,-0.17479090440482903,0.4132452494303731,0.11925890230853285,0.9116139949230121,-0.00030508976918226457,50,223,0,0,0,0
-0.38532770539351713,-1.5643962723756335,0.27654802245718435,-0.030979432272539853,-1.5313548659729843,0.33880098093303457,-0.6680042537972604,-0.6317082723076481,0.2699008092575836,0.9181812409147951,0.0010000453692761357,50,224,0,0,0,0
0.08401017682173517,2.029006693728755,0.32015573831552074,0.34340515754586853,-1.4737620086537104,0.16137530508873135,-0.602538669848661,-0.43423055311898295,0.2041506401342906,0.9381076852057655,0.0023412019613754005,50,225,0,0,0,0
-0.17241992908334947,-0.6565747250777658,0.15657191372146337,0.3943191873692795,1.3710361585628323,0.0693140097303434,0.08890824945980214,-0.0710564533447231,0.33671636866497207,0.9050756922208572,0.0013011555408497387,50,226,0,0,0,0
-0.550894595912542,0.5155707165046479,0.2177779950894612,0.21522829310419134,0.25797976482454565,0.16717804127945185,-0.2713356214812155,-0.19854014144711662,0.11302457607775138,0.9103677885955441,0.0007026193892406193,50,227,0,0,0,0
0.07332327354833446,-1.0460396348824954,0.4252312320320486,-0.08204018242848754,0.5640079402630231,0.2124981955094891,0.6770765487533748,-0.4786567822729051,0.2836909003641973,0.9093539854957924,0.002467831647856984,50,228,0,0,0,0
0.27179505784353886,0.8590112562743695,0.1738278395225601,-0.5492820842290174,-0.39051189329145686,0.3097145574180243,-0.1309494332362524,2.358125546491589,0.14008267760953708,0.9356707040414791,-0.0010279863143221866,50,229,1,0,0,0
1.4099266749834936,-1.9274951151293473,1.3757394128613851,-0.38871682087557957,-0.5229148265200454,0.21687417435159775,0.2977616898532567,-0.6558935565922948,0.1208879001482146,0.8890440298410353,-0.002018758098709223,50,230,1,0,0,0
0.26910286884270995,-1.472598354781237,0.1652478584792082,-0.08696785170052923,0.10018774465655511,0.1633674724256334,-0.8906651339413667,0.06690656393084282,0.21306538319654786,0.9018682691156908,-0.0015538793297210772,50,231,1,0,0,0
0.1252732610401477,0.366512417527602,0.10791648963409323,-0.7610356170388188,-1.7824052396869208,0.2877428116338984,-0.4575572238050212,-1.6523943767905527,0.20835382566688282,0.8973039712754806,-0.0008044459053978659,50,232,1,0,0,0
-0.9791474555159372,0.22790449367514576,0.3841522961433387,0.5110491055573627,1.4818593709850685,0.19483349140251027,1.3609847038900762,1.163746699495432,0.46577721459861365,0.9153905119707463,-0.001397486410756218,50,233,1,0,0,0
0.4033199516837751,-0.3632858765104512,0.48021922572622955,-0.16172276046104805,1.7725635748694284,0.14876426383909283,-0.7344176131661326,-0.28012589292174717,0.19788919611659203,0.9291964038555957,-0.000782300816437117,50,234,0,0,0,0
-0.6422533820395628,1.2758573929784482,1.323183117526437,0.40588586273982674,-1.3385070870535047,0.31183145778475124,-0.23563847635699364,-0.5410071645372856,0.19767013574829262,0.9179515250659864,0.0002274887498599671,50,235,0,0,0,0
0.3139328929800467,0.8189897959163623,0.22838129058543286,-0.5672878999120563,-0.4658785038472679,0.12177939157797445,-0.07022062483348801,-0.8728302084729842,0.13118111083050507,0.9165897462350623,-0.0006554022529745528,50,236,0,0,0,0
-0.8436232227777589,-0.5130199667102815,0.22491506710989165,0.5692493740640785,2.3071885309930593,0.32662606197546784,0.7901872810658652,-1.0616502618602857,0.20155826696271276,0.924183307573392,0.00047935482044907015,50,237,0,0,0,0
-0.01968786049213378,-0.04585038348417925,0.13507508383841677,0.15026429934772878,-0.6195212015279115,0.14529488561278314,-0.2972728376165854,-0.8166951476446558,0.5050822017748152,0.9190567053121907,-0.0024481388802133244,50,238,0,0,0,0
0.055909533294779656,-2.7789180993848692,0.4379015070903967,0.19879245129466927,-1.105081673321024,0.19254805945716813,0.02825607797112628,1.4315264114557955,0.19725783928806465,0.8852050966558817,0.0007796680928088643,50,239,0,0,0,0
-0.979282773234905,-0.841190126922946,0.4432490944033647,0.3918963493648002,-1.7202372753872233,0.20843989273955174,0.037037454596611674,-0.09667541986541828,1.2430622855557474,0.916280260959963,0.0008787268541720914,50,240,0,0,0,0
0.9580304392033918,-0.8473262092907294,0.3215401815850163,0.32056969810474456,-0.00311528975912978,0.1258074792054279,0.4623264866253072,0.11292845119139372,0.1258074792054279,0.9114564634657008,-0.00023693129798407411,50,241,0,0,0,0
0.051995390406906594,1.6915804253336528,0.19767013574829262,-0.8021029476265635,-1.5470319843169316,0.27752657349363263,-0.09978289778240423,-2.0845584652562543,0.39289109410279555,0.9385091913179299,-0.0004848199774941735,50,242,0,0,0,0
0.0035528735900314246,-2.1133934219922637,0.3133616934325099,0.049969012874305996,0.035049406027251706,0.3875499574433716,-0.5219504315749566,-0.04730145341904546,0.4649716444087487,0.9430069447234939,0.0007796877463366365,50,243,0,0,0,0
0.6291107961951425,-0.4068919080910014,0.18108628762846823,0.7024334257954727,-0.8164968837553186,0.2947857201378044,0.3704958803943219,-1.8407333106310926,0.4920420178312046,0.9311785614399694,0.0004943847362270335,50,244,0,0,0,0
-0.2209860801784682,0.14888697520892258,0.12177939157797445,0.16441558320544836,0.06892303129313149,0.21070819477718655,-0.5863020812691344,0.3404220931090123,0.17334402085386302,0.9568640277254843,0.00030436589572722554,50,245,0,0,0,0
0.2516315873643995,0.7519131978371938,0.3385830871699462,-0.0806551141486258,-0.617630111485072,0.09980727080439523,0.24168014650454417,0.9369761931773537,0.2358603191918145,0.9521077651536397,-0.0008431418956153241,50,246,0,0,0,0
-0.48775656517715404,-0.5676784344557184,0.15511528971838165,-0.3574571809634568,1.9189662278466262,0.17933897646256483,0.38177862903113446,-0.9018665573004059,0.12898785783592998,0.9235590904277221,0.0009418969742242463,50,247,0,0,0,0
0.44611580293167297,-0.2592678916266795,0.2667557566906678,-0.6821901919521673,0.1065221815240669,0.1584386322264375,0.21087791605169226,1.4295551303518153,0.20882846751698686,0.9523096193044468,0.00014602048874965304,50,248,0,0,0,0
-0.19306520034204233,-0.678058313700423,0.24141934961432676,-0.5322413822093672,0.733962537345425,0.12947655005154862,-1.1298998937388651,-1.5453051358507386,1.4451077031394142,0.9167045018569084,0.000159781391937845,50,249,0,0,0,0
0.7423146148150543,-1.2783161548025541,0.24563647781036577,0.1398158586998921,-2.1424327232519484,1.3089079191223276,0.22814725917909406,0.7210552958082488,0.263008829953579,0.9264853071931549,0.0012803117126574527,50,250,0,0,0,0
-0.40460402965126274,0.15238260017211758,0.26172019619036047,0.40056307740776287,0.46014076576991236,0.11408246920850444,0.5054593777325325,0.7663670943850445,0.24265648898954204,0.9139365761211725,-3.186901076083227e-05,50,251,0,0,0,0
0.28525309699714807,-0.862206418242355,0.16666055513176997,0.4939671747449248,-0.5492381434562299,0.25125556664006965,0.48889088615604415,0.06506953454258024,0.08358920813445259,0.9386110098269586,-0.0011998908026906812,50,252,0,0,0,0
0.1626359053968498,1.0317562193972147,0.2024592556385594,0.5492539642225482,0.7087596128917806,0.2461557723965285,0.6123707631212705,0.22408849193202407,0.0982767029987898,0.9393252756963603,0.00043307895475934265,50,253,0,0,0,0
0.46097806871299873,-0.8259422713053857,0.08400150459468059,-0.3515079707876563,-1.581377801450154,0.18672427257281232,-0.10737837576114373,1.1600685175081367,0.2560367407084913,0.9191842097291889,0.0030617195028166217,50,254,0,0,0,0
-0.017739613398847887,-0.7771455037212105,0.23226942179985297,-0.11646689836319268,0.7116694466499656,0.08503151273836576,-0.45860214455593784,0.18482125610588263,0.25312869927937165,0.9429721422267682,-0.001133411354734108,50,255,0,0,0,0
-0.14804290037496326,0.9426230923404155,0.25977591532478467,-0.19578815980009878,-0.02803125600926748,0.22020537047067057,-0.1806796673187323,-2.082312483344352,0.4162226678984116,0.9390801968642503,0.0010837044001988521,50,256,0,0,0,0
-0.2559274679362824,0.9690054744768712,0.2693395561992288,-0.7939912259288127,0.5259185064786305,0.24855730726116443,0.41335988511486743,-0.6347191515597679,0.15413998225055794,0.9239546237538667,-0.001681363831736163,50,257,0,0,0,0
-0.0427915314173557,-0.08211433340085428,0.291941492206671,-1.0201959968112568,1.4171033170405707,1.3710707246995602,-0.13589437437970364,-1.2441491917238805,0.20843989273955174,0.9365279529489087,-0.0004844340846191768,50,258,0,0,0,0
0.1548409808658695,0.10968821156594721,0.20155826696271278,0.08864056633811934,-1.3583842722956003,0.2454671839201668,-0.3332608131602388,0.5206702539535328,0.18298380748916648,0.9227149557907139,-0.0007103412446138829,50,259,0,0,0,0
-0.8316444527094067,-0.10703276529327965,0.22758192401653973,0.12920024308155664,-0.533585602532785,0.08830015457056013,0.6769504210823589,0.20735457642539679,0.26990080925758353,0.9430971634974833,-0.00024870343003089584,50,260,0,0,0,0
0.29009155607700343,-0.44557345524185266,0.18640613962910876,0.5332805550908928,-0.7027783649438337,0.287090686578947,0.20076357459469296,-1.1319360379456036,0.18728306855860355,0.9386654966233339,0.00039208817287712236,50,261,0,0,0,0
-0.820890143456305,-1.8873702411991058,0.2565955366942826,0.1645395622339958,0.6189646698208477,0.13862764447123344,0.09914731269124832,0.8574945051658407,0.2422453591345251,0.94653329823218,-3.823109938247367e-05,50,262,0,0,0,0
-0.36387970643989753,2.923258697099513,1.3433033831052377,0.7741513382897329,-0.30556231123757804,0.16766673349507047,-0.3322333208950097,-1.079418882365288,0.13862764447123344,0.9440333870451029,-0.0003701445725535722,50,263,0,0,0,0
0.3135803241127393,-0.3800539817905282,0.20970557652848942,0.35657334358023185,1.860438027860443,0.2022055665087703,-0.5527459850611702,-0.7688980519099164,0.263008829953579,0.9605174265085956,-0.000862366217440985,50,264,0,0,0,0
-0.06059171190289092,0.3547960252551512,0.2182327808637128,0.11926918521722474,-2.167204992657357,0.25936361886455667,-0.3077609391225069,-1.4074826717091362,0.10410653187383229,0.9560890984139101,-0.00011571351236723642,50,265,0,0,0,0
-0.4698140559433748,-1.0157843103851913,0.15249054641511467,0.28832435230387254,0.14539328959886255,0.17188782111034834,-0.3951505564025828,0.5386678462471082,1.30582170400835,0.9567633782282341,0.0007335104543813526,50,266,0,0,0,0
0.822717635732011,-0.29866941799523694,0.23226881070629546,-0.46325777359498144,0.9251091569209571,0.17827286105305895,-0.5634040255722441,-0.9944524608199092,0.23600927578994124,0.9545910889795454,8.798460070911139e-05,50,267,0,0,0,0
0.1481289843413114,-0.13244971676516393,0.20099947097692153,-0.799544610400023,-0.7470615986074352,0.42744110722519074,-0.4331428765565626,-0.004720926771213385,0.14950518157530968,0.9620896659469294,0.0005096007404252536,50,268,0,0,0,0
0.16567891355360675,0.20969130578928485,0.16717804127945185,-0.5260312451503815,-1.1107772326477887,0.21736403317242742,0.4140252176578869,-0.5949027616454439,0.22695173379322336,0.9500622912147227,0.0009124215211457599,50,269,0,0,0,0
-0.17551052309241477,1.4230365734885417,0.33200542222886453,-0.04357770341392797,0.6640836167227029,0.24078915939101042,0.39288905105109784,0.5443073975833217,0.14438132758541666,0.9523486866954289,0.00015955571906667732,50,270,0,0,0,0
0.36586000635752214,-3.8013029527404676,0.3772637405278553,-0.6892972605912062,-0.47423381522173713,0.44933390948479857,-0.1559391895989295,-0.713658437468661,0.21927690512284412,0.9435044052102414,0.002046150991308079,50,271,0,0,0,0
-0.8565135219529143,0.41734319858916713,0.261473457484182,0.32877054675257256,0.6486083870887516,0.11901130940770036,0.38679393154538566,0.4190814955107012,0.22588438185714238,0.9464399105617237,-0.00047210667646133906,50,272,0,0,0,0
-0.3165386628528353,0.5325562008549714,0.16563643325664332,0.4589444488670802,3.039775496416979,0.19248309805591063,-0.11053442139582703,1.9939045220595304,0.1409836662853837,0.9397914093799846,0.0002539204864856227,50,273,0,0,0,0
-0.012485459249125697,-0.6860063471192417,0.19254038932673856,-0.23241151104825342,-0.3138126079403367,0.17868515751328695,-0.4665407062061675,-0.2788088461498459,0.12517728898211156,0.9443135274315202,-0.001887304201484037,50,274,0,0,0,0
0.3170030823641419,-1.4841718031571745,0.08934264125410447,-0.49428445967264434,-1.2504286395539248,1.2778548076992362,0.5234122202055564,-1.1174821417173,0.1968296419319997,0.9306288209819182,0.0018309049452804984,50,275,0,0,0,0
0.0942230281299814,0.11750666723391667,0.16717804127945182,0.5400538694704711,-1.0104437832090447,0.14098343018127957,0.007005304127899237,0.3639619140639345,0.2804596023243987,0.9546270194822949,-0.0004765672729981017,50,276,0,0,0,0
0.2904221617879559,1.624541202870459,0.2092548143427294,0.6078067451142868,-1.9160792349350348,0.3941282334780108,0.20676863285039992,1.6438285253897051,0.14479362404564464,0.9523088900076127,-0.0006361321351378484,50,277,0,0,0,0
-0.1375885156389982,-1.7063498735156193,0.4265058271017884,-0.32766994365675384,0.09564502142564102,0.19150415617388145,-0.08254486501399949,0.787491785784983,0.20259897594748855,0.9489090658038299,0.0009036997231013008,50,278,0,0,0,0
0.0824092986543441,-1.4844872977325938,0.17999703994004634,0.0678764734986892,-1.3236763044411495,0.24848631786458458,0.6729343357744986,-0.6803151143922177,0.18914978706357768,0.9654953306838414,0.0003090974680914027,50,279,0,0,0,0
0.1955961605850085,0.6534653898066507,0.13945248738622074,0.44006196174963996,-1.2913872725598576,0.30053940325198764,-0.8602115292495496,0.5739593002290437,0.3765370792805576,0.9545738223178575,-0.00034744503511823107,50,280,0,0,0,0
0.1752423921207491,1.1159058983008485,0.1972590058932757,-0.02542253044686582,-0.22547125578717342,0.24785790534003677,0.1895758941789012,0.5905997608604672,0.18450962498228568,0.9519038098404283,0.0009233423150772536,50,281,0,0,0,0
-0.7329382615938869,-1.2825685402766567,0.20898401589019916,-0.8538693942923361,0.2078169955961764,1.3636449307490979,-0.4687739478013295,0.2612992758834345,0.22979804866110576,0.9170271130099572,-0.00028726081805588807,50,282,0,0,0,0
-0.5801240362000781,1.226640153538555,0.291941492206671,0.3821441515917323,1.0181980085458573,0.20594951354574295,-0.39939856103202676,-1.6194610034206658,0.2776662938025618,0.9553311796197971,0.0008498102764875345,50,283,0,0,0,0
-0.1428912866900669,1.1269065117457675,0.34530786273014863,-0.6937156776238158,2.6989125954550737,1.515073392207161,-0.30635798502445155,-2.5320943068520805,0.3306208400766817,0.9523042688450468,0.0007358848373800256,50,284,0,0,0,0
-0.10322421052955288,-0.20985717742390975,0.22286562523624998,0.0571514563821216,-0.21784505757011274,0.052878053297312384,0.5893883658927619,-0.8558069900196559,0.15290284287534264,0.9373167213306104,0.0008992726099925564,50,285,0,0,0,0
0.1660072059808817,-0.6972008367713212,0.17521715633897722,0.3207500863322883,-0.6701260357033281,0.2497878307217872,0.29924600156277137,1.1572093687431675,0.24224535913452508,0.9623185217479576,-0.0005993367525242372,50,286,0,0,0,0
1.176288524890139,-0.31449937150112817,0.263008829953579,-0.08388120450903536,1.138119117798178,0.17829692079941076,-0.030429043582695492,-1.0575301558646437,1.3377459384743535,0.9737316832396039,0.0001765429258665158,50,287,0,0,0,0
-0.1672496507297696,-0.39158775158417036,0.28985687993860854,0.08541659786519507,-1.0713004112921816,0.41090675759055045,0.3735432888393735,0.9892532979631845,0.19150415617388145,0.955898215646623,0.0005900851359915292,50,288,0,0,0,0
0.5430933943311578,1.2192642850447282,0.22078620950209019,0.854160943974307,-2.5421169255478713,0.30663540405114825,0.2993724854503297,-0.9664630956718803,0.2360092757899413,0.9690164283683953,-9.271983439925235e-05,50,289,1,0,0,0
-0.6397339198199496,-0.12955522192590152,0.308990814771741,0.6878681441310732,-1.4913619777328524,0.3235774593619055,0.3889113863881004,-1.3773154450086942,0.40415570131553685,0.9423894830488717,-0.0007848508344393029,50,290,1,0,0,0
0.3837315979841964,-0.6259442035518177,0.14846269489176536,-0.30748310380762867,0.4686677757054323,0.28756952922964835,-0.2773235004932637,1.1360669019136695,0.2124981955094891,0.9585590717426006,-0.00032322971067145806,50,291,1,0,0,0
0.22362918056433223,-0.25473078280426975,0.09016748416909177,-0.4648724306769303,0.5157118741531903,1.3046092691464481,0.3959228439767628,0.5140405167331323,0.15906882244975384,0.9684590325759911,-0.0006833712570317718,50,292,1,0,0,0
-0.45955814109598414,0.2947818503317272,0.05287805329731239,0.2265003908004477,-0.9236220455897586,0.23884769783449217,-0.3397383655405495,-1.4498238017932925,0.4117836865200453,0.9446203162349679,-0.0004739135051556899,50,293,1,0,0,0
0.09372419599730542,-0.4580591009687236,0.25977591532478467,0.19702913642036268,0.6338525221573343,0.15402618244909128,0.3388788109091525,0.1473411251528569,0.19150415617388145,0.9614667112102895,0.00033182189371637976,50,294,0,0,0,0
0.09632072031841155,1.0432211895804375,0.12712052823739833,-0.16273709139670878,-0.9642073760412266,0.10687461404410639,-0.3787068727132503,-0.10504889587953326,0.34291321798000124,0.9388189561151755,0.0007929650610659835,50,295,0,0,0,0
0.011972987467587792,-1.5984884072016259,0.2835458174383764,0.22398243709691634,0.9581090473869711,0.08358920813445259,-0.467255508923353,-0.720406727574237,1.3721502239039665,0.9289371783708092,-0.00042317280962631513,50,296,0,0,0,0
0.42836635033585235,0.021052079885947705,1.2492282651301583,0.19734026174483166,0.7035080442483963,0.34360609088566657,0.6988118829270125,-0.22697779594293,0.10874133254908054,0.9409679011730313,-0.001312884606764195,50,297,0,0,0,0
-0.603266650748866,0.03867473931330956,0.19590194259754592,-0.46501564704850473,0.3847822136004222,1.383231634330391,-0.735801619744124,0.7704341564900377,0.16094195793486799,0.9265022738269983,-0.0012700466779454545,50,298,0,0,0,0
-0.07243984544515403,-0.695917166855736,0.2814768626563802,-0.6053071292880032,-0.06646104147105625,1.1980759323144978,0.28565697190481565,1.74950593274838,0.14139572664150754,0.952017643266842,-0.0012116316436958624,50,299,0,0,0,0
0.16484113209638895,0.9266114263324532,0.18235422835940765,-0.011903442954791288,-1.622273586923856,0.2604054944545435,-0.13033911715704516,1.0305391176091518,0.14797400267614674,0.9610965441945786,0.00036922964575080434,50,300,0,0,0,0
-1.066702808285441,-1.5336601548925772,0.3681750314294975,-0.9705536169819036,-0.00870860845596333,1.3459739749960238,-0.3985698592442368,0.29134641819691964,0.178270805939322,0.9254840560233422,0.0008910859271875357,50,301,0,0,0,0
-0.29131410494066223,0.40050985089559,0.21687417435159775,0.33255345928390945,-1.240232555709178,0.12088790014821459,-0.2195336793393361,-1.034151582536376,0.43700474809963485,0.9501260516473704,-0.0009569761890673057,50,302,0,0,0,0
-0.6000881995366365,-1.2257904195581286,0.2684684046480348,0.2296168348274108,-0.7592030298134667,0.26407456530066425,-0.5492470187788214,-1.0291933723895959,0.12219168803820242,0.9550794868720035,0.0013416059260003247,50,303,0,0,0,0
0.3245837146030297,-0.23230728163088088,0.11789303806232286,0.41052446045856605,-1.1044031003281436,1.2183385042559665,0.761322956697966,-0.3351671809497745,0.1304805783386498,0.9219214866881343,0.0012099662364107105,50,304,0,0,0,0
0.06095293907428623,-0.8621163140730053,0.17147669125533138,0.21645792858311008,-0.23579453877648415,0.10791648963409324,0.039916689537818684,-1.1230552830656455,0.14909288511508173,0.9093249782283427,0.002781360184581512,50,305,0,0,0,0
0.6135945893176347,1.2003360166051227,0.31710003360143896,0.1507470826871824,1.1549551055232294,0.05821918995673628,-0.2090353738750954,0.06933221790063726,0.03583477272292909,0.9363404832020694,0.0004895986140619807,50,306,0,0,0,0
0.776057791003069,-1.2354883680956714,0.40223745230770885,0.12108000875941727,-1.2973384287239513,0.3665505945726175,-0.483744392277929,-1.9778828681068106,0.4310799291011679,0.9475885704304133,4.262063859479112e-05,50,307,0,0,0,0
-0.14579230830028056,-0.759044904363412,0.21070819477718655,-0.09110628064432724,0.39788646724630006,0.03860285489320319,0.44177046585852064,0.3475105859989638,1.2985548499968091,0.942110294043273,0.0002228185935877583,50,308,0,0,0,0
-0.30953323301182056,0.6601574865359314,0.2789110167631282,0.49342748696258987,0.5283822712013331,0.2847582523002783,1.0264351125003186,1.301639657674393,0.30056462960355046,0.9400813638656307,-0.0008303535307061827,50,309,0,0,0,0
-0.2878880988149186,0.1090044499984586,0.28786105294704173,0.6338905588116575,0.8038735025894734,0.21553295808587145,-0.05514090667933136,-0.5493414033316997,0.0808211259641785,0.9232676253349132,-0.0021872205985026443,50,310,0,0,0,0
-0.2386999542455044,0.8291332135381619,0.30413207834271766,0.006471474123675769,-1.2460633347798922,0.24317017145261938,0.012512803929309868,-0.19264245881191844,0.12619376103116958,0.9216428159845846,0.0012976539370098514,50,311,0,0,0,0
-0.5257169353644464,-1.5827619422814312,0.2316392315765366,-0.7035767777425566,-1.2325324562521418,0.30286458218713586,0.110986382937452,0.771689619717602,0.1665478510561355,0.959146220349217,-0.0005276575246865938,50,312,0,0,0,0
0.07328713047687163,1.1024188474008785,0.24681541865649245,-0.17835105642269067,0.46217092729429776,0.4156866411916197,-0.693645186281497,-1.3327801661588197,0.21063986870578244,0.9475384618787771,0.0004558448433713388,50,313,0,0,0,0
0.5330864416774359,0.18385604242792297,0.17764267082974258,-0.6727871547427204,0.7091784679750877,0.19199401499471114,-0.28683743401761674,0.2487172368171624,0.13862764447123344,0.9232480235078193,0.0006672911146080485,50,314,0,0,0,0
0.37598559761464934,-0.8778274890189781,0.263008829953579,0.15817980392674347,-1.0641163180111528,0.3015230368312262,-0.6888558277341197,-0.22459813207568402,0.38818014766668796,0.943222509618209,0.0008763029314438657,50,315,0,0,0,0
-0.12684547918991473,-0.4913365847536495,0.23447587604380202,-0.0034205022431503807,-0.14138563600522858,0.18616418611966856,-0.4137187070231896,1.3570179984442774,0.3277061611594274,0.9600285193662543,-0.0002957063321374261,50,316,0,0,0,0
0.21994369366734645,-0.09285707082235639,0.03860285489320319,-0.046136270883348374,0.3920068787674902,0.08213417499614893,0.34385454117559444,0.21214258874264758,0.10431169015458011,0.9496995356486849,-0.0009779862169137438,50,317,0,0,0,0
-0.19386533686553786,0.15876809564660377,0.13328650781180956,-0.012220621301511692,-0.07332709598218301,0.09786440653856178,0.26174506821481547,-0.1317933615433038,0.15402618244909125,0.9047145168175384,0.0008804585533628004,50,318,0,0,0,0
0.4884770859885652,-0.7151798561417024,0.36305543533243706,-0.32278979687583753,-0.7816326436649899,0.24711517998966862,0.177178445533821,0.3263423858893084,0.5351631663886393,0.9405038271312578,-0.00016390536036999244,50,319,0,0,0,0
0.028568717470735194,-2.4986726138056294,0.19913214137838986,0.36600974460409397,2.1542616338552474,0.21234204640020737,-0.2931306127194606,-0.2442921373632263,0.27235038349470075,0.9392028696456052,-0.00014625553511832875,50,320,0,0,0,0
0.907965788045229,2.34495380668067,1.528937878700296,-0.39590029199226695,-0.16244681388597382,0.12177939157797445,0.9064861119223062,-0.8431356112606379,0.222629024070992,0.9546354933770635,0.00044224515201176073,50,321,0,0,0,0
-0.33421549410590057,-2.4495226021519914,0.2356911428462377,-0.3219876906842982,0.6873989027554117,0.1885785090974741,-0.18722960481263584,-2.4924256526347817,0.3439931609943317,0.9427228727329403,0.0009019376896470746,50,322,0,0,1,0
-0.2675437937710159,-0.44154310238197514,0.1738278395225601,-0.19009317463887854,-0.6647183875900415,0.08074469543088557,0.4625714498283733,0.14266722602259208,0.1724490741687031,0.9327928071279838,-0.0007011729644188206,50,323,0,0,0,0
0.20422041436404648,-0.2604072465714262,0.13369880427203754,-0.11225241799529329,0.24749129304025885,0.23649050941513086,0.020887676786843556,2.2545131488655645,0.19386134459324272,0.9279726920186946,0.00130446019347789,50,324,0,0,0,0
-0.2538622488718669,1.8921490203024094,0.13328650781180953,0.6358218271301368,-1.4524271315017456,0.21687417435159775,-0.11715374218355734,-1.0535026862268584,0.14236810955487925,0.9124652323191517,-0.0009699835493578153,50,325,0,0,0,0
0.021245717997063096,1.8397069710213936,0.21857637263098884,0.06561857050244857,1.5817100225302845,0.15290284287534264,-0.2115155275538081,0.006962100327816856,0.06290011839255207,0.9225906440988503,0.0015658169547501757,50,326,0,0,0,0
-0.7505714995587436,0.7169039342846109,0.291941492206671,0.3172690748353899,2.010623486524798,0.17521715633897722,-0.5923331377724068,-0.2947470914632202,0.28951597771590565,0.9423323275323467,-0.0007328627059033586,50,327,0,0,0,0
-0.4209574743076727,-0.11160518602782865,0.13531363264491283,1.0443639418934465,-0.26384457863740884,0.16766673349507047,-0.1406256854141743,0.4936069033334949,0.2382198230807747,0.950154627955223,0.0008856572839257456,50,328,0,0,0,0
0.2966338617313493,-0.3092598437620637,0.11408246920850443,0.28586463523178907,-1.9291874575750008,0.26213310374414595,-0.5354581067134809,-1.002554111146952,0.18083540417760124,0.9577252964085468,0.0007192497619159257,50,329,0,0,0,0
-0.38442701267939405,0.5267532556012231,1.2582384726357032,0.20053938947157945,-0.7241508266907317,0.14229671531735416,0.10991539489489188,0.45495945176538477,0.20345254294021625,0.9299885568126571,-0.00018430570662578586,50,330,0,0,0,0
0.5391120330912997,-0.8107007962737569,0.2164630444965808,-0.38478738553239467,-0.1065733040125263,0.13695557865793026,0.8517428757637386,1.9976155650375471,0.2647062693451398,0.9515780012777015,-0.00017746465420879278,50,331,0,0,0,0
0.33487517970541614,-1.141245033416082,0.25596534647096625,-0.09157658726941165,-0.6632167455312015,0.45302840807243794,0.19950460024245942,1.4405180904650567,1.277442511239008,0.9264250333936428,0.000876651049098947,50,332,0,1,0,0
0.7020353728013378,0.5379005488516011,0.2148324255940162,-0.4760712073110662,-0.5168020790649805,0.15227265265202627,0.35191741941085564,-1.2804973537291415,0.24890050313542517,0.9318677426271809,0.0002852922932531802,50,333,0,0,0,0
0.23702562102529878,2.1443932339256904,0.25999319799431553,-0.5647775709841731,-0.2334814843698627,0.25875167623125656,0.5767054749638438,-0.09159526857325773,0.19750095940271586,0.9403670599351751,-0.0006907806247770391,50,334,0,0,0,0
0.09102926230753638,0.5946393954166336,0.19344904813301478,-0.29295869020617715,2.1123235454013356,0.26082138176469155,0.3996610266710938,-1.451661038331915,0.12835766761261364,0.9089834650321091,0.0030153933834935046,50,335,0,0,0,0
-0.06803821304358504,-0.8541415480934837,0.15290284287534267,-0.06128014810906901,-0.2666762103397229,0.2235300127468386,-0.015601550478719695,1.8396803107683706,0.29553416729740106,0.8996603240476553,-0.0011216066237790148,50,336,0,0,0,0
-0.3438545298205469,-0.09925840994607249,0.09446613414497133,-0.3295591802838853,-1.6804064275509134,0.2422453591345251,0.15019293140661194,-1.0032133921266198,0.06913444462333353,0.9265488811064369,0.0006614436807896366,50,337,0,0,0,0
-0.27843252779806527,2.572719527321107,0.15664330795898845,-0.04695173236104644,0.5167374093877228,0.17188782111034834,-0.42681060927629844,-1.012275664002802,0.5947459303462554,0.9224513240668215,-0.0010105329096994702,50,338,0,0,0,0
-0.4499440087249491,-2.6449125240501674,0.2992279930360985,-0.09106308233421156,1.5345095967546616,0.26040549445454353,-0.3568737376582396,0.4116054455854812,0.04028297962993705,0.9511068741325682,-0.00017127006261352673,50,339,0,0,0,0
-0.44764822560719786,-2.143683733130426,0.2843226044086729,0.6664364347170357,2.0157328364872846,0.2107103196919033,-0.7590983969233456,0.12769703569939317,0.22671039137734067,0.9113931826261762,-0.0005864052972593829,50,340,0,0,0,0
0.12608221843180267,0.8568522382992256,0.43672793242585883,0.47487272347943854,0.07927059938480419,1.3589725183642987,-0.09776803048899474,-0.12576353851705235,0.24064943908208122,0.9361311371522502,-0.0017894617423122022,50,341,0,0,0,0
0.07255353976047285,-0.06280582314308703,0.15290284287534264,-0.42635218527923335,-1.6256591676011949,0.44137479231303955,0.266227262665911,-1.03250606755749,0.1283576676126136,0.9136942461839691,-0.002652146569341693,50,342,0,0,0,0
-0.5123560184209817,-0.9753720848180762,0.2164871042429326,0.5523243911967572,-0.4217853459046985,0.30274985604168153,0.07546338557904164,-0.8747640097876523,0.25076570781924,0.9151110808374279,-0.0002735482417965556,50,343,0,0,0,0
1.3136364342219835,-1.8788519107761505,0.33588652536958713,-0.6508561033644575,-1.0658294850964571,1.353894272363577,-0.15134051629191259,0.5055278054754098,0.13418749648765615,0.9378043922938155,-0.0005118614360829803,50,344,0,0,0,0
1.3629383410890847,0.11217685415124024,1.4883697386109889,0.151466523538887,-1.7576870612149866,0.3553616112824859,-0.3096907066321064,-0.37192355566599566,0.14756170621591874,0.9539285742129942,0.0002452444851552878,50,345,0,0,0,0
-0.3778724851249464,0.08782851532867397,0.3950609643811611,0.7920887271987036,-0.03050196691542162,0.19483349140251027,0.4486401085886209,-0.821555791836369,0.34144036924960125,0.9397732644572389,-0.00030469482198460863,50,346,0,0,0,0
-0.40351401558702893,1.2992355866483543,0.25543427176734457,-0.17104229284825667,0.6872733987783644,0.2235300127468386,-0.1368553728670916,1.8170259415498364,0.2715243739745024,0.9313961921800612,-0.0003683322430163058,50,347,0,0,0,0
-0.004230246744029387,-0.9896828837333116,0.17424500952970964,0.13582297148419364,0.13744255544590978,0.13078959908351906,-0.13651141769087882,-0.6722352569001409,0.14846269489176536,0.966316989192549,-0.00012440664266746658,50,348,0,0,0,0
-0.3881865640192457,-0.5928081288208382,0.16038187148172428,0.7717684270801373,-2.4520108754753194,0.26186052759284717,0.4130900500179635,-2.711756909981073,0.2550643577951196,0.9399442510922904,-3.0626462192491903e-07,50,349,1,0,0,0
-0.07932063954688662,1.0437227948104688,0.11408246920850443,-0.5834134139790805,2.162111483968264,0.23076230264704184,0.7661192957148275,-0.545957611303379,0.2164630444965808,0.9332667488991286,0.00011735172334003835,50,350,1,0,0,0
-0.25289799592021467,-1.1601062685158894,0.22061580604045458,0.12499277749522086,-0.08815703553847776,0.23331013078462876,-0.18651566001981745,-0.8407703316319894,0.1633680835191909,0.9513557586387142,-0.00031074638993203814,50,351,1,0,0,0
-0.1852350012019066,-0.710551782957392,0.09509632436828769,-1.1977942214471922,-3.2140435481048852,0.4892767677229475,-0.7999280049604272,0.4427875981355953,0.2449429433987567,0.9350717462895993,0.0005004770994702051,50,352,1,0,0,0
0.41040043714026986,0.6104920672575105,0.2245963230726306,-0.1558600547869693,0.019255941089635797,0.18434898306082179,0.20151143794384208,0.7109199294044863,1.2818125554524127,0.9336295487744168,0.0008810433169126043,50,353,1,0,0,0
-0.6796390638467535,-0.23360098703003196,0.2784211579422985,0.05902451243169704,1.0765310241465436,0.17106195835336185,-0.2169474881299367,1.2246046884635096,0.14846269489176536,0.9376198991237001,-0.0007791093265026343,50,354,0,0,0,0
0.07767309496919506,-2.790194760645643,0.31248263958829836,0.30012092060459405,0.2360346477899533,0.26594189489919584,0.4155319650222937,0.369418114910415,0.09939497434416726,0.9551803550934583,-6.27959171904381e-05,50,355,0,0,0,0
0.48015940868829965,-0.8567878316711166,0.18429169178999386,-0.04890716510123738,0.37800645980520464,0.049697674666810306,-0.7652814105768986,-0.9768375073539337,0.20959738202223813,0.9277053686072816,-0.0005627441196606076,50,356,0,0,0,0
0.6116655458652582,-0.5402846880516474,0.11457116142412305,-0.10616187566016944,-1.257160307793825,0.11838173027794151,0.06278260090841492,-0.45724742845526567,0.08893610169680234,0.9271387339174956,-0.00032719886183874307,50,357,0,0,0,0
0.3498536232866245,0.07927145996482565,0.1241695458546101,0.016209805802262167,1.6031464970462972,0.11408246920850443,0.10265208629453237,-1.886629081992047,0.16336747242563338,0.9417709630089752,-0.0005008552283976022,50,358,0,0,0,0
0.11202712937648762,-0.1638848388120584,0.14599541810463842,0.057551776477086314,0.16885737038337112,0.09703956362357448,-0.6113866112354449,-1.2899753207795843,0.21483242559401616,0.9354779567642639,0.0015046797245031414,50,359,0,0,0,0
-1.061053419219637,-1.0540497283639416,0.3128730012168913,0.39566359267031803,-2.166818660820007,0.26618323731507854,0.954996231597697,1.198646925882973,0.3817027219062215,0.8972509200664155,0.0008041779081418615,50,360,0,0,0,0
-0.11447595641621255,2.0257929031603874,0.20634060763634537,-0.03334677944430098,0.23268251304427423,0.22491445601633414,0.10557088685024851,-0.5910246271679114,0.07249438836084549,0.9344242740710865,-0.0007056291449707569,50,361,0,0,0,0
-0.683464744732607,0.004352245033156343,0.2465680688567565,-0.4035395273173865,-0.8299806586345504,0.13867198460456656,0.01880766155380087,1.821145591695049,0.21265308673631986,0.9283664603539988,0.0003547704772368168,50,362,0,0,0,0
-0.5328373171457699,-0.08608379235150387,0.21728647081182573,0.5382318126369512,0.5165045055303388,0.12424625210786834,-0.1192938000029482,-0.710846518394713,0.13328650781180953,0.9321729378764653,0.00024102047609933446,50,363,0,0,0,0
-0.06615230793952254,0.504653043963053,0.19503076852054735,0.5095351830708399,-1.318884603342668,0.26720166425227104,-0.04171119077815,1.678790230947934,0.25443477866536074,0.9186489172019925,0.0031675657403217672,50,364,0,0,0,0
0.17133187624464963,-1.7968089563342104,0.19947524804937528,-0.7064574509764432,0.40051707909132883,0.27429362274998753,0.2557316057954342,-1.1774958773451738,0.33795035267379425,0.9186692250298867,0.001065985406357345,50,365,0,0,0,0
0.4638186215124316,0.854979007506671,0.13368463480523107,-0.1482527123395867,0.44379688796316064,0.24320717288011015,0.48059852349348287,-0.3598953430806411,0.25312869927937165,0.9081759222503035,0.002693469282428843,50,366,0,0,0,0
0.26879598112672465,-0.808395994329274,0.17188782111034834,0.2794991666323323,0.6250068946801353,0.07451036920010412,-0.3846105857169473,-0.2212877134440987,0.26207587179357034,0.929514736750484,-0.0009722766838825445,50,367,0,0,0,0
0.30706640021399334,-1.1741430928068937,0.22921371708577123,0.3667345281815626,1.5578873770755557,0.1939635888650601,-0.4395617009532655,-0.994854447724709,0.2009280767393964,0.9409220888235429,-0.0010643368634643147,50,368,0,0,0,0
0.3109319297525488,-0.7372394667389788,0.2637336630779613,0.40337015256584685,0.5451197822705289,0.15906882244975384,-0.25204789467791056,1.1047345411393845,0.10320554319798568,0.9634952467024337,-5.5380136119993195e-05,50,369,0,0,0,0
-0.6804124549143875,1.097623841257807,0.13960044995239304,0.15130390102954294,-0.026650090572919893,0.32732659446732315,0.22038938945335484,-0.3792807443352828,1.55666147305482,0.9387519387618757,-0.00011344085409065749,50,370,0,0,0,0
0.7114913190669299,-1.0885292416260484,1.4011516893133837,0.4282486621355215,0.813659308558579,0.23635078910620166,0.04123997636310772,0.3671853210519078,0.3027700132626723,0.9516037555587978,-0.0010163932180077885,50,371,0,0,0,0
0.2548063550689541,-0.37332187459113353,0.0835892081344526,-0.1469935715575561,-1.2917720396594605,0.2699008092575836,-0.47621796114581727,-1.0882135947979812,0.1502822354121186,0.9047462201075668,0.0012215398685411457,50,372,0,0,0,0
0.2758370531586847,-0.020112933483594553,0.10834918399283608,-0.528754936942728,-2.5671797418574025,1.3674146066279496,0.4824268334207842,0.3470814345772677,0.18492588013924227,0.9422021470199335,-4.2432037746091446e-05,50,373,0,0,0,0
-0.6487749365857676,0.2755977325858572,0.18914978706357766,-0.4466605620085282,0.06237752562959464,0.19920107854335145,0.3178944213324648,0.004459977214910538,0.09509632436828769,0.9435078553413544,-0.0007565004825952496,50,374,0,0,0,0
-0.22726707635204768,1.0084648312175597,0.17487342205425746,-0.033019748892784584,-1.0633089541853078,0.16399766264894977,0.20507563314801214,-1.2126176218613587,0.09016748416909177,0.9378573497662976,-0.0008992109707873783,50,375,0,0,0,0
0.3216476668035968,0.006438527430407959,0.09980727080439525,-0.8872622146279383,-1.21630998751791,0.2441173280144282,0.1443071023575282,0.388978801587621,0.1085466798574096,0.8956985141234963,0.0003251033550569558,50,376,0,0,0,0
0.36195868341052595,0.0756934285563462,0.2845157432791846,-0.17977145919559945,0.719472258018655,0.4953713530598336,0.38959216538662655,0.2568732488436556,0.36014149488355507,0.93873187778042,-0.000495181861324187,50,377,0,0,0,0
-0.5504421265023831,-0.6793575785583625,0.27516938507427136,-0.17800246222062288,0.8514846922315202,0.23157555434640087,-0.10976792307648697,-1.024944480863092,0.33529589209935234,0.9284136698933572,-0.0006734705377014307,50,378,0,0,0,0
0.6849620466434887,-1.058512740766881,0.1409836662853837,0.7663982968455576,2.3818712015321672,0.2535881786871792,0.14574463718166264,-0.20810158680573476,0.09827670299878978,0.9504044674258166,0.001852054413188456,50,379,0,0,0,0
0.12720018412089384,0.20374891400747153,0.17700361436138798,0.2251665561285794,-0.9534628231412432,0.2665714740289547,-0.25502006556290446,2.264956855408313,0.10794103562203403,0.9150378419262225,-0.0011896694298010066,50,380,0,0,0,0
-0.12262965430067396,0.2010335168266426,0.08830015457056013,-0.3023520717126553,-1.4848481906017303,0.2205444118029295,-0.48190060163589443,1.3844544299521466,0.17334402085386305,0.9551729624744998,-0.00045861405235016303,50,381,0,0,0,0
-0.6180986645654665,-0.04998024149916436,0.08358920813445259,0.44619970877742077,-0.3220696919572337,0.1502822354121186,-0.22933117612138787,-1.7726362543439214,0.19303722388365696,0.948389650423605,-0.0014278085155451827,50,382,0,0,0,0
-0.07536995329708507,1.2973434173544645,0.07754063896430427,-0.4906149403759592,-1.3260203781350022,0.25499603172371554,0.053265386714111074,-1.1847114341381362,0.21437726562330728,0.9455622787595857,0.0016009332651261538,50,383,0,0,0,0
0.3570757618819602,1.626806383480556,0.2426672823097188,0.43733024284149913,-0.4781929863629637,0.1714766912553314,0.012987168878912492,-0.7867774398222984,0.3421279563105168,0.9072587495051886,0.0011442946900502781,50,384,0,0,0,0
-0.2638496148427931,0.9062440765872974,0.2699008092575836,0.17638190713981317,-0.644413072122294,0.07451036920010412,-0.36402013788347,1.1415901909902093,0.2938146276917852,0.9247552748620851,-0.00037636872571320586,50,385,0,0,0,0
-0.14535379480193633,-0.2189077710624634,0.1147126594318208,0.6691384117087225,-1.0802567878045277,0.25977591532478467,-0.13580106172808293,-1.0676499857595196,0.3735935030765235,0.9210279158536381,-0.0005730201202056969,50,386,0,0,0,0
0.2720258091140719,-1.528597895156909,0.2554766542553476,0.1967312616782131,1.6847436810381833,0.32015573831552074,0.5872294643698188,0.427586348620947,0.24320717288011018,0.9248292393857526,0.0019599873070744755,50,387,0,0,0,0
-0.3752654536232152,-1.0614906682747032,1.579592071459385,0.07395378591178581,-0.009082297980408605,0.15906882244975384,-0.3328937862372303,0.7032009593692203,0.14756170621591874,0.9080579812968277,0.0004321990004706397,50,388,0,0,0,0
0.19932283081047775,-0.9005699915464529,0.19913214137838986,-0.38959163681063735,0.47344135032936574,0.19725900589327566,0.09154130854150733,-0.8175383422327123,0.22993745973205448,0.9264300581307814,-0.0005694622588722733,50,389,0,0,0,0
0.42567088175797707,-1.0981982729479958,0.24912875114252528,-0.5102165330805528,2.508111784072887,0.31571675693715445,0.05174884669222468,-1.2631857987424544,0.2845157432791846,0.9268308623600329,0.0008398743823002299,50,390,0,0,0,0
-0.4401384204383909,1.4301173745178009,0.13906055938200168,-0.8231805232164362,0.2273570890798844,0.18977997728689402,-0.38679933164854763,-0.4295692124525825,0.14170225436876674,0.9252488575958572,-0.0015676374247179964,50,391,0,0,0,0
0.2093601023596161,0.6778314117228206,0.19184229213266424,-0.033848432148489316,-1.3339379126938056,0.222629024070992,0.5235183230269707,1.097862525157641,0.3015230368312262,0.9347879994823478,-0.00040233421836832056,50,392,0,0,0,0
0.3190148739295351,-1.2871250715695899,0.1048331698118346,-0.27320697229568935,-0.024793660048015198,0.25802148015424353,1.1136165966017524,-1.8605491444246205,0.3199384556459898,0.9084822211417629,-0.0018218796104796711,50,393,0,0,0,0
-0.6156744988569116,0.7822059805455517,0.2164871042429326,-0.22795317492716638,-1.5357662124867044,0.24314634781037167,0.054367570223021744,0.5597115905513945,0.15290284287534264,0.9407522320974168,0.0002441917481561328,50,394,0,0,0,0
-0.4765344962634508,-0.5528955169787118,0.29966364092770387,0.4237355838283339,-1.4224160299607114,0.28662631640768577,-0.19050440990713113,0.018273664555116476,0.22969433961740332,0.9336071686247037,0.0015620076414845237,50,395,0,0,0,0
0.16607283561092867,0.7506130741250256,0.4419335882988307,0.21628910671447432,0.25673144323044994,0.18434898306082176,0.1473614165844479,1.268924290982194,0.16094195793486799,0.9369934896703417,-0.001064947685021567,50,396,0,0,0,0
0.15790083927269283,-2.840588167757322,0.32770616115942747,0.24627637947494918,-0.6817291221895987,0.10750419317386525,-0.20925689398653446,-1.0561824222672493,0.20259897594748855,0.9335309326060717,1.4612032365340998e-05,50,397,0,0,0,0
0.27509340619631306,1.5597639163282704,0.3550879807679388,0.10323084394574877,2.0334209052614183,0.26373482968317236,-0.6771827644237316,-0.19672407646377277,0.24959970573457457,0.9497272071336696,-0.000402981352796184,50,398,0,0,0,0
-0.6523162911868976,-0.2892079744591207,0.2498707611340801,0.4432184557936667,-1.0578619469087256,1.4436411338263428,0.019321374697310212,0.40202423606900073,0.16563643325664335,0.922610325326642,-0.0009210848150910135,50,399,0,0,0,0
-0.2338109137084956,-0.5712369953600431,0.12275177449134614,-0.10182502821188955,0.6617747667659124,0.07589228576498257,-0.3485587307081124,0.4049076207315334,0.13867198460456656,0.9358247095947543,0.0005988228824178774,50,400,0,0,0,0
-0.0012563048901839124,-0.49209778936913384,0.20415064013429057,0.4649954938186953,0.6469781090680264,1.2377515865520006,-0.3893197050074271,-1.4803928565165476,0.15290284287534264,0.9437928725558818,-0.0011873024439082636,50,401,0,0,0,0
0.09506186442998477,-1.17645129190553,0.2706558528369222,-0.43235631905912264,-0.00023858960766531823,0.2776662938025618,-0.10597519196510419,1.7571128775122187,0.19296035591739613,0.9152779100271193,0.0003761455206850268,50,402,0,0,0,0
0.1382041806484553,0.9201263374095472,0.11685055137877852,-0.5061397728065922,-0.9803705681013666,0.2330225082408211,0.47928436067255653,-0.42266918104517437,0.17917219702505904,0.9366355200258883,0.0008531152129043252,50,403,0,0,0,0
0.022889849288351805,0.6348856619285694,0.2526388433043542,-0.232396137938772,-0.12035705246738537,0.2549246374861904,-0.1555258725651978,-1.1629444867537186,0.27800886148207055,0.9588287498941642,0.0003798547022666874,50,404,0,0,0,0
0.49960871294783793,1.0815396429956268,0.34530786273014863,-0.22109041883614466,1.6021935005242511,0.09827670299878977,0.15131193459935854,-0.022358376698031535,0.15095960362005584,0.9496132204146196,0.0018239186858468935,50,405,0,0,0,0
0.39383148280812197,1.3719591018352943,1.303466168292835,0.2952558020149789,-1.9639310886816883,0.22457109672106776,0.1662954468234359,-0.4029460728135206,0.1433392020008985,0.9453537213935306,-0.0006501566520855435,50,406,0,0,0,0
-0.021168907519871105,-1.320917225774906,0.23163923157653662,-0.3473311754211661,1.7225080069130527,0.20497998800909753,0.12928136769883025,0.23043041527818175,0.15402618244909128,0.9542760578056527,-0.0010741461850315866,50,407,0,0,0,0
0.4958069293413869,0.6679308570158913,0.1318320857670634,0.4340841444828847,-0.7670741273538315,0.22459632307263064,-0.2640856784833252,-0.4053217386567489,0.17917384972890557,0.9330399620531249,-0.0012451410523689566,50,408,0,0,0,0
-1.2728234036835708,-1.1464116605472494,0.43343729936046765,0.2507310708522459,-0.0681666350234078,0.328993999157399,-0.023777515581812736,0.6603941854915591,0.16399766264894974,0.9121801961698752,2.589026469081632e-05,50,409,1,0,0,0
-0.20293781559204227,-0.25072965002564196,0.20259897594748855,-0.21098074193944338,-1.1744341593083352,0.139600449952393,0.5467749613614075,1.5779759862808005,0.2260541016241331,0.9483181731768717,0.0007663899165763958,50,410,1,0,0,0
-0.8174862288849365,-1.251289003171018,0.340425739408604,-0.9077011312925798,-0.4532092069024687,1.2855418141526724,0.4823769770588342,-0.004335883123285811,0.3628099476490332,0.9331093642826812,-0.00013277375157286962,50,411,1,0,0,0
0.03340833401077781,0.9498387529592591,0.23171062581406168,0.06412640596382602,-1.4557986913172307,0.19791325586294384,0.8260802790370745,1.5945519403657382,0.22491445601633414,0.9364802800128067,0.0006222156138820478,50,412,1,0,0,0
-0.10120585794301373,-0.9670008868229996,0.23947611035903996,-0.16044484304630835,-0.28271845294854003,1.3271398109163652,-0.6700617013554808,-2.518860960261546,0.24273405135014373,0.9414584339538743,-0.0014845584081218685,50,413,1,0,0,0
0.1421340323680509,-1.48400789024421,0.17577595232476848,0.3724422667299825,-0.9086640269586761,0.22539568964152373,-1.08027313345457,-3.3399971052935404,1.5925776034921233,0.9233416105303711,-0.000605673370259492,50,414,0,0,0,0
-0.05003181249782518,0.3953723434741736,0.12424625210786833,-0.5926183761839772,-0.03677305447670065,0.308991981376952,-0.16221216383243764,-1.580839421436921,0.15664330795898843,0.9574095051987946,0.0012887295673522142,50,415,0,0,0,0
0.8766172438119151,-0.3874245023662759,0.20634060763634537,0.3363076768723987,-0.16031406431873219,0.13646688644231164,0.27893833774339516,-0.6053693668880467,0.2644101018780974,0.9510213680771082,-0.000653554066701485,50,416,0,0,0,0
-0.14335994294825127,-1.9849616418877396,0.15477017247387426,0.3142528605826733,1.2269500925347003,0.3367163686649721,-0.39935986442609384,-0.15121146966820298,0.21108549885692734,0.8975487773533511,-0.000886668871200254,50,417,0,0,0,0
0.05344585621358533,0.5155438270939987,0.11116975645655713,0.39522505986758816,2.615933293560257,1.2796801637008675,-0.4155224812158034,0.7115778088614348,0.07569915836369329,0.9388124249531584,0.00038356162451081007,50,418,0,0,0,0
0.34583473470539694,-0.40891066151653277,0.15251460616146648,0.39668731013352776,0.5752411473171524,0.26276151626869376,0.020484294622295174,0.9169512036566081,1.1838007339103889,0.9536720732341563,-0.0004532789071748095,50,419,0,0,0,0
-0.16184619170089132,1.046431397006832,0.1857518896594406,0.3336773333288088,0.9562312691564081,1.343080902312696,0.27272649897395684,-0.09554765640417351,0.15283273910517003,0.9233945832181998,-0.0008635359182413519,50,420,0,0,0,0
0.2729564628091845,-0.11092203057372885,0.06438516953114748,-0.010053542137967497,0.6038676295177954,0.2526388433043542,-0.010691003852256742,1.1801963552416144,0.28937564631341894,0.955043502416477,-0.00045581397912569606,50,421,0,0,0,0
0.47192840981303785,0.12680808850190584,0.18728306855860355,0.19367074670841777,1.2022628778071685,0.34358086453410375,0.025405781747626754,1.4638836072491594,0.1606000013489168,0.9477585365252682,-0.0005467711617604673,50,422,0,0,0,0
0.6460266033622215,1.8504711711356414,1.5432130771044053,-0.5191835370306324,-0.2470634997384309,0.06631896293418733,0.4031452317460067,1.7616762345646126,0.34288351484459434,0.9463542374044088,-0.0016716663243402812,50,423,0,0,0,0
0.03318569934554905,-0.9061760904903302,0.18342051771299528,-0.6407787513534497,-2.466838930416656,0.18977997728689405,0.3168426177806243,-0.7539971658045914,1.1948955536839956,0.9470789434412841,0.001139670916296186,50,424,0,0,0,0
-0.3545871221901038,0.07308016435269771,0.22286562523624998,-0.6610290360965285,-3.682457737374863,1.346615259065758,0.20451817626725877,-1.0798011814367383,0.1776426708297426,0.8992890140920299,0.0005157651459930809,50,425,0,0,0,0
-0.10270632330739105,-0.49698131970714865,0.07547998930475461,0.47633685163598205,-1.0299012784194126,0.18728306855860355,-0.08982838865953369,-2.220909938324331,0.3888420220728384,0.9256137475518545,0.0017257669536473892,50,426,0,0,0,0
-0.4835338966759197,1.5526604768902939,0.17446229219924053,-0.18584270207027753,0.5519479394255633,0.09745186008380247,0.40038472212916165,-0.45035331431891734,1.2760478602373557,0.903403835077167,0.0016380840850225916,50,427,0,0,0,0
0.19589741808085304,-2.3190730273313056,1.488780868466006,0.39120304929326455,0.3113858359687285,0.050109971127038286,-0.6300925250032297,0.6742993529249528,1.310650574804439,0.9218261714421425,0.0006124285890965767,50,428,0,0,0,0
0.1400585228404161,0.25313739228360177,0.1887964422897659,-0.0015610151180709408,0.6614867137342975,0.1379980653414746,0.6007013847880653,0.47522639027573277,1.3559377557879162,0.933006925635674,0.0006786328214484131,50,429,0,0,0,0
0.006475637638541087,-0.6184645537451186,0.13328650781180953,0.8830297533147684,-0.856913451854667,0.21981977539335168,-1.1546693243996344,-0.6270717335067824,0.32018096466708357,0.9384454614680777,-0.0010546239697907516,50,430,0,0,0,0
-0.7130101977424079,0.3158965963764153,0.16807902995529844,0.09653233571967146,-0.6827949425674085,0.058219189956736285,1.3299858513798029,-1.759869077111925,1.322643324377758,0.9341532348172903,0.000964848764673789,50,431,0,0,0,0
0.19700040990639067,-1.1720583982551256,0.26172019619036047,-0.6975457252363801,0.7396474138391174,0.3357459335892111,-0.19664723174700693,0.643501208607228,0.11106749604261605,0.9479235766092287,0.00019465720659645556,50,432,0,0,0,0
0.4288207921267144,0.37938460576361965,0.21243519297323152,0.20590550456867884,0.3159383612967783,0.17854365950558923,-0.4418595167437349,0.7277893654451333,0.16807902995529844,0.9223231527344072,0.0002832119538892257,50,433,0,0,0,0
-0.244402997148911,1.9439617253741117,1.3978367223215395,-0.4146847819406725,0.1766302107714548,0.26103568467785987,-0.6143626810853551,-2.3982959681436924,0.4658506982529602,0.9239769855964188,0.00017177787836747938,50,434,0,0,0,0
0.6167148723418503,-1.3534327830571842,0.26650137025878207,0.16691931357734902,0.8878146498428361,0.2692706190342672,0.28948197629684547,-1.2799656838572266,0.18339493734418344,0.8980331323216352,-0.0008600836330248417,50,435,0,0,0,0
-0.01792412519819475,-0.45665337603928435,0.3026251821252612,-0.4549114522189237,-0.6067471136721316,1.343303383105238,0.6743793119249588,-1.1154015117221174,0.2049799880090975,0.9277808264866995,-0.0013299818136154969,50,436,0,0,0,0
0.1445480132804544,-0.3742728860527498,0.08573204523022107,0.024157436450040315,-1.6802183575775365,0.21444982646604338,-0.6890892631118799,-1.7529991787240649,0.2857755126322598,0.9284407415305449,0.0017573191716357404,50,437,0,0,0,0
0.07971982124150134,-0.7328356265606599,0.27277214972915753,0.046649554146728,1.8035880442005396,0.32396569607578163,0.34302762320198,0.010188431000985432,0.12282187826151879,0.9204885698841302,-0.0002713568234969874,50,438,0,0,0,0
0.550464008669822,0.20072625134563715,0.3035835089575648,0.48239978233049996,-1.9836562692340625,0.2059283111761174,-0.4536258032419438,-0.3860974593246471,0.17868515751328692,0.9761955810134211,-0.0009593691425693933,50,439,0,0,0,0
-0.7636444506426718,1.363478376947489,0.32526744503708854,0.4353741562443094,-1.979684004014815,0.16273789329587457,-0.43456352161762624,1.9434445757418501,0.2465764557210841,0.9272413613093317,0.0019993913508088447,50,440,0,0,0,0
0.13067392094804298,0.7325335754650126,0.09509632436828769,-0.17818776773872713,0.1249953001135582,0.12298970456458827,0.2890768852818564,-0.12315591512642587,0.2267103913773407,0.9284648785048971,-0.0012154119043638414,50,441,0,0,0,0
-0.447439722533697,-1.87418204912938,1.380889021863423,0.1535635209713737,0.6680765930561616,0.03860285489320319,0.39177513100351113,1.0761274276670507,0.36791027094846107,0.934016039777041,0.0002961864519411241,50,442,0,0,0,0
-0.27487897848241793,-1.1062580614031114,0.17188782111034834,0.08466505204264596,-0.4446107766543639,0.1281463482541227,0.8717839243776497,-2.334858206196998,0.2550643577951196,0.9426194061239235,-9.60869643408773e-05,50,443,0,0,0,0
-0.6559995924558093,-0.26468771700103577,0.28334999814149436,0.36561007126620204,-1.4434853066204214,0.26990080925758353,-0.6994638939946105,0.5925814620471481,0.20529812095280103,0.9293330030096705,0.00044495178265831046,50,444,0,0,0,0
-0.31744719313805625,-0.06032190265580084,0.12219168803820243,0.1427919213964346,2.5627091719158592,0.36897610906338285,0.3727278216612211,-1.7784812909972114,0.388180147666688,0.9489642583670717,-0.0013017649612165375,50,445,0,0,0,0
-0.0790726949132976,-0.17302345735364622,0.17219884168287836,0.03843856373110732,-1.303529808217812,0.24015958026125156,0.7865650047038644,-0.8172085511952298,0.2211044982560732,0.9294747749614289,-0.000173044866552565,50,446,0,0,0,0
-0.06523200858640532,0.021831720350776074,0.06008463670340587,-0.15403102311545958,0.19285267460543487,0.19344904813301478,-0.018366255916030916,0.5151356137091128,0.06438516953114748,0.9355887713178204,0.0003595614772107333,50,447,0,0,0,0
-0.13012618008136734,0.10769782607372225,0.47647876064258377,-0.491933080299499,2.27353477076033,0.20405517569100326,-0.8071629896587504,-0.5455267747632,1.2960629576909342,0.9122968230312426,0.00012228801428455403,50,448,0,0,0,0
-0.22613470449827489,0.9612394399905089,0.25125440003485866,-0.9217703831296715,0.7687321229085029,0.30469333140107246,-0.9331246383397458,-0.2246274790083067,0.2546772876864545,0.9511066635857577,-5.3248037170611076e-06,50,449,0,0,0,0
0.5133987668558442,-0.646250634838581,0.16434023032845846,0.03665387929595987,-0.7754513743955558,0.2670619439433419,0.6577752770028571,-0.23697352232225022,0.24371658925105222,0.9339451195517559,-0.0016831683557109408,50,450,0,0,0,0
-0.22340831061971667,-0.5974005253262948,1.4169714916020364,-0.35116859612307927,-1.2081488030826915,0.12517728898211156,-0.5091521706056872,-0.33101534810515787,0.09509632436828769,0.8799208534600396,-0.0003095778950416027,50,451,0,0,0,0
0.16107832760167717,-0.7918772438265185,0.14846269489176536,0.8033123617854523,0.9842848557794248,1.428914255727477,-0.16880261506012229,0.5683384401545135,0.11887032753109773,0.9379789362554452,-0.0017631772023617859,50,452,0,0,0,0
0.24123010025050995,-0.004338513491912721,0.05189323043748909,0.18390730857458948,0.11078803658621439,0.1972182167094348,0.2714871913431187,0.1582613732043603,0.20531740676455923,0.9338817245700295,-0.0021980865319349424,50,453,0,0,0,0
0.09387022401436251,0.9780437471706716,1.3670823350695476,-0.12035482421419985,-1.702531821304608,0.10978381923262487,0.1942970067705696,1.015677233465122,0.09016748416909179,0.9565272452513098,-0.0013822751941813714,50,454,0,0,0,0
0.17239590314207565,2.0236722267728746,0.25588682001352653,0.02619359995183146,-1.0160119877486853,0.15906882244975382,-0.1471907878619323,0.7075834361776048,0.3186486191627096,0.9237898592579776,0.0007211312414358591,50,455,0,0,0,0
0.03758916285480929,-0.538268366739004,0.09827670299878977,-0.43749782499199164,0.6677064704867837,0.1805582929984011,0.41431937449310485,-1.4466000139129012,0.15996981112560046,0.9208517604535086,0.0006663884667459635,50,456,0,0,0,0
0.36494833178280217,-0.5930479990396442,1.3362897387308388,-0.10709544220417477,0.5428506066778951,0.12087863900623198,0.36390734648309486,1.2531296442142699,0.1032055431979857,0.9112569233357064,0.0016671557982507218,50,457,0,0,0,0
-0.723913071044028,-1.8675132234970526,0.22286562523624998,0.4530259644395347,-0.44009233561855066,0.32277732096023154,-0.5907015131385016,-2.068458701627592,0.26373482968317236,0.9201181408356572,-0.0012962323618546823,50,458,0,0,0,0
-0.32578595166504076,0.6365678825745826,0.10257535297466933,0.40553227643067924,-0.35839515384985443,0.1744622921992405,-0.14808714514555543,0.23497918999462364,0.058219189956736285,0.920403164945649,-0.0007874889465688007,50,459,0,0,0,0
0.7761413806485287,-1.7150793310646701,0.30566547821034,-0.20731717453551468,0.25567672123267116,0.327014636752903,-0.4669847531661757,0.06672461641684446,0.13328650781180953,0.9319275807636557,0.0005812984327307927,50,460,0,0,1,0
0.500585465262084,0.7496214104729031,0.10410653187383231,0.3644102330761596,2.2651129186763654,0.34551374617697184,-0.18814555246470022,-2.9042495939160906,0.2995694774111794,0.9692703971258296,-0.0001946726340657799,50,461,0,0,0,0
0.024091381451353477,1.594466520300939,0.17917384972890557,0.4057233287074036,-1.2917722415951793,0.27703788127801404,0.7125907249605214,-0.5403694807545554,0.16807902995529847,0.9335562515767876,0.0008118719748054283,50,462,0,0,0,0
0.6409494314504229,0.3870764677142109,0.3242371056218694,0.5242124679051932,-1.288818823775391,0.13986478384644874,0.19878864169895127,0.4097252050700497,0.12424625210786833,0.9481142388512395,0.00014442731390171254,50,463,0,0,0,0
-0.06879279027105767,1.9668677196281976,0.20843989273955174,0.14278405259383753,-0.017922378765279134,0.046517305860718505,-0.34107848165219945,1.4134891078680916,0.5552151493437777,0.9327351216011638,0.00011864171147021188,50,464,0,0,0,0
0.10213364415730375,0.7348926190358949,0.12835766761261364,0.15013009504764696,-0.9850203861925646,0.22498339318129576,0.01571692050905682,-0.6294129240957185,0.19150415617388145,0.9468983075498432,0.000672601237583239,50,465,0,0,0,0
-0.03251748525590603,1.1130532619361961,0.1379980653414746,-0.1415349857362589,0.9951150540290019,0.0745103692001041,-0.8438467813865946,0.5588771304785407,0.34212795631051685,0.9414231049498827,0.000354850891791556,50,466,0,0,0,0
-0.10873928511523889,-1.715242783512152,0.1435050389108296,0.20998843065630712,-1.7824362364543438,0.32357745936190546,-0.012143604766797544,0.3780108097547332,0.19725783928806467,0.9336987471274449,0.0021305195785321306,50,467,0,0,0,0
-0.7318773672631185,-2.4253481691555168,0.2356911428462377,-0.2678542568750153,-0.8068130309185042,0.2550643577951196,-0.2094114138610781,1.5575316446378942,0.18728306855860358,0.889615972629022,-0.00016853531461054794,50,468,0,0,0,0
0.5138639355140775,0.006002816606443417,0.23540434139162852,0.016570068926626824,0.5863050299729711,0.23076230264704178,-0.12220602665472668,0.8083829068824002,0.14799045793757037,0.9397890753221501,0.00038867746939305766,50,469,1,0,0,0
-0.12198581626855365,-0.0989037953797034,0.07451036920010412,-0.30473277669639565,0.3989510134057568,0.18298264088395544,0.04248887667455836,-1.8437057763108724,0.2498707611340801,0.9491589200518681,-1.9107227239205756e-05,50,470,1,0,0,0
0.46040922769270054,-3.0468068599536196,0.5958310961351284,-0.7469960545016185,1.372575918275559,0.2049799880090975,0.5541251577132069,-1.033233962964963,1.2516601966010639,0.9034982491198026,0.0013366812592083234,50,471,1,0,0,0
-0.24459769267172415,-0.749122564918026,0.1237228669373654,-0.7925527880310002,1.1983842915040466,0.32056803477574874,0.553760567821616,0.41298431360858334,0.18021646124641402,0.9155844294500659,0.0013915256931222538,50,472,1,0,0,0
-0.4273486008680498,0.5640283717938104,0.24933615102703058,-0.12723568540863717,1.3908140456422693,0.1781146568300403,-0.6249350259750495,-1.3831143386160214,0.4189513823044592,0.9107392581337606,0.00184998675907439,50,473,1,0,0,0
0.42489624922490954,-0.6294584142009807,1.26697727059516,0.2867068914362756,-1.2725341865672757,0.33732233991105504,0.25632342490414484,0.2063343637594981,0.15657191372146334,0.9157258555330617,0.00033785846119827913,50,474,0,0,0,0
0.26507403784878836,-0.37907378704807737,0.19442119494228227,-0.07753342753183379,-2.735380848656818,0.3128013836255594,0.4529739451737518,-0.8129821245159077,0.15865652598952584,0.9351208600832734,0.0008061990668454565,50,475,0,0,0,0
-0.2394935761872432,-0.16516165442837583,0.35130513816985337,-0.3782094514301946,-0.01312365387451031,0.08830015457056013,0.6541386583162296,0.5921552457408188,0.3152268981163248,0.9200036686383346,0.00037163656608218547,50,476,0,0,0,0
0.052146471857683174,1.1197763610359637,0.21070819477718655,0.9003330759276498,1.1650542248245053,0.3007482852949006,-0.34395198865447174,-0.3616669886904349,0.36764514052278546,0.9052927800414899,-0.0008502164101084284,50,477,0,0,0,0
-0.5689024923122981,1.7951537181747241,0.12370338183736078,0.3374004750100541,0.6124606598181312,0.11408246920850444,0.14361140477880774,-0.4118575741114121,0.2827198079181781,0.9087627568934189,-0.0017872389635163485,50,478,0,0,0,0
0.02333401654663625,0.9013325714920875,0.14035347606206736,-0.8135275844247252,-0.25554060011379853,0.1905953157012182,-0.06934971349727803,-0.6459459996086778,0.1441640449158858,0.9031686906819698,-0.0021426431472616847,50,479,0,0,0,0
-0.24297773822754376,-0.1552159167294178,0.21467421897033323,0.19972905487729342,0.8692790391486493,0.2808466724330638,0.1681101291372471,-0.6177845090036129,0.22286562523624998,0.9321083644481751,0.0003961698782667466,50,480,0,0,0,0
0.5657075076454507,0.24225804087530634,0.1093715227723969,0.026442232706947344,-2.1107323767132256,1.2300242265268535,0.020028507799079165,1.1889422145689519,0.3002664892879462,0.9438702360453286,-2.884244794765773e-05,50,481,0,0,0,0
0.0802091245542389,-0.2828928477437582,0.25562561085347435,-0.168174363769654,0.2693196074783959,0.22491506710989165,-0.5082216823209897,1.775437332509095,0.2508541957634534,0.9414749422605866,-8.025776372974351e-05,50,482,0,0,0,0
0.7937861111659261,-1.4762280926015654,1.2097585232126147,-0.06253370809155534,0.7806405572209059,0.10320554319798568,0.03197315967649583,0.6772797595052245,0.15402618244909128,0.9402577610024535,-0.0008044885246230378,50,483,0,0,0,0
0.26221638445131124,-0.9206200020180866,0.22221531101102163,0.26241253304066703,-0.4560783201652434,0.13758576888124663,0.15762355333856348,0.9584963214597648,0.09126583896914722,0.9429094200539976,-0.0002799750409176218,50,484,0,0,0,0
-0.12203522963441404,0.6975241043790614,0.10108624307474574,0.3011618192782066,0.6957462639915022,0.1477795999790071,0.09657404237534006,-1.0187203325820393,0.21687417435159775,0.9266331303490094,-0.0017101831793798206,50,485,0,0,0,0
-0.4582466015910871,0.3493219745609988,0.18006216575334155,-0.2185343332103704,-0.6988771086755481,0.2808466724330639,-0.27074298286483334,-0.32495939241803207,0.1695334520000446,0.9429686217289796,-0.00043735521906520565,50,486,0,0,0,0
0.3529811087064596,-1.5893572456406142,0.174875199753026,0.8688298986268688,0.08611151467443712,0.29624353479512855,-0.27547205422436427,-2.2357972326378164,0.3195969423297295,0.9604098080424117,0.0005282977962595548,50,487,0,0,0,0
-0.4581449898101724,-0.35528479698169413,0.3979918466558424,0.4490200962556825,0.39703225220477023,0.17521715633897722,0.13453875368800983,1.3917474988109255,0.1759296439389338,0.9553136089157657,0.0005979162959344565,50,488,0,0,0,0
-0.7641724191297667,0.9127121863884025,0.3378526577660147,-0.6882654341484278,-0.9545179932768146,2.6664395575534128,0.4555309171987405,-0.8370765123891815,0.19725900589327572,0.9325838013896438,-0.0014774461625646162,50,489,0,0,0,0
0.11811945884558739,-1.5069694509144256,0.30872001631921075,-0.4121717566182381,-1.220629951687461,0.27461236678724865,-0.05550843587483367,-0.12924445760889824,0.10257535297466933,0.9426746202091033,0.0003785909415067148,50,490,0,0,0,0
-0.29390749802710836,0.5530994108097342,0.2661591775687267,-0.41917709624816535,-1.0877922882135103,0.3894682064511997,-0.577525121420277,1.3579495682772604,0.2908290267478761,0.9302522384544116,0.0002144453958157529,50,491,0,0,0,0
-0.09960252226876509,0.9420613990541788,0.1656497964618888,-0.04825339447299459,-0.39815606655828173,0.265978025454226,0.07768681322583149,2.265275881998674,1.2780720903687668,0.953526296712582,-0.00017951111050731715,50,492,0,0,0,0
0.9628699613026601,-0.8843094050992759,0.2703119391126005,-0.025225059281560824,0.5766940265764209,0.2833499981414944,0.24819911330969635,-0.5052739585619292,0.10450037121494472,0.944843084723571,0.0009720089099365177,50,493,0,0,0,0
0.27726343911995155,-0.4629183135362629,0.09392345149613783,-0.79525557423261,0.5192469778972804,0.2164871042429326,-0.6062264457554543,-1.2639946286123296,0.3348432331798579,0.9314315018652904,-0.0010881653977197947,50,494,0,0,0,0
-0.300849453491443,-0.9098862810688653,0.33547493722433347,0.11276706427864092,0.5058510432994474,0.10978381923262485,-0.34140105188236536,-2.1303531500986006,0.22369557050088812,0.9480625526543734,-0.000835377266064886,50,495,0,1,0,0
0.18450793287726786,0.08665011214377838,0.21437726562330725,0.5098215342521764,1.2504275460214753,0.12275177449134615,-0.1314274576336505,-1.308967374933622,0.15380383155118926,0.9426859329948623,-0.0019272461890896433,50,496,0,0,0,0
-0.06883753681716076,-0.6891378921032434,0.30401341602503507,0.22095062694765844,-0.4942404961876363,0.28187035728283355,-0.2236668415230847,0.9605910116779395,2.5741583026306247,0.9495860715376062,-0.0003564752412099895,50,497,0,0,0,0
-0.0941632878327896,0.5730623810041484,0.12898785783592998,-0.1655022683802514,-1.9198258042002676,0.08400150459468056,0.24923291106464251,-0.29898776040345076,0.0891440265794,0.9225511342330728,-0.000738465211058349,50,498,0,0,0,0
-0.006931959203583027,-0.08547171338513948,0.15290284287534264,-0.4358780932045896,-0.7654773341014574,1.1980759323144978,0.4173625349185137,0.5077774878638825,1.3612726867998903,0.9130748174238944,-0.0012694370612243689,50,499,0,0,0,0
-1.0826135224157376,-1.720921937604234,0.2546772876864545,0.20384326632007355,0.3363211458522599,0.1502822354121186,0.5394301674112914,0.9635167162169189,0.3042034725802428,0.9380006072202219,-0.0006321377002422072,50,500,0,0,0,0
-0.5027393502311535,0.7996855279815636,0.17521715633897722,-0.027541264570809965,0.30761316387393123,0.24998436938139917,0.06673370414616464,0.09594553275626527,0.3091323127794387,0.9348678436998796,-7.466764496603489e-05,50,501,0,0,0,0
0.2288849231024832,0.3891416350913275,0.09446613414497135,1.0727433247594238,-1.0739049638898486,0.3053918476957929,0.48424212588179216,-0.8151195041120296,1.2368963059813363,0.9292428820814734,-0.0006373272562991859,50,502,0,0,0,0
0.48941981585795613,1.1427771256451358,0.1048331698118346,0.19751155841015766,-0.7068031629098828,0.058219189956736285,-0.5073187117158042,0.19084089093786538,0.2726015081440142,0.9229893367995163,0.0011030193326949816,50,503,0,0,0,0
-0.04214642720593709,-0.1742918256436461,0.09392345149613783,-0.3893107534208671,-0.8258039533758854,0.13086099332104414,-0.2529494804916279,0.582153911118354,0.1254932285393143,0.9483857214494806,5.714447912034232e-05,50,504,0,0,0,0
0.18357480672078808,1.5730373803872943,0.2506967706542785,-0.055747369882440445,-1.7954364399877294,1.2238582469524424,0.11473604436623752,0.01355780777485549,0.09509632436828767,0.9636194427764581,-0.0006258782453687756,50,505,0,0,0,0
-0.027668613918016227,0.7496118289138742,0.21736403317242742,-0.02238817412736438,-0.739176980420849,0.10619114414189479,0.5364707606639652,-1.4163292782542953,0.2592946816995951,0.9267506016217633,0.0011669517147232676,50,506,0,0,0,0
-0.10414587685969678,-1.8258017668180555,0.20432597414353348,0.017920939410240422,2.2956716968082542,0.30850212255612236,0.04619075818184548,-0.9671160812310333,0.128575561375702,0.9291000011049371,0.0004872245619577142,50,507,0,0,0,0
0.15235749357676465,0.3176593663402958,0.1824256225969327,-0.21485063041298513,2.197982746826309,0.12372126593891761,-0.32257570969367766,0.8712295232714631,0.0844901968102992,0.9395536696319253,-0.0012505868583608563,50,508,0,0,0,0
0.02253867625819872,1.0061796483688905,0.10660344060212279,-0.5596403105327958,-0.24697484411057768,0.2637336630779613,-0.2915718675818342,-0.6599177754068348,0.23413614030482707,0.9258255978013339,-0.00025472584359225716,50,509,0,0,0,0
-0.2839800844118052,-2.3634987101439826,0.400759317732559,0.11782697583390789,0.08211188649236689,0.0643851695311475,-0.15046222435333512,0.08498452542012824,0.10486423583173787,0.9138540343337848,-0.0013150990889654241,50,510,0,0,0,0
0.4894961738712267,-1.0555278628647784,0.27468069285865265,-0.1755280851285006,0.22985850881841863,0.5035519661270565,0.38425116857841957,-0.004400008486074469,0.17424500952970964,0.9169018797241786,0.00017052631016564499,50,511,0,0,0,0
0.5326860956680148,0.5505267091110202,1.2812524689992693,-0.31511153865542774,2.2799498861293337,0.1776426708297426,0.07680883361886082,1.4733442764587554,0.11176802853447133,0.93671954206358,0.000131428059930229,50,512,0,0,0,0
-0.6352915021911771,-1.1678872160341083,0.4206575788887276,0.17715121407253775,-1.1005854048336516,0.19296035591739613,0.24722134716328092,0.5149779468680773,0.14756170621591874,0.9388333199648328,-4.776844802348523e-06,50,513,0,0,0,0
-0.04480795426440576,-0.6524362239478272,1.552363004918879,-0.28396789437125314,0.3692152719332622,0.2550643577951196,-0.7235463976186942,0.1106372265993425,0.14860419289946308,0.9404085010015767,-0.0005798307772475537,50,514,0,0,0,0
0.09679839325106343,1.848547805830533,1.33056153196275,0.0843393613650818,-2.192944883949515,0.1713358043411912,0.029524515842598298,0.451533466681596,0.14404790918133717,0.9557838276063362,-0.0014356300028919404,50,515,0,0,0,0
-0.15632702019738165,0.3432515698920042,1.5093422312122764,0.02280965728975115,-2.018097868583345,0.22325921429430834,-0.2520939073822124,-1.7765851830436974,0.27087073509839177,0.9487365461708767,-0.000572514900748694,50,516,0,0,0,0
-0.1445125800866247,-1.5691285164479005,0.4272601013504046,-0.35724246165414986,-0.4298866512009294,0.16137530508873135,0.12624349262312684,0.45835730015557097,0.10287608977669928,0.9309323697857237,-0.0007911583232181356,50,517,0,0,0,0
0.550899585297203,-1.3590656022468597,0.10750419317386525,0.6019534502203117,1.2046241432770497,0.13283594202920745,0.3754373409276299,-0.19300745603629998,0.2235637224303243,0.9453691581705531,-0.0001848343407765901,50,518,0,0,0,0
0.31173737547422853,-0.6602752876045646,0.14139572664150757,-0.19091823601666125,0.6701603582051199,0.13695557865793026,0.408245824690459,1.28141644546238,0.19102292254869185,0.9328652812778173,0.0003600059834121499,50,519,0,0,0,0
0.04899370786208124,0.42475223939908524,0.19920107854335145,0.40511261545836863,0.6197752440867994,0.15657191372146334,0.1549844304994057,1.2713546155672066,0.1905348414266307,0.9425813950849744,-1.2519846244245605e-05,50,520,0,0,0,0
-0.5237124834722584,-1.5150140356938664,1.2405653768274567,0.675502630017716,1.4940630196278857,0.29318621516723736,-0.050594889682813005,-2.135411435041206,0.5100588479241708,0.963674252062965,-0.0006274998033475786,50,521,0,0,0,0
-0.06867318744287054,1.8173972604130961,0.3144114604233767,0.18849732307430855,-2.629419962353662,0.4026891320024655,0.5553948254680385,-1.3462644437548494,1.3706699644140998,0.921146480103398,-0.0003037390278501708,50,522,0,0,0,0
-0.06310585506637434,0.825378845303419,0.33979662393578336,0.5806325392177571,-1.0368078899776165,0.31897903909212466,-0.977415656685702,-1.7880264961293282,0.2833499981414945,0.9273217400578646,-0.0018059287271656496,50,523,0,0,0,0
0.23733690739304691,3.017611253729302,0.4666621582601542,-0.4020114423953567,-0.31587511623202325,0.1887964422897659,-0.3241677303339596,-0.4494323829354743,0.19012254496640274,0.97509744191051,0.0004686611917191716,50,524,0,0,0,0
-0.394278203129657,1.804096072833115,0.3807293276635742,-0.4731328343893315,0.6899374943919305,0.11838173027794151,0.18657782513810695,0.021440761375400186,0.12463482688530343,0.9388562942879417,-0.0014444847812747528,50,525,0,0,0,0
-0.11246707202929329,0.4173443650641353,0.18298380748916648,0.2959310409278988,0.4832996801087326,0.3286071498352741,-0.448143022007379,1.0806130198313966,0.14438132758541666,0.9470667862520966,-0.0006533684174611716,50,526,0,0,0,0
0.21623434808560837,-2.2358632280148996,0.17334402085386305,-0.605209588708651,1.1362077978515668,0.2565955366942826,-0.022622284066065923,1.8497283612381477,0.29755625938064206,0.9440556170552615,-0.00020189954328018404,50,527,0,0,0,0
0.05660521253213879,-0.39839008643891205,0.04200075229734029,-0.6792805578892791,-0.02738462381470086,0.3115578272702041,-0.6841339531469286,0.5762165743827641,0.2931862151672374,0.9422050524565254,0.0007497719309448116,50,528,0,0,0,0
0.17340661055698448,-2.8335674068277097,0.35740005566458616,0.6404598313788901,0.3269652779895118,0.46218162740683943,0.6872707041981823,-0.731473713903882,0.4229726698101769,0.9542381280253949,8.864672415301895e-05,50,529,1,0,0,0
-0.015500777379966024,-1.9847316343142092,0.311418106961275,0.21009655200244381,-2.072913518905234,0.32437682593079864,0.20790647399095352,-0.7633924969038066,0.11471265943182078,0.9046902066312255,-0.0002175944531078667,50,530,1,0,0,0
-0.3354050631618888,0.15821900747789464,0.3242371056218694,-0.5261565617554922,0.5056520637179798,1.3535211488080694,0.33229183264667217,-1.950045268633171,0.24717303272850996,0.9387512378406945,-0.0007093954214590036,50,531,1,0,0,0
0.3056870096228881,1.048782650790022,0.15028223541211863,0.4634053866617345,0.5207439082398047,0.24695409961719902,0.34889767641409986,-0.07977665457782201,0.13118111083050507,0.9610694584989329,0.0012955784301562315,50,532,1,0,0,0
0.05223753008842369,1.1781269098671059,0.15028223541211863,0.9914573199160648,-0.9466873794923405,0.30947321500214153,-0.4307302052302555,-1.7708494125590075,0.12476499252188357,0.9688807033207404,-0.0006052645258289511,50,533,1,0,0,0
-0.37292585353785057,-0.15838073958333254,0.2592946816995951,-0.09794643575663997,-0.9873392033788191,0.23501576661419338,0.3889094431752058,-0.39050830467636555,0.2085951196631185,0.9374437633844704,0.0010944092381180274,50,534,0,0,0,0
0.49760501995064743,1.261049631010799,0.32770616115942747,0.15065876873189143,2.027823579622048,0.17147669125533138,0.4754889967769351,0.09575100065883912,0.28604692217834754,0.9527907774698552,0.0006776770523030057,50,535,0,0,0,0
-0.5060713290562209,-0.019111470571344213,0.28640570285557615,-0.49552035507117775,-1.5566437810916884,0.20099947097692147,-0.17818225168883028,0.1869303312840005,0.24758532918873796,0.9438646893868061,-0.0011812645370265394,50,536,0,0,0,0
-0.041265804653772165,0.44052322750888706,0.1867242725728123,0.23731318751178154,-0.6567719988646932,0.14229671531735416,-0.10106446098258104,0.11363228440888573,0.3009786534486527,0.9201529803798661,-0.000818987074541648,50,537,0,0,0,0
-1.0995533506932715,-0.42843295585028685,1.322643324377758,-0.5504926828945012,-1.0301788248493349,0.5585882926072221,0.08610525878147435,0.5245903678916788,0.05470871212663528,0.9482605165927817,-0.0012458571867533129,50,538,0,0,0,0
1.2178703785707707,-2.3491207247198442,1.5119836761212135,-0.05172508643892737,1.04571891327309,0.18832377754337934,-0.7670861991644768,-0.0951434991266451,0.29240316521748305,0.945394255550764,0.0008299737475610853,50,539,0,0,0,0
-0.3430663383256487,-0.6700399294736012,0.14229671531735416,0.4193513167495686,-0.8459654132822232,0.40952348092626606,-0.48640475765375424,0.2524767017274838,0.20959738202223815,0.9360997269854507,-0.00043225606580422964,50,540,0,0,0,0
0.13616542844060842,-2.6791321548060534,0.30906091854191364,0.4488187510793864,-2.3770071718441788,0.22061580604045458,0.23105436818013558,-1.5224988718567358,0.2063406076363454,0.9332088326275961,-0.0006510552695512141,50,541,0,0,1,0
0.340298402700836,2.852716640239427,0.1706094101071798,0.3052837306553142,-0.5087212863920767,0.16150391144223555,-0.3367055929794347,0.7439854514703468,0.1833263751686752,0.9437764895788345,0.0002473631792841976,50,542,0,0,0,0
0.21582438155154993,1.395295145354531,0.15657191372146334,-0.28579226437863525,0.5499869121737468,0.20835382566688282,0.18603881452524096,0.07857710414495056,0.2407891593910104,0.9460258124642649,0.0011350050523713402,50,543,0,0,0,0
-0.021797937350995333,-1.1938236580410635,0.20876495552189975,-0.12798728632857603,0.9465732735580863,0.24689437304859016,-0.11921427138140572,0.017569573238726655,0.3248551485768605,0.9298484947129522,0.0004054691272114014,50,544,0,0,0,0
0.2503454154446514,0.24114427907407077,0.09468402790805971,0.33284516590513924,-1.0473908503418752,0.19344904813301475,0.17460452854006192,0.22234623849555746,0.13945248738622076,0.9163930381272135,-0.001234080556092614,50,545,0,0,0,0
0.22968853091384123,-1.631860175611087,0.21158085372090554,0.03363747051284083,1.8757097344022746,1.313523452764015,0.36076736231812845,0.4086352488510254,0.2715000514191322,0.9442511126361438,8.558241574717185e-05,50,546,0,0,0,0
-0.479729706067455,-0.38553332869621393,0.14180802310173551,-0.45771064539194395,2.015892150873304,1.4609134693491288,-0.291480710409842,0.18192991038067063,0.22796899412520485,0.9475511959047589,-0.0008749630890002407,50,547,0,0,0,0
-0.19079382171406412,0.18802240620929034,0.03860285489320319,-0.7680141365439139,-2.2974527993656917,0.3851244429526063,-0.02722392807794005,-0.7495533582659908,0.17917384972890557,0.901614160373207,0.0014086446469902766,50,548,0,0,0,0
-0.13798925199948453,0.7289078781805785,0.08573204523022104,0.288387520290585,0.7551295747827655,0.21900658676523527,0.10308344055218122,0.6419291000511818,0.26990080925758353,0.947083947366934,0.0004602982958745253,50,549,0,0,0,0
-0.4047000120850921,0.7474746097919951,0.18863823566608293,0.3201876900145537,-1.9405287408073564,1.3690704594435328,-0.28432282396358577,-0.942211748435005,0.1326569286820507,0.9332931275193481,-0.0012285757102992513,50,550,0,0,0,0
0.24132181767779937,-1.464342668007573,0.2827198079181781,0.17643789534866894,-0.63637294131847,0.21944864544048992,-0.12173050229972038,0.1339628431805444,0.10257535297466934,0.938552214249754,0.00042708432019184807,50,551,0,0,0,0
0.1799751252503894,-1.8733099349092326,0.26123033736953083,-0.35729362335472814,-1.2014909615497658,0.1894923547430864,-0.3919579732949554,0.24943297029458922,1.3220989409951842,0.9247136654692099,-4.669625615424581e-05,50,552,0,0,0,0
0.0011233419449920845,0.17761255820289712,0.17522911144707853,-0.004539409306233644,-0.5911629340325204,0.3611380636756685,1.3222880090793812,-0.2623475981271213,1.4923794883260058,0.9333388675768787,0.0005475830099935478,50,553,0,0,0,0
0.05439207410731495,-0.8955560839604235,0.31585708833964116,0.6874782122772958,-1.1682413838664347,0.3583699815053944,0.6981256991802756,-0.6590032787781883,0.10054635250435441,0.9361189342630688,0.0009617574515952594,50,554,0,0,0,0
0.36491944485308814,-1.4515714824153285,0.23114937275570696,-0.22749107732359874,-0.18769946065637022,0.2702405448750754,0.2565765036484384,1.5082096324206287,0.29478572013780446,0.9383049544337208,0.0008343720988556783,50,555,0,0,0,0
0.05340117085478813,0.9607535868017827,0.14479362404564466,-0.6741533504882202,3.1418829510370436,0.4260111724157269,-0.17209660322587528,-1.7576073755427108,0.19070478960498832,0.9547530946078985,0.0009737620030353438,50,556,0,0,0,0
-0.461895565736655,0.07037583947334625,0.23261137838580415,0.28123377626009294,-0.7214893073144415,0.2603353906843709,-0.40593248887498046,-0.715767204128106,0.19109185971365344,0.9253440210615155,-0.001211609221265202,50,557,0,0,0,0
0.15008468786554552,1.1031333730380188,0.25452392375595567,0.3020486760323262,-0.22366849804020017,0.1224095818012908,0.21801557940607896,0.5767423965816967,0.1948334914025103,0.948263143278232,0.0006023299774760137,50,558,0,0,0,0
-0.3263316192921737,0.6409356057968756,0.13328650781180953,-0.7117424639853498,-0.26138979924577477,1.27875319292334,-0.007574254735098762,1.325792115839553,0.17188782111034837,0.9031631690754764,-0.0018148308635613395,50,559,0,0,0,0
-0.17719907642534327,-1.975869962227537,1.2774425112390082,-1.164359442864484,-0.8845221081574701,1.516708186425389,-0.45771282052460904,-0.20036639510860432,0.2759592784220963,0.9186002294106597,0.0012039139626176787,50,560,0,0,0,0
-0.1373593755323661,1.1118404617822035,0.2809112820191554,-0.004484067993550056,-0.8233683483285619,0.3674979744882331,0.07057817460612448,-1.0115178371373093,0.21306538319654783,0.9555206524031503,-0.0004390030479599244,50,561,0,0,0,0
-0.19427517280717055,0.5324876088770001,0.058219189956736285,0.782631566187515,1.1751395837460272,0.2981855063525541,-0.3770393987138325,-1.0851379751111532,0.16676574481922385,0.9651033934834836,0.001317585618657766,50,562,0,0,0,0
0.020138481969365074,-0.7648562418439413,0.26549920914738784,0.7294312260012363,-0.44062504644956313,0.19269653843602028,0.008765355208359082,-0.8050630950147317,0.15470591984711898,0.9451018677778137,-0.001744725594638626,50,563,0,0,0,0
0.7300485933363756,-1.3856383356927626,0.2845157432791846,0.22886756635460515,1.1844023671380786,0.10257535297466934,0.24190431860259842,0.8012704595172444,0.19150415617388145,0.9526874632105924,-0.0009413314035656727,50,564,0,0,0,0
-0.38326410302953207,-0.22851270885928798,0.19053484142663074,0.39926155529068463,-0.620478623116612,0.28133536464868253,0.1354387670083277,-0.6416517273319062,0.2857755126322598,0.9090513816441051,0.0014188206727321928,50,565,0,0,0,0
-0.058275119743398385,-1.8834491922737469,0.14479362404564466,0.6482132304664523,0.4201654133557611,0.17827286105305895,-0.6362088184607657,0.2976387822480513,0.45645111388409515,0.9377618051044548,-0.00010150349398923318,50,566,0,1,0,0
0.008248366272011864,2.601802768980611,0.3502607626756964,-0.5533946853682066,-0.3407640265478449,0.12517728898211156,-0.005974091375780866,0.5205603413761839,0.04476883446761439,0.9672272976805467,0.0018031968064732922,50,567,0,0,0,0
0.2624832296200532,2.3484121228795862,0.2729900829214493,0.2261931917300979,-1.4873497569901568,0.32957824228129334,-0.17977997728251793,1.3838279777882834,0.3439248349229276,0.9296795690271906,-0.001884243434742576,50,568,0,0,0,0
0.41264425723541365,0.9309804577156795,0.2674039005292931,0.04623632063679839,-0.3758594795526715,0.20197056342294076,-0.12452697763405762,0.5048636161488282,0.09322291900428256,0.9514778078518141,-0.0002716628943878745,50,569,0,0,0,0
-0.5315903143041236,0.6571882906415905,0.1147126594318208,-0.4248943043233826,1.344440142523771,0.2224647010032233,0.21045421027595168,0.6877949518034168,0.12177939157797446,0.9281248397153047,5.741672250148859e-05,50,570,0,0,0,0
0.1935894649109242,2.1178017672597242,0.3518778626701777,0.0023351586312490014,-0.06248242188335418,0.2426672823097188,-0.2182668843986848,0.2932397172597394,0.10553370230368989,0.9134731127248217,0.0017572309372744762,50,571,0,0,0,0
-0.3497826453497952,-1.186768858910388,0.2346311029673688,-0.46723918590163915,0.363924713805881,0.160941957934868,0.7703472936290838,-1.815706889379416,0.2508432701798417,0.9176642917628353,-0.0017495105682345427,50,572,0,0,0,0
0.041979736324051053,-2.622913070417906,0.3779643817372924,-0.21207210111980057,-0.15609897884323942,0.12794537115238563,0.7918819377660018,0.7553757538187718,0.20898401589019916,0.9381774498376718,-0.001784957980728483,50,573,0,0,0,0
-0.28672004873600887,1.2203718872686302,0.18616418611966862,0.33471105759679,-0.5142165430060501,0.18683936225463058,-0.15818206203163054,-1.753500486384084,0.2856357923233307,0.9498086174724084,-0.0007213294057881279,50,574,0,0,0,0
0.2628012743827197,-1.3130780557422526,0.11176802853447133,0.0028171246594101973,-0.6387081540551547,0.29902606622569955,-0.11089501996461593,-0.23120411979306787,0.20529812095280103,0.944108249907012,-0.00067807860263403,50,575,0,0,0,0
0.11706656873204402,0.08057225080053598,0.13078959908351906,0.043750782121603216,-1.5103738948960501,0.11408246920850443,0.10650056041432343,-0.06584043678472007,0.24453079107986725,0.9546078451702504,-0.0010824401337185291,50,576,0,0,0,0
0.24204485031286893,0.20211824812439794,0.11789303806232286,0.13838468877047383,0.45869858485163917,0.12463482688530343,-0.36682616677519064,-0.811851863204927,0.058219189956736285,0.9270288853008821,0.0021618850523129666,50,577,0,0,0,0
0.14611839962920659,-0.6674034492591181,0.14943484170103288,-0.06021806885906056,-1.2943970051795741,0.254995420630158,-0.43960375378700167,0.45622970183653067,0.05470871212663528,0.9186776593722894,-5.20351908362056e-06,50,578,0,0,0,0
-0.03730281559545645,0.7377125779602576,0.11408246920850443,0.1826221569553681,1.635935388091104,0.16094195793486799,-0.009128371224210952,-0.38727499355227213,0.39320983814005656,0.9315356831229379,-0.0012307407003905367,50,579,1,0,0,0
-0.3435993261878316,0.4348979382620488,0.1759296439389338,-0.6145243838576944,-0.0932598889273315,0.3005900786712176,-0.2009585554126403,-0.9351722742906743,0.34974684410851486,0.9173446328943413,0.0006733433469853868,50,580,1,0,0,0
-0.21228352116057625,0.12660273026379976,0.1179694338177135,-0.2636129594704659,1.040508495184925,0.22013211534270152,-0.2710532841581932,-0.6339743672493894,0.050109971127038286,0.9347839222355582,0.0004871743747712111,50,581,1,0,0,0
0.2342912389157572,-1.135776976145503,0.26844460951406884,0.7090499762912028,-0.28722322628037755,0.24758532918873796,0.554945319895487,1.1201055572087766,0.12335740132212447,0.9354392006928569,0.0009083467167804778,50,582,1,0,0,0
-0.18458845309586813,1.1021268996885958,0.2235637224303243,-0.394463243656916,-1.1410151135964508,1.4002643617270218,0.004272562599336283,-1.734853334482696,0.11408246920850443,0.9222293851167658,0.002010134389983611,50,583,1,0,0,0
0.07804977694463133,-1.440276168627694,0.2361034393064657,-0.2515755194057343,-1.0320977294256855,0.22588554846235337,-0.4935288876663755,0.8334110795603733,0.31150428979909656,0.9262708680498984,-0.00018300678041375086,50,584,0,0,0,0
0.13443536742771034,-0.5725258904051982,0.24550071692067546,-0.2428080016002161,-0.5243332551662725,0.21306538319654783,0.3358763355152421,1.4929470529127142,0.24289960910419325,0.8949944331940803,-0.001325730391324137,50,585,0,0,0,0
0.3103464155637834,-1.3887768812295693,0.2797034637659973,0.44345492008847387,-0.7761003708862795,0.23032452984071966,-0.08170578219644486,-1.9076162168090622,0.2853632161720318,0.9357305815548752,0.0018873097142902606,50,586,0,0,0,0
0.37193100094841736,-0.34069655545019906,0.06972630619057138,-0.4070288724007929,-0.37697255734153057,0.34890609288324853,-0.021075405173772488,1.3257065214552872,0.3735221088389984,0.9060589936064537,0.0006940254806099207,50,587,0,0,0,0
-0.26954781141463346,0.008796198587980086,0.1246348268853034,0.20662221927259505,0.33038316692090675,0.38779730724310757,-0.20131844250968545,1.5218205568466718,0.26706016624457335,0.929969677764014,-0.002093081798503458,50,588,0,0,0,0
0.7246871437869284,0.5149789083254195,1.4862839597377155,-0.3811325792107505,2.4825003465166526,0.15402618244909128,0.287072224443353,0.3933629412688493,0.28904481325782927,0.941959565830914,0.00019561849175534721,50,589,0,0,0,0
-0.1593939734237546,-0.1639781307976973,0.3193676138695598,-0.137320034068237,0.0375198269961885,0.28905751336971536,-0.7052337161276236,0.00028064240039604726,0.26186052759284717,0.9088739239130342,0.002052213621670919,50,590,0,0,0,0
-0.3617946890902006,1.139410297496986,0.10978381923262487,0.07991978038200465,0.16360877093360315,0.12517728898211153,-0.3157342016971283,-0.23793440638506702,0.25318842584798046,0.9017144205286708,0.0006184227056690816,50,591,0,0,0,0
0.1709385994072372,0.09311309114143462,0.16470796790881684,0.08698535654717165,-0.9288508478835151,0.3154694071374185,0.8705201000538114,0.2650875564364572,0.31920987222106434,0.926036761273275,0.0008431751813477873,50,592,0,0,0,0
0.12200575767259192,1.6790254668946218,0.5736707548338109,-0.24140423437285907,-1.789394552599294,0.24591442998064583,0.462639120394738,0.47841425889982325,1.2238582469524424,0.912975618966607,-0.0013004924848847097,50,593,0,0,0,0
